age,emp_exp_years,annual_income,additional_income,loan_amount,loan_term_months,existing_debt,monthly_emi,credit_score,previous_defaults,emp_type_salaried,emp_type_self,loan_purpose_education,loan_purpose_home,loan_purpose_other,loan_purpose_personal,loan_purpose_vehicle,repayment_status,defaulted_within_12_months
1.3575002439597543,0.3589183068177902,-0.169605584,0.11016197689424623,1.5805555861882343,0.8099713668080862,0.27214750089212725,-0.164697119,-1.565331623,-0.704280464,1,0,0,0,0,0,0,0,1
1.2070680360741433,-0.09598449,0.9822077560498829,1.1125703480370932,-1.758999243,1.8461820706137402,0.016709124983730245,-0.921893446,-0.102893003,-0.704280464,1,0,0,0,0,1,0,0,1
-1.19984729,-1.096770644,0.5828944956464188,-0.692234823,1.2169347711737513,-0.571642905,-1.077292167,0.3547437534959255,1.4349888795560468,-0.704280464,1,0,0,1,0,0,0,3,0
-1.275063394,-0.732848406,-0.516566623,-0.692234823,-1.563042488,0.8099713668080862,-1.077292167,-1.088541436,-1.280968558,2.1298461519384597,1,0,0,0,0,1,0,0,1
-0.372470147,-0.18696505,-0.712030012,0.7207087230766746,1.548045422,-0.571642905,-1.077292167,0.5170463941887408,-1.327395181,0.7127828439288392,1,0,0,0,1,0,0,1,1
-0.898982874,-0.823828965,-0.336325652,-0.692234823,-1.512647872,-0.917046473,-1.077292167,-0.90035728,0.6283263072331183,-0.704280464,1,0,0,1,0,0,0,2,0
1.0566358281885322,0.6318599850062238,-0.382420642,-0.692234823,0.18001912179340374,0.8099713668080862,-0.610753759,-0.631269565,-0.288599494,0.7127828439288392,0,1,0,0,0,0,1,1,1
0.37969089270328243,-0.09598449,0.60279529,0.31462429489983645,0.7475457324351092,-0.226239337,-1.077292167,-0.193742355,-1.101065395,-0.704280464,0,1,0,1,0,0,0,1,1
1.2070680360741433,0.995782223,1.3023031155265987,-0.692234823,0.9652967119830916,1.8461820706137402,-0.689190721,-0.659114111,1.4349888795560468,-0.704280464,1,0,0,1,0,0,0,3,0
-0.071605731,-0.005003931,-0.741686993,-0.692234823,-0.478936312,0.11916423093765023,-0.714654323,-0.674723067,0.018976882097093247,0.7127828439288392,1,0,0,0,0,1,0,1,0
-0.974198978,-1.005790084,-1.781093473,-0.692234823,0.6432993622035277,-1.262450041,-1.077292167,2.5186709642642366,0.071206833,-0.704280464,1,0,0,1,0,0,0,1,1
-1.275063394,-0.550887287,-1.328352358,-0.692234823,0.8630485912241991,1.8461820706137402,0.43903744599688826,-0.45387255,1.5104321417157451,-0.704280464,1,0,0,0,0,1,0,3,0
1.2070680360741433,-0.005003931,-0.458111282,-0.692234823,0.1967630742714535,0.8099713668080862,1.7661871409978318,-0.163687016,1.3189223223872801,-0.704280464,1,0,0,0,1,0,0,3,0
-0.598118459,-1.187751203,-0.267071515,-0.692234823,-1.755550421,-1.262450041,-0.331423682,-0.863326511,-1.350608492,2.1298461519384597,1,0,0,0,1,0,0,0,1
0.755771412,1.6326461383638138,-0.371799546,-0.692234823,1.0540786271694926,0.11916423093765023,0.4318162464490861,-1.22E-05,0.6631462743837483,-0.704280464,1,0,0,0,0,0,1,3,0
1.5079324518453652,1.2687239007792355,0.9266868188762895,-0.692234823,-1.5214511,0.8099713668080862,-1.077292167,-1.07979356,-1.170705329,-0.704280464,1,0,0,0,1,0,0,0,1
-0.522902355,0.3589183068177902,1.1741045702293214,0.5722561741261044,-0.403413887,-0.226239337,-1.077292167,-0.616880357,-1.30418187,0.7127828439288392,1,0,0,0,0,1,0,0,1
-1.19984729,-0.459906728,-1.687525928,-0.692234823,-0.613522335,-0.917046473,-0.378944604,-0.102947406,0.6283263072331183,-0.704280464,1,0,0,0,0,0,1,1,0
0.15404258087486586,-0.09598449,-0.03563573,-0.692234823,0.4758871618807422,-0.571642905,1.237279760818186,0.4433850853256911,1.5510554367248135,-0.704280464,1,0,0,0,0,0,1,3,0
-0.974198978,-0.914809525,-1.399120874,-0.692234823,0.9103317832652364,-1.262450041,-0.890638625,2.947793352455809,1.7193519446195251,-0.704280464,1,0,0,0,1,0,0,3,0
-0.898982874,-0.459906728,-1.256465749,-0.692234823,-1.44994537,0.11916423093765023,-0.311836067,-0.881660839,0.6457362908084333,-0.704280464,1,0,0,1,0,0,0,3,0
-0.522902355,-1.096770644,-1.244117979,-0.692234823,1.117009229320392,0.11916423093765023,-0.231889841,-0.111085409,-0.538142592,-0.704280464,1,0,0,0,0,0,0,1,1
0.22925868481767137,0.6318599850062238,0.19385793961131806,-0.692234823,-1.42990585,-1.262450041,0.7133654777236377,-0.180477601,-1.159098673,-0.704280464,1,0,0,0,0,0,1,0,1
-1.049415082,-1.096770644,-0.173610904,0.4253924004391894,0.39205572561984364,1.8461820706137402,-1.077292167,-0.819167843,1.388562257,-0.704280464,0,0,0,0,0,0,0,3,0
-0.222037939,-0.914809525,-0.899106918,0.13607207211864936,0.9652860198039869,-0.917046473,-0.388695162,1.0560222841362297,0.28592996358525663,-0.704280464,0,0,1,0,0,0,0,2,1
0.755771412,-0.914809525,-1.176082579,-0.692234823,-0.412707767,-1.262450041,-0.638311241,1.0514482313219653,-0.195746249,-0.704280464,1,0,0,1,0,0,0,1,1
0.9814197242457267,-0.823828965,-0.801732196,-0.692234823,0.048391269,0.11916423093765023,-0.648864154,-0.506798153,-1.507298345,0.7127828439288392,1,0,0,0,0,0,0,0,1
0.003610373,-0.550887287,-1.106858321,1.8439075423467262,1.3013233887679976,0.8099713668080862,-1.077292167,-0.48680573,-0.346632773,0.7127828439288392,1,0,0,0,0,1,0,0,1
0.3044747887604769,0.9048016631946574,0.4061666317863732,-0.692234823,0.26015106408405625,1.8461820706137402,-1.077292167,-0.83856945,-0.276992839,-0.704280464,1,0,0,0,1,0,0,0,1
0.15404258087486586,1.2687239007792355,1.3197176869382674,2.1515749603557768,-0.049063192,-0.571642905,1.016867632860983,0.1430222838556619,-0.607782527,0.7127828439288392,0,1,0,0,0,1,0,0,1
-0.372470147,0.26793774742164567,0.8513374248732098,-0.692234823,0.8805362441599798,-0.571642905,-0.230484974,0.3551630416705664,-0.694832444,0.7127828439288392,1,0,0,1,0,0,0,0,1
-1.19984729,-0.732848406,0.28409164988778063,-0.692234823,0.7569964307438141,-1.262450041,-1.077292167,2.6858716531789932,-0.62519251,0.7127828439288392,1,0,0,0,0,0,1,0,1
0.8309875163601156,1.9055878165522473,-0.485258451,-0.075376504,1.518458974007506,-0.571642905,1.6048063059983126,1.0261765895231545,-1.014015477,2.1298461519384597,0,0,0,0,0,0,0,0,1
1.5079324518453652,1.0867627819869465,0.16521998042964045,-0.692234823,-0.835458708,-0.226239337,-1.077292167,-0.775714341,-0.718045756,0.7127828439288392,1,0,0,0,1,0,0,0,1
-1.651143914,-1.096770644,1.0505954101541493,-0.692234823,1.2315628602089594,0.8099713668080862,0.3354441037851093,-0.225646373,-0.485912642,-0.704280464,1,0,1,0,0,0,0,0,1
1.5079324518453652,1.7236266977599581,0.42597307272279783,0.8653960922928291,1.5611029483369794,-0.571642905,-1.077292167,0.523450068,-0.880538936,-0.704280464,1,0,0,0,0,1,0,0,1
1.2822841400169487,-0.823828965,1.2189729602887154,-0.692234823,1.3466867406497807,0.11916423093765023,-1.077292167,-0.208588968,0.5296697336396666,-0.704280464,0,1,0,0,0,1,0,2,0
1.6583646597309762,-0.641867847,1.0193186889326684,2.4805167320665107,0.5234317182998959,-1.262450041,1.605811487430617,2.8662418024881533,-1.03142546,0.7127828439288392,1,0,0,0,0,0,0,0,1
0.9814197242457267,1.35970446,1.5445565673929122,-0.692234823,0.938618537,-0.226239337,-1.077292167,-0.123511585,1.0693792244744318,-0.704280464,1,0,0,0,0,1,0,3,0
1.3575002439597543,1.8146072571561027,1.4114453328153338,-0.692234823,-0.423085121,-0.226239337,-1.077292167,-0.624122607,-0.358239429,-0.704280464,1,0,0,1,0,0,0,1,1
-1.275063394,-0.914809525,0.7415630369408511,-0.692234823,-0.725272239,-1.262450041,0.6496184819633618,0.8432716526127566,1.0171492737484866,-0.704280464,1,0,0,0,0,0,1,3,0
0.3044747887604769,0.995782223,-1.65603691,-0.692234823,1.0772355110705958,-0.226239337,0.052701779,0.14805374195135276,0.018976882097093247,0.7127828439288392,1,0,0,0,0,0,1,0,1
0.9062036203029211,1.9055878165522473,-0.33023354,-0.692234823,-0.431367996,-0.226239337,0.00382073,-0.416079438,0.6515396186668717,-0.704280464,0,1,0,0,0,0,1,2,0
-1.049415082,-0.459906728,-1.606999654,-0.692234823,1.1579709674707168,0.11916423093765023,0.9628115405830736,0.13421723218820292,0.7908194872693917,-0.704280464,0,0,0,0,1,0,0,3,0
-0.82376677,-0.641867847,0.37429076376086085,1.3901598562602344,-0.109645078,1.8461820706137402,1.5544786314960135,-0.379124903,0.7501961922603233,-0.704280464,1,0,0,0,0,0,1,2,0
0.605339205,-0.914809525,0.5234075525941702,-0.083113622,1.4562578160755315,-1.262450041,-1.077292167,3.714156842932417,-0.567159232,0.7127828439288392,1,0,0,1,0,0,0,1,1
-1.049415082,-1.096770644,-0.347212511,-0.692234823,-0.514541269,1.8461820706137402,0.8517762764911764,-0.57586635,-1.072048755,2.1298461519384597,1,0,1,0,0,0,0,1,1
-1.19984729,-0.823828965,0.6905883816844632,0.6569291900610397,-1.412697382,0.11916423093765023,-1.077292167,-1.020140288,-0.311812806,-0.704280464,1,0,0,0,1,0,0,0,1
-1.124631186,-0.368926168,-1.513980933,1.969431670197835,1.504923863280784,-0.571642905,0.019775376,0.7100904815040914,-1.68139818,2.1298461519384597,0,1,0,1,0,0,0,0,1
0.37969089270328243,0.6318599850062238,1.2474882594947645,-0.692234823,0.37861446846526337,-0.917046473,0.9869209812872806,0.8932431796085952,-0.149319626,-0.704280464,0,0,0,0,1,0,0,0,1
0.5301231005888934,0.3589183068177902,0.340994871,-0.692234823,-1.359547748,-0.571642905,0.40596787169433457,-0.618614685,1.6323020267429502,-0.704280464,1,0,0,0,0,0,1,3,0
-0.071605731,-0.277945609,-0.585484231,-0.692234823,-0.0233188,1.8461820706137402,1.705843444983133,-0.336891149,-0.114499659,-0.704280464,1,0,1,0,0,0,0,1,1
-1.275063394,-0.641867847,1.437702430418786,-0.692234823,-0.593867734,0.8099713668080862,0.48763811738552454,-0.579411241,0.9068860444381583,-0.704280464,1,0,0,0,0,0,1,3,0
-0.297254043,-0.550887287,0.23481221839713046,-0.692234823,0.047415905,-0.226239337,0.2833506506242813,-0.18550906,1.5162354695741835,-0.704280464,1,0,0,0,0,0,0,3,0
-0.372470147,-0.550887287,-0.989041842,-0.692234823,-0.219032011,-1.262450041,1.3363751398254686,1.7217947298058065,-0.654209149,-0.704280464,1,0,0,0,1,0,0,0,1
1.1318519321313376,1.8146072571561027,0.081740432,-0.692234823,-0.824109554,-0.571642905,-0.102087214,-0.455340058,-1.669791525,2.1298461519384597,0,0,0,0,0,1,0,1,1
-1.425495602,-0.732848406,-0.951949779,-0.692234823,0.6546259439351672,-1.262450041,0.420630993,2.8277625831881537,1.0925925359081852,-0.704280464,1,0,0,1,0,0,0,3,0
-1.425495602,-0.641867847,1.3661460602774498,-0.101798055,0.2053096894358561,-0.226239337,1.0994953362369497,0.031891859,-1.43765841,-0.704280464,1,0,0,1,0,0,0,0,1
-1.275063394,-1.096770644,0.9601399683832812,-0.692234823,1.2901453095239241,-0.917046473,1.7939921894012236,1.721013329116703,0.8778694051459667,-0.704280464,0,0,0,0,0,0,0,3,1
0.37969089270328243,0.5408794256100793,-1.387597126,-0.692234823,-1.296909398,1.8461820706137402,-0.219753096,-0.900128578,-1.269361902,-0.704280464,1,0,0,0,0,1,0,1,0
-0.898982874,-0.550887287,1.3145879838549315,0.8460478565477687,-0.355779041,0.8099713668080862,-1.077292167,-0.834910208,0.9417060115887884,-0.704280464,1,0,1,0,0,0,0,3,0
-0.447686251,0.44989886621393477,-0.480087861,-0.692234823,0.9221276328575847,-0.917046473,-0.216668949,1.0578709638153283,-0.909555575,-0.704280464,0,1,0,0,1,0,0,1,1
1.2070680360741433,2.0875489353445364,0.11875543812328562,-0.692234823,0.5441008885292921,0.8099713668080862,1.9008695219897602,-0.06443007,-0.13771297,-0.704280464,0,1,1,0,0,0,0,1,1
1.2070680360741433,1.2687239007792355,0.3411065226619777,-0.692234823,-1.662498762,-1.262450041,-1.077292167,-0.872112504,1.6671219938935802,-0.704280464,1,0,0,0,0,1,0,3,0
1.5831485557881708,2.0875489353445364,-1.519505349,-0.692234823,-0.918420514,-0.226239337,1.8176631681750186,-0.241007567,-0.102893003,-0.704280464,0,1,0,0,0,0,0,1,1
0.6805553084745045,1.5416655789676692,0.5102200326503149,-0.692234823,-0.191575683,0.8099713668080862,-1.077292167,-0.800414226,0.20468337356711994,-0.704280464,0,0,0,1,0,0,0,1,1
0.9814197242457267,-0.732848406,0.28963021955654505,0.18677141426501398,0.22258943888904426,1.8461820706137402,-1.077292167,-0.844096431,-1.745234787,0.7127828439288392,1,0,0,0,0,0,0,0,1
-1.425495602,-1.005790084,1.503100640758055,-0.692234823,-1.534204493,-0.917046473,1.8539451472330384,-0.343923755,-0.044859724,-0.704280464,1,0,1,0,0,0,0,1,1
-1.57592781,-0.823828965,-0.206504221,-0.692234823,-0.242939723,0.11916423093765023,-0.755944313,-0.613392642,-0.416272707,2.1298461519384597,0,0,0,1,0,0,0,0,1
-1.124631186,-1.005790084,1.502325366809531,-0.692234823,-0.337059412,0.11916423093765023,1.5632359391673671,-0.18827255,1.1158058473419383,-0.704280464,0,1,0,0,1,0,0,2,0
0.5301231005888934,0.995782223,-0.5276359,-0.692234823,0.7411399291314592,0.8099713668080862,-1.077292167,-0.604473239,-0.114499659,0.7127828439288392,1,0,0,0,0,1,0,0,1
0.755771412,-1.187751203,0.080686814,-0.692234823,1.1332803498780315,0.11916423093765023,-0.582716058,-0.174798153,0.9010827165797201,-0.704280464,1,0,0,0,1,0,0,3,0
-0.071605731,0.3589183068177902,0.7031405858571144,-0.692234823,-0.187991427,1.8461820706137402,-1.077292167,-0.904473928,-0.335026117,-0.704280464,1,0,0,0,0,1,0,1,1
-1.500711706,-0.914809525,0.7296634467410952,0.3932033783166424,0.6767991473586326,-1.262450041,0.7983972648813179,2.934128369673194,0.2162900292839966,0.7127828439288392,1,0,0,0,0,1,0,0,1
-1.19984729,-0.550887287,-1.683635405,-0.692234823,0.2515070312878103,1.8461820706137402,-1.077292167,-0.839827315,-1.309985197,0.7127828439288392,1,0,0,0,1,0,0,0,1
1.2822841400169487,2.542451732325259,-1.255121207,-0.692234823,1.5688856667053421,1.8461820706137402,-0.057068806,-0.446935236,1.144822487,-0.704280464,0,1,0,0,0,0,0,2,0
1.2822841400169487,2.4514711729291143,0.11063157358358179,-0.692234823,-1.341028893,-0.226239337,-1.077292167,-0.961573354,-1.159098673,0.7127828439288392,1,0,0,1,0,0,0,0,1
-1.500711706,-1.187751203,0.15013280342733334,1.9825989172459357,-1.066020107,-0.917046473,1.0849485414436284,-0.149831448,-0.683225789,-0.704280464,1,0,0,0,0,0,0,1,1
1.2822841400169487,1.6326461383638138,-0.840887462,0.9744230742555737,0.4986199226773565,-0.571642905,1.469121726,0.49977934481489267,1.0113459458900484,-0.704280464,0,1,0,0,1,0,0,2,0
-0.898982874,-0.732848406,0.18829892661328224,-0.692234823,0.322914155,0.8099713668080862,-0.102543572,-0.502033514,-0.572962559,2.1298461519384597,1,0,1,0,0,0,0,0,1
-0.522902355,-0.18696505,0.16665258604242988,-0.692234823,-0.320271503,-1.262450041,-1.022138428,1.1124546607322168,1.6090887153091968,-0.704280464,1,0,0,0,1,0,0,2,0
1.2070680360741433,0.44989886621393477,-0.267047927,-0.692234823,-0.035795385,-0.917046473,-0.263599289,0.3443759004502595,-0.938572215,0.7127828439288392,0,1,0,0,1,0,0,0,1
-1.500711706,-0.914809525,-1.564799904,-0.692234823,-1.136567104,-1.262450041,0.25207071685402055,0.1608420312779003,-0.712242428,0.7127828439288392,1,0,1,0,0,0,0,0,1
0.8309875163601156,0.3589183068177902,-0.699561154,2.2744982848643267,-0.32071701,0.8099713668080862,-1.077292167,-0.827553606,1.0287559294653634,-0.704280464,1,0,1,0,0,0,0,2,0
-0.598118459,-0.09598449,0.6277172813558997,1.7765695880213979,-1.722025687,-0.571642905,0.10533212414287843,-0.854997923,-0.195746249,-0.704280464,0,1,0,0,0,0,0,0,1
-1.19984729,-0.550887287,-1.619808186,-0.692234823,1.0060648028896304,-0.571642905,-0.849748321,0.295795648,1.005542618,-0.704280464,0,1,0,0,0,0,0,2,0
1.4327163479025598,-0.459906728,-1.485765993,-0.692234823,-0.27475846,-0.226239337,1.727545819171406,-0.021967613,1.4407922074144852,-0.704280464,1,0,0,1,0,0,0,3,0
0.078826477,0.9048016631946574,0.979616171,-0.692234823,-1.021406395,-0.226239337,0.48302681028064964,-0.539445455,0.6689496022421867,-0.704280464,0,1,0,0,1,0,0,1,0
-1.500711706,-1.096770644,1.139605665801907,-0.692234823,-0.614851729,1.8461820706137402,1.0970823042525746,-0.542723526,0.43101316,-0.704280464,0,1,1,0,0,0,0,1,1
-1.425495602,-1.096770644,-0.979123682,-0.692234823,0.4744365895821968,-1.262450041,0.9526255032201061,2.666660631359083,-1.62916823,-0.704280464,1,0,0,0,1,0,0,0,1
1.0566358281885322,1.9965683759483919,-0.418495255,-0.692234823,-0.630368457,-0.571642905,-1.077292167,-0.550766235,-1.739431459,0.7127828439288392,1,0,0,0,0,1,0,0,1
0.9062036203029211,-0.18696505,-1.05981193,-0.692234823,-1.662921697,-0.917046473,1.418451037370645,-0.523607797,-0.340829445,-0.704280464,1,0,0,1,0,0,0,2,1
-1.425495602,-0.914809525,-1.035256346,-0.692234823,0.5817124105601262,-0.226239337,-0.706386184,-0.182307223,0.9300993558719117,-0.704280464,1,0,1,0,0,0,0,3,0
-1.500711706,-0.732848406,1.6545275257990346,-0.296880069,-1.488293464,-0.226239337,-0.709801415,-0.943982309,1.162232470209445,-0.704280464,0,1,0,0,0,0,1,3,0
-1.350279498,-0.732848406,-0.806482911,1.0944517808180123,1.3195404859227027,0.8099713668080862,-0.030409127,-0.278591034,0.5122597500643516,2.1298461519384597,0,1,0,0,0,0,0,2,1
0.755771412,-0.641867847,-1.030211562,-0.692234823,1.4520819261251734,1.8461820706137402,-1.077292167,-0.663287935,-0.474305986,-0.704280464,0,1,0,0,0,0,0,0,1
-0.071605731,-0.09598449,0.9589243765735269,-0.692234823,-0.233979677,-0.226239337,0.12320765032626478,-0.320214915,-0.845718969,0.7127828439288392,0,1,1,0,0,0,0,0,1
-1.275063394,-1.096770644,0.6730432874782155,-0.692234823,0.9809678824909641,-1.262450041,-1.077292167,3.015222514359423,1.5858754038754435,-0.704280464,1,0,0,0,0,0,0,3,0
0.3044747887604769,0.7228405444023683,1.004745740289727,-0.692234823,-1.535030167,-0.571642905,-0.723441458,-0.9251334,1.6787286496104568,-0.704280464,1,0,0,0,0,0,0,3,0
1.5079324518453652,-0.641867847,0.5244202836750005,-0.692234823,0.040144034744970136,-1.262450041,1.4772168669827053,2.130429173100153,0.7966228151278301,-0.704280464,1,0,1,0,0,0,0,1,0
1.2822841400169487,1.9965683759483919,-1.611700047,-0.692234823,1.4865368792803033,1.8461820706137402,-0.483194148,-0.542228003,-0.131909642,0.7127828439288392,0,1,0,0,1,0,0,1,1
0.003610373,-0.823828965,0.8586325482955262,-0.299687631,-1.33416095,0.8099713668080862,0.2656123302150374,-0.778287246,0.9417060115887884,-0.704280464,1,0,0,0,0,0,0,3,0
-0.222037939,0.44989886621393477,-1.224504963,-0.692234823,-1.016139903,-0.917046473,-0.792309809,-0.479658773,-0.13771297,-0.704280464,0,1,0,0,0,0,0,1,1
0.45490699664608797,-0.005003931,1.5944744597823468,1.9781916981926457,-1.238827105,-0.571642905,0.47453794868913995,-0.546039714,1.3769556009716635,-0.704280464,1,0,0,0,1,0,0,3,0
-0.598118459,-1.096770644,-1.734163452,0.7305569533068655,-1.107552094,1.8461820706137402,-0.672201067,-0.960620426,-1.71041482,0.7127828439288392,1,0,1,0,0,0,0,0,1
0.15404258087486586,-0.550887287,1.5147706366444549,-0.692234823,1.5374470960776543,1.8461820706137402,1.6478083852550922,-0.118689771,-1.501495017,0.7127828439288392,1,0,1,0,0,0,0,0,1
-0.146821835,0.44989886621393477,0.8826314442963819,-0.692234823,0.28995254328881565,-0.571642905,-0.031712582,0.10450494744887708,-0.735455739,2.1298461519384597,1,0,0,1,0,0,0,0,1
-1.275063394,-1.096770644,-0.179995513,-0.692234823,0.20402662794328524,0.11916423093765023,-0.077044177,-0.349374502,0.2627166521515033,-0.704280464,1,0,0,1,0,0,0,0,1
0.755771412,1.8146072571561027,1.5786812016382805,1.5186983043033462,-0.041880423,0.8099713668080862,-1.077292167,-0.768967613,-0.352436101,-0.704280464,0,1,0,0,1,0,0,1,0
1.2070680360741433,2.542451732325259,-1.287849405,2.344491452643983,0.5204581044888729,1.8461820706137402,-1.077292167,-0.800280816,0.9126893722965967,-0.704280464,1,0,0,0,0,0,0,3,0
1.4327163479025598,2.3604906135329697,0.3469548873973936,-0.692234823,1.3339903719728319,-0.571642905,0.4191426087462313,0.7042776227192971,0.8720660772875284,-0.704280464,0,1,0,0,0,1,0,3,0
1.1318519321313376,1.7236266977599581,-1.295517226,2.1037158260437545,-1.603987594,-1.262450041,-1.077292167,-0.786063135,-1.298378542,0.7127828439288392,1,0,1,0,0,0,0,0,1
1.2822841400169487,0.995782223,1.267093412266055,-0.692234823,-1.586969209,-0.226239337,-0.041850896,-0.849852114,1.075182552,-0.704280464,1,0,0,0,0,0,0,3,0
0.45490699664608797,0.7228405444023683,-1.228645523,-0.692234823,-0.931535066,-1.262450041,-1.077292167,0.20280896584877622,0.8546560937122134,-0.704280464,1,0,0,0,0,1,0,2,0
-0.898982874,-0.823828965,0.7704604691478967,-0.692234823,-0.105326626,0.8099713668080862,0.9257093096144198,-0.391246143,0.2337000128593116,-0.704280464,1,0,0,0,0,0,0,2,0
-0.297254043,0.7228405444023683,-0.7930312,0.3322966992024113,-0.04825415,-0.571642905,0.17842999168438506,-0.020271402,-0.984998837,0.7127828439288392,1,0,0,0,1,0,0,0,1
0.9814197242457267,0.7228405444023683,-0.941962427,-0.692234823,1.6239812776122555,0.11916423093765023,0.27678863533920706,0.13732377639122417,1.2666923716613352,-0.704280464,1,0,0,1,0,0,0,3,0
-0.222037939,-0.641867847,0.4691368036337136,-0.692234823,0.6316662713375518,-0.917046473,-1.077292167,0.6762806077853204,-0.834112313,-0.704280464,1,0,0,0,0,1,0,0,1
0.755771412,1.8146072571561027,-1.535889892,-0.692234823,1.2882171532253663,-0.917046473,-0.540018217,1.2639129845445467,-0.677422461,2.1298461519384597,0,1,0,0,0,0,0,0,1
0.45490699664608797,0.9048016631946574,-0.218161636,-0.692234823,1.2511640005477804,-0.571642905,-1.077292167,0.3715343390349544,-0.364042757,-0.704280464,1,0,0,0,1,0,0,1,1
-0.748550666,0.085976629,1.2602889287462529,-0.692234823,0.11145730531399903,0.11916423093765023,-0.540608799,-0.467118244,-0.567159232,0.7127828439288392,1,0,0,0,0,0,0,2,1
-1.425495602,-0.641867847,0.6635795985893387,-0.692234823,-1.280185642,0.8099713668080862,-1.077292167,-1.029116867,-0.062269708,-0.704280464,0,1,0,0,0,0,0,2,1
0.755771412,1.2687239007792355,-1.179940078,-0.692234823,-0.684985296,1.8461820706137402,-1.077292167,-0.977544421,-1.594348263,0.7127828439288392,1,0,0,0,0,0,1,0,1
-0.522902355,-1.005790084,0.6879873611756228,1.3435956826083146,-1.297659039,1.8461820706137402,1.4276736515803947,-0.578591723,-0.886342264,-0.704280464,1,0,0,0,1,0,0,0,1
1.6583646597309762,2.906373969909837,1.3092963067012142,-0.692234823,-1.765214963,-1.262450041,1.5639846054567097,-0.507484261,-0.863128952,0.7127828439288392,0,1,0,1,0,0,0,0,1
0.37969089270328243,-0.368926168,-0.217435112,-0.202173829,-0.603257843,-0.226239337,-1.077292167,-0.69035108,0.9649193230225417,-0.704280464,1,0,0,0,1,0,0,3,0
1.2070680360741433,2.4514711729291143,1.6144554552994734,-0.692234823,-1.075950765,-0.571642905,0.056009631,-0.547926511,-0.323419462,-0.704280464,1,0,0,0,0,0,1,2,0
0.8309875163601156,-0.823828965,1.5613719920005493,-0.692234823,0.7380593935293885,0.11916423093765023,0.42293962940891294,-0.094695053,-1.495691689,0.7127828439288392,0,0,0,1,0,0,0,0,1
-1.57592781,-1.187751203,0.489386708,0.116832657,1.1081941216584699,0.8099713668080862,0.054392989,-0.306416522,1.4930221581404302,-0.704280464,1,0,1,0,0,0,0,3,0
-0.82376677,-0.277945609,1.279699084,-0.692234823,0.5930995813066927,0.8099713668080862,-1.077292167,-0.635576798,-1.379625132,2.1298461519384597,0,1,0,0,0,1,0,0,1
-0.297254043,-0.641867847,-1.508461234,1.2944851157256052,0.7767318173313948,-0.226239337,-0.932930813,-0.154843847,-0.619389182,0.7127828439288392,1,0,0,0,0,0,0,0,1
1.4327163479025598,-0.550887287,0.6425198243121971,-0.692234823,0.2018929442019359,0.8099713668080862,-1.077292167,-0.71775728,0.5412763893565433,-0.704280464,1,0,0,0,0,0,1,3,0
0.078826477,0.26793774742164567,-0.025626361,-0.692234823,0.3238645713494039,-1.262450041,1.5245081180485471,2.556902422,-0.683225789,0.7127828439288392,0,0,0,0,0,0,1,0,1
-0.146821835,-0.368926168,1.1563110109442363,-0.692234823,0.3319193462749876,-0.917046473,0.35098713180807384,0.7347331910409409,-1.501495017,2.1298461519384597,0,1,0,0,1,0,0,0,1
0.37969089270328243,1.0867627819869465,-1.406541802,1.8429608064019454,0.018967580018048245,0.11916423093765023,-0.950069604,-0.574246373,-0.903752247,2.1298461519384597,1,0,0,0,1,0,0,0,1
-1.500711706,-1.096770644,0.631367202,-0.289828519,1.2237551934226858,-0.917046473,0.11277106328877624,1.3439779673475667,0.4542264714799683,-0.704280464,1,0,0,0,1,0,0,3,1
0.8309875163601156,0.6318599850062238,0.053319486,0.17265743127213248,-1.662257594,0.8099713668080862,0.16288398092720005,-0.867252573,1.5858754038754435,-0.704280464,1,0,0,0,0,1,0,3,0
0.45490699664608797,0.44989886621393477,1.4549974869824065,0.29977033438689643,-1.422386872,-0.226239337,-1.077292167,-0.991495283,0.8894760608628434,-0.704280464,1,0,0,0,0,1,0,2,0
1.5079324518453652,-0.823828965,0.13030906428921749,-0.692234823,-1.006546642,0.8099713668080862,-1.077292167,-0.97163627,-0.718045756,2.1298461519384597,1,0,0,0,1,0,0,0,1
-0.748550666,-0.550887287,1.4736103520021382,1.6301519772509887,0.5376630086883276,1.8461820706137402,1.7181233617688834,-0.251985294,-1.240345263,-0.704280464,0,1,0,0,0,0,0,0,1
0.8309875163601156,1.1777433413830911,-1.298420179,1.3341392051828604,1.4093381581240558,-1.262450041,0.5706416452732728,3.966892319473918,0.291733291,-0.704280464,1,0,0,0,0,0,1,1,1
1.3575002439597543,-0.459906728,1.068602838114689,-0.692234823,-1.515263892,1.8461820706137402,-0.09627983,-0.90813317,-0.776079035,-0.704280464,1,0,0,1,0,0,0,0,1
0.003610373,0.26793774742164567,0.088662857,-0.692234823,-0.542636751,-0.917046473,-1.077292167,-0.187148095,-0.120302987,-0.704280464,0,0,0,0,1,0,0,1,1
-1.275063394,-1.005790084,-0.767829293,1.4516215185145094,1.0170801234073312,-1.262450041,0.958758005,3.4658238922246456,1.6729253217520186,-0.704280464,1,0,0,1,0,0,0,3,0
1.0566358281885322,-1.096770644,1.5001001890465266,-0.692234823,0.9271850335741348,-0.571642905,-1.077292167,0.21271941361301577,1.1158058473419383,-0.704280464,1,0,0,0,1,0,0,3,0
-0.222037939,0.8138211037985129,-1.389690209,1.8966527046956057,0.6216013667402738,-0.226239337,-0.598124863,-0.146515259,0.10602679997366826,0.7127828439288392,1,0,0,0,0,1,0,1,1
0.22925868481767137,-0.18696505,1.6118465719716824,-0.692234823,-0.201253293,-0.917046473,0.35870048250225656,0.3442234320231174,-0.282796167,-0.704280464,1,0,0,0,0,0,1,2,0
1.2822841400169487,-0.277945609,0.37483958852360894,-0.692234823,-0.233149251,-0.917046473,0.5624003506220636,0.3605375537273271,1.022952601606925,-0.704280464,1,0,0,0,0,1,0,3,0
0.6805553084745045,1.0867627819869465,1.5489503106224771,-0.692234823,-0.591850476,-0.917046473,-0.889394825,-0.186652573,-0.079679691,-0.704280464,1,0,0,0,0,0,0,0,1
1.5831485557881708,1.9055878165522473,-1.730928688,-0.692234823,0.35589596390745537,-0.917046473,-1.077292167,0.4735166582396579,0.639932963,-0.704280464,1,0,1,0,0,0,0,2,0
-1.425495602,-1.096770644,0.6062722289501813,-0.692234823,-1.424979132,-0.226239337,0.6722783138364113,-0.650880816,-0.091286347,0.7127828439288392,1,0,0,0,0,0,0,1,1
-1.124631186,-1.096770644,0.8132483573129764,1.4599897937045831,0.9882480684414032,-0.571642905,0.5448767870766948,0.5593563827206866,0.6341296350915566,-0.704280464,1,0,0,0,0,1,0,2,0
-1.500711706,-1.005790084,1.3398606565257754,-0.692234823,-1.049222693,0.11916423093765023,1.8655032423374305,-0.338701712,0.14084676712429828,-0.704280464,1,0,0,0,0,0,0,0,1
1.1318519321313376,1.7236266977599581,1.446070042345957,-0.692234823,-0.297550622,-0.226239337,1.0599472632074953,-0.160694823,-1.101065395,2.1298461519384597,1,0,0,1,0,0,0,0,1
-1.57592781,-1.005790084,-0.284033188,-0.692234823,1.1162667168825617,-0.226239337,1.2081235338129128,0.3880009291663063,0.5064564222059134,-0.704280464,1,0,0,0,0,1,0,2,0
1.0566358281885322,-0.550887287,-0.526487928,1.315117430108414,0.29536516195562385,-0.917046473,0.23603852041889595,0.6854096548604564,1.2260690766522668,-0.704280464,0,0,0,0,0,0,1,3,0
-1.425495602,-0.823828965,-0.417278091,-0.692234823,1.5084392141664482,-0.226239337,-0.505818187,0.19754880511237216,0.9765259787394184,-0.704280464,0,1,0,0,0,0,0,2,0
0.9062036203029211,0.26793774742164567,1.4086949187464328,0.9318743668522069,-0.401116257,0.11916423093765023,-0.116639974,-0.535061987,-0.039056396,0.7127828439288392,1,0,1,0,0,0,0,1,1
-0.146821835,0.3589183068177902,0.018809573879108966,1.6916789316393865,0.1745411620320665,1.8461820706137402,-1.077292167,-0.851148095,-0.886342264,0.7127828439288392,1,0,1,0,0,0,0,0,1
0.003610373,0.6318599850062238,-0.093410151,-0.692234823,-0.72510354,-0.917046473,0.7103141406160781,0.027698977276020616,-0.13771297,-0.704280464,0,0,0,0,0,0,0,1,1
-0.522902355,0.26793774742164567,-0.296377814,-0.692234823,-1.529823076,-1.262450041,0.4300355541194546,-0.38272697,-1.159098673,0.7127828439288392,1,0,0,0,0,0,1,1,1
-0.898982874,-0.550887287,1.3642951526964913,-0.692234823,-0.360063041,-0.571642905,1.7922174625400331,0.14195500486566687,-1.22293528,0.7127828439288392,1,0,1,0,0,0,0,0,1
-0.82376677,-0.005003931,-0.6253959,-0.692234823,-1.610303108,1.8461820706137402,-1.077292167,-1.113622493,-0.648405822,2.1298461519384597,1,0,0,0,0,0,1,0,1
-1.500711706,-0.823828965,-1.077130575,-0.692234823,-0.121894752,-0.571642905,-1.077292167,-0.301518474,1.4756121745651152,-0.704280464,1,0,0,0,0,0,1,3,0
0.755771412,-0.09598449,-1.041868977,2.143652848082209,1.4389697504830397,-0.571642905,1.2563961044372955,0.9192009293295458,0.2511099964346266,0.7127828439288392,1,0,0,0,1,0,0,1,1
-0.82376677,-0.277945609,0.8896718123847005,-0.692234823,0.7762185927343664,-0.571642905,-0.749137713,0.2027708487419907,-0.654209149,2.1298461519384597,0,1,0,1,0,0,0,0,1
-1.651143914,-1.096770644,1.1617174852546315,-0.692234823,-0.148886564,-0.571642905,-1.077292167,-0.31474511,-1.687201508,0.7127828439288392,1,0,0,0,0,0,0,0,1
-1.425495602,-0.914809525,0.23877193402062527,2.3924376431348353,-0.241803976,0.8099713668080862,1.8944864707579152,-0.230773124,0.001566899,-0.704280464,0,1,0,1,0,0,0,1,0
0.605339205,0.9048016631946574,0.9579729754805109,-0.692234823,0.5547158463405149,1.8461820706137402,-1.077292167,-0.795249358,-0.456896002,0.7127828439288392,1,0,0,0,0,0,0,1,1
-1.275063394,-0.459906728,0.6013988537646331,0.16558411674216103,-1.48364593,1.8461820706137402,-1.077292167,-1.095002286,-0.549749248,-0.704280464,1,0,0,0,0,0,0,2,0
0.8309875163601156,-0.005003931,1.4393520498346106,2.437249811187793,0.4284210147750234,1.8461820706137402,0.5577800953145272,-0.494600678,0.7153762251096933,-0.704280464,1,0,0,1,0,0,0,2,0
0.9814197242457267,0.5408794256100793,-1.641272109,-0.457400781,-0.705597441,0.11916423093765023,0.030089671,-0.595973124,-1.373821804,0.7127828439288392,1,0,0,1,0,0,0,1,1
0.605339205,1.1777433413830911,-0.597742366,-0.692234823,1.4052834462035517,0.8099713668080862,-1.077292167,-0.464964628,0.4716364550552833,2.1298461519384597,1,0,0,0,1,0,0,2,1
0.15404258087486586,0.7228405444023683,-0.907689972,-0.692234823,-0.058473497,-1.262450041,-1.077292167,1.486688415152616,0.5818996843656117,-0.704280464,1,0,0,0,0,1,0,2,0
-1.651143914,-1.005790084,1.2690213754727289,-0.692234823,0.9215443150864252,-0.226239337,-0.32916277,0.016263845240359603,-0.282796167,-0.704280464,0,1,0,0,0,0,0,2,0
-1.124631186,-0.277945609,0.980366284,-0.692234823,-1.713419671,-0.917046473,0.8101671341153647,-0.679487705,-1.553724968,0.7127828439288392,1,0,0,0,0,1,0,0,1
-0.522902355,-0.09598449,1.1104503331332833,0.7649876720342959,-1.510125706,-0.917046473,-1.077292167,-0.898508601,-0.364042757,0.7127828439288392,0,1,0,0,0,0,0,0,1
1.0566358281885322,0.6318599850062238,-0.222291189,0.3427434406620614,1.4984016340268822,0.11916423093765023,-0.18688933,0.00987923,-1.391231788,0.7127828439288392,1,0,0,0,0,1,0,0,1
1.3575002439597543,1.9965683759483919,1.4841559647786102,1.4903941641611067,1.414209039716223,0.8099713668080862,-1.077292167,-0.463077831,0.14084676712429828,-0.704280464,0,1,0,0,0,0,1,1,0
0.15404258087486586,0.3589183068177902,1.3383745837441223,0.8110621546802945,-0.292837747,1.8461820706137402,0.4007033457951727,-0.631345799,-1.408641771,0.7127828439288392,1,0,0,0,1,0,0,0,1
0.8309875163601156,0.17695718802550114,-0.102961903,-0.02348014,0.4498683380392658,1.8461820706137402,1.2187629467773946,-0.362391494,-0.619389182,-0.704280464,1,0,1,0,0,0,0,0,1
1.2070680360741433,-0.823828965,-0.543775122,-0.692234823,1.1364986957885632,0.8099713668080862,0.45189899595563376,-0.222863824,-0.514929281,0.7127828439288392,1,0,0,0,1,0,0,1,1
-0.673334562,-0.914809525,1.3740057341004153,-0.692234823,1.6748665459916954,0.11916423093765023,1.8147042958282944,0.4525713080610055,-0.329222789,-0.704280464,0,0,0,0,1,0,0,0,1
0.5301231005888934,0.8138211037985129,0.24942919882619494,2.4511788,0.6865100220255531,-0.226239337,-1.077292167,-0.21619333,1.0345592573238018,-0.704280464,1,0,0,1,0,0,0,3,0
-0.673334562,-0.005003931,-1.48333481,-0.692234823,-0.688791712,0.8099713668080862,0.6830847599172405,-0.561191264,1.7193519446195251,-0.704280464,1,0,0,0,0,1,0,3,0
-0.297254043,-0.277945609,-0.267705258,0.9273692095977328,0.6965963109810407,0.11916423093765023,-1.077292167,-0.399784375,0.2511099964346266,-0.704280464,1,0,0,0,1,0,0,0,1
0.6805553084745045,0.8138211037985129,-0.668421246,2.3113992226660702,-0.874286763,0.11916423093765023,-1.077292167,-0.861782768,1.3595456173963485,-0.704280464,1,0,0,0,1,0,0,3,0
1.5079324518453652,-1.187751203,0.9351959615445701,0.8457975700336313,-1.452702764,0.8099713668080862,0.5342761496570795,-0.750728577,0.953312667,-0.704280464,1,0,0,0,0,1,0,3,0
1.3575002439597543,2.3604906135329697,1.402258415153516,-0.692234823,-1.712991984,-1.262450041,-1.010401369,-0.933309519,-1.652381541,0.7127828439288392,0,1,0,0,0,0,0,0,1
-1.57592781,-0.914809525,-0.60245534,0.074904224,0.8215866966957518,-0.917046473,0.5990909642682901,1.1432151659081449,-0.253779527,0.7127828439288392,1,0,0,0,0,1,0,1,1
-1.275063394,-0.641867847,1.242597586107525,-0.692234823,1.682889244379965,-0.917046473,1.604343982194137,1.972776819435173,-1.27516523,0.7127828439288392,1,0,1,0,0,0,0,0,1
-1.275063394,-0.641867847,1.3547748515111706,-0.420684838,1.7108374125398997,-0.917046473,0.3096404700436651,1.7405292877908978,0.2162900292839966,-0.704280464,1,0,0,1,0,0,0,0,1
0.8309875163601156,0.085976629,-0.390398258,-0.692234823,1.6582307033245938,0.11916423093765023,1.8429567543647594,0.45318118176957406,-1.309985197,0.7127828439288392,0,0,0,0,0,0,1,0,1
1.0566358281885322,-0.18696505,0.2894163508810902,0.7073020715367901,1.1337698140770491,-0.917046473,-1.077292167,1.045463845556636,-1.298378542,0.7127828439288392,0,1,0,0,1,0,0,0,1
0.15404258087486586,0.3589183068177902,0.4031614623834746,0.3238631318782146,1.643394710806793,0.8099713668080862,0.034250585,-0.197935236,-1.43765841,-0.704280464,0,1,0,1,0,0,0,0,1
-0.071605731,0.5408794256100793,0.8317134013364379,-0.692234823,-0.165074523,-1.262450041,0.36168619945696534,1.6108548905065019,1.162232470209445,-0.704280464,0,1,0,0,1,0,0,3,0
0.15404258087486586,0.7228405444023683,0.7220223592849548,1.210628251467205,-0.56334275,0.8099713668080862,-0.565120908,-0.778535007,0.5064564222059134,0.7127828439288392,1,0,0,1,0,0,0,2,0
-0.146821835,-1.005790084,-1.750598316,-0.692234823,0.4247001364465679,-0.571642905,-0.774434282,0.025526302189245023,-0.642602494,0.7127828439288392,1,0,1,0,0,0,0,0,1
0.3044747887604769,-1.005790084,0.5494869504893402,-0.692234823,1.1830441274713723,0.11916423093765023,-1.077292167,-0.256711815,-1.68139818,0.7127828439288392,1,0,1,0,0,0,0,0,1
0.9814197242457267,0.17695718802550114,1.6522410180482159,1.697598751799855,-0.946769045,-0.917046473,0.4948384377937833,-0.177351999,-0.886342264,-0.704280464,0,0,1,0,0,0,0,0,1
-0.222037939,-1.005790084,0.597045997,0.9322770016792976,1.3231092977038905,-0.226239337,0.3845518399912286,0.30324754222866546,-1.118475378,-0.704280464,1,0,0,0,0,0,0,1,1
-0.071605731,-0.09598449,0.388730044,-0.692234823,0.35434322189746453,1.8461820706137402,-1.077292167,-0.824713882,-0.944375542,0.7127828439288392,0,1,0,0,1,0,0,0,1
0.605339205,1.0867627819869465,0.32010650580886024,2.3267537562072853,1.0781764228318145,1.8461820706137402,-0.170791514,-0.541294134,0.5818996843656117,-0.704280464,1,0,0,0,0,1,0,2,0
-0.748550666,-0.732848406,-1.607331465,-0.692234823,0.508842834,0.8099713668080862,-0.13629321,-0.469576798,-1.344805165,2.1298461519384597,1,0,0,0,0,1,0,0,1
1.5831485557881708,2.4514711729291143,0.2125620133308762,0.40483626,0.31702989286166294,1.8461820706137402,0.8226468940938877,-0.45926612,1.0925925359081852,-0.704280464,1,0,0,0,0,0,1,3,0
0.755771412,1.1777433413830911,-1.542368854,-0.692234823,0.000123208,0.8099713668080862,1.8124374178207232,-0.195972205,-1.246148591,-0.704280464,0,0,0,0,0,0,0,0,1
-0.898982874,-1.187751203,0.8509379936705221,-0.692234823,-0.139062827,1.8461820706137402,-0.739062037,-0.831250966,-0.21895956,-0.704280464,0,1,0,0,0,0,1,0,1
1.1318519321313376,0.085976629,1.1554052142011335,2.1673212467017287,1.5947868765766662,0.11916423093765023,0.031461728,0.080853283,-1.605954918,0.7127828439288392,0,1,0,0,1,0,0,0,1
-1.124631186,-1.005790084,0.5126449260146632,2.1232164101017683,-0.760579002,0.11916423093765023,-0.742137236,-0.762926052,0.848852766,-0.704280464,0,1,0,0,0,0,1,2,0
-0.146821835,-1.096770644,-1.025784794,1.4827658664910912,1.4373980001546403,-1.262450041,-1.077292167,3.686426647745939,-0.306009478,-0.704280464,1,0,0,0,1,0,0,1,1
0.9814197242457267,1.4506850195715246,-0.255590227,-0.692234823,1.3466617922318698,-0.917046473,0.3040866189251159,1.4717083921859002,0.5993096679409267,-0.704280464,1,0,0,0,0,1,0,3,0
-0.748550666,-0.005003931,0.7798219413904164,0.7508845710637682,-0.765974989,-0.571642905,-1.077292167,-0.61724247,-1.379625132,0.7127828439288392,1,0,0,0,1,0,0,0,1
-0.82376677,-0.914809525,1.2330505513377723,2.318059020346597,0.8381785826265339,0.8099713668080862,0.8644767588020156,-0.20500596,0.5760963565071733,-0.704280464,1,0,1,0,0,0,0,2,0
0.003610373,0.5408794256100793,-0.646907001,-0.692234823,-0.309238362,0.11916423093765023,-0.628527873,-0.607999071,0.10602679997366826,-0.704280464,0,1,0,0,0,0,0,1,0
0.078826477,0.26793774742164567,0.777365597,-0.692234823,-1.104400278,0.11916423093765023,0.474654275,-0.626466809,1.4407922074144852,-0.704280464,0,1,0,0,0,0,1,3,0
-0.82376677,-0.550887287,0.12023364808598822,1.3201775705029322,0.4559189233926579,0.11916423093765023,-1.077292167,-0.470567843,-1.698808164,0.7127828439288392,1,0,0,1,0,0,0,1,1
0.9814197242457267,1.6326461383638138,0.9137068773527286,-0.692234823,0.2796702310497408,0.8099713668080862,-0.788903526,-0.645125133,1.6032853874507584,-0.704280464,1,0,0,0,0,0,1,3,0
-0.297254043,-0.550887287,0.11915015163460302,2.134566359416784,1.027206805039437,0.8099713668080862,-0.693384445,-0.469443388,1.6497120103182652,-0.704280464,1,0,0,0,0,0,1,3,0
0.078826477,0.995782223,-1.51040964,-0.692234823,0.40791103921229804,0.11916423093765023,-1.077292167,-0.484690231,-1.147492017,2.1298461519384597,1,0,0,0,0,1,0,0,1
-0.222037939,-1.096770644,1.1814846120963034,0.021669371113126428,0.39646684351050626,1.8461820706137402,-1.077292167,-0.818519852,-0.346632773,-0.704280464,0,1,0,1,0,0,0,0,1
1.2822841400169487,-0.277945609,-0.866498236,-0.692234823,-0.760203588,1.8461820706137402,0.6173065221528121,-0.657780013,-0.085483019,-0.704280464,0,1,0,1,0,0,0,2,0
-0.297254043,0.26793774742164567,-1.156777786,1.873680755506729,-1.495964509,-0.571642905,1.6613022748685813,-0.440398153,-0.967588854,0.7127828439288392,1,0,0,0,1,0,0,0,1
1.5831485557881708,-0.368926168,-0.012457712,-0.692234823,0.078070382,-0.226239337,1.7052349672021534,0.10338049279870373,-1.199721968,0.7127828439288392,1,0,0,1,0,0,0,0,1
0.5301231005888934,0.6318599850062238,-1.768553849,-0.692234823,-1.327264495,0.8099713668080862,1.1333911279185787,-0.607408256,0.37297988146183164,0.7127828439288392,0,0,0,0,0,0,1,2,1
-0.673334562,-0.641867847,1.4781802223761955,1.143388235343061,-0.108376273,0.11916423093765023,1.618589520831189,-0.110208715,1.1274125030588151,-0.704280464,0,0,0,0,0,0,0,3,0
-1.500711706,-0.914809525,-1.677477245,0.42674177121106094,0.4075094884859194,-0.226239337,-1.077292167,-0.318766465,0.7908194872693917,-0.704280464,1,0,0,1,0,0,0,2,0
1.4327163479025598,0.3589183068177902,-1.169212048,-0.692234823,-0.543713097,-1.262450041,0.9820829863816485,1.1751763599478176,-0.770275707,-0.704280464,1,0,1,0,0,0,0,0,1
0.37969089270328243,0.8138211037985129,-1.157051412,2.2457370997832276,-1.403019772,-0.917046473,1.0792634500193776,-0.398717096,0.8894760608628434,-0.704280464,0,1,0,0,0,0,0,3,0
-1.124631186,-0.641867847,-0.913063422,-0.692234823,-0.650558855,-0.226239337,-1.077292167,-0.707732481,-1.147492017,-0.704280464,0,0,0,1,0,0,0,0,1
-1.049415082,-1.005790084,-0.842633008,-0.426245551,1.2497882735029684,0.8099713668080862,1.212027932907532,-0.050669794,-0.485912642,-0.704280464,1,0,0,0,0,1,0,2,1
1.2822841400169487,-0.005003931,-1.21308815,-0.692234823,-1.093708098,1.8461820706137402,0.15364048757790685,-0.797345799,0.3323565864527633,2.1298461519384597,0,1,0,1,0,0,0,2,1
-0.522902355,-1.005790084,-0.148003275,-0.692234823,1.198407600825008,0.8099713668080862,1.8964998163567448,0.072162582,-1.594348263,2.1298461519384597,1,0,0,0,0,0,0,0,1
-0.673334562,0.26793774742164567,-0.540589108,-0.692234823,-0.318719949,0.8099713668080862,-1.077292167,-0.827134318,-0.329222789,-0.704280464,1,0,0,1,0,0,0,2,0
1.3575002439597543,1.8146072571561027,-1.705273883,-0.692234823,-0.21442487,-0.917046473,-1.077292167,0.054190366,1.6264986988845118,-0.704280464,1,0,0,0,0,0,1,3,0
1.5831485557881708,1.5416655789676692,-1.303425649,-0.089305493,-1.722650586,-0.571642905,-0.858341579,-1.043448899,0.6109163236578034,-0.704280464,1,0,0,0,0,1,0,2,0
0.755771412,1.2687239007792355,0.8684799427491896,0.3964897490674907,-0.408782549,-1.262450041,1.832839319888863,1.5396902521379048,-0.54394592,2.1298461519384597,0,1,1,0,0,0,0,2,1
0.22925868481767137,0.995782223,-1.348783107,2.0213933269372406,-0.602271786,-1.262450041,0.31143607604439905,0.9581375539109716,-1.066245427,0.7127828439288392,1,0,0,0,0,1,0,0,1
1.5079324518453652,-0.18696505,-0.997041474,0.30823654777815457,1.7041322282213165,-1.262450041,0.03689627,4.296186005,1.35374229,-0.704280464,0,1,0,0,0,1,0,3,0
-0.898982874,-0.18696505,-0.012146344,-0.692234823,-1.203115227,1.8461820706137402,0.29529948391155736,-0.785758199,-0.13771297,-0.704280464,1,0,0,1,0,0,0,1,1
1.3575002439597543,1.4506850195715246,1.5841552961916505,2.3758316770229335,1.0333643121838765,-0.917046473,1.3712164582549924,1.4496767044638599,-1.14168869,2.1298461519384597,1,0,1,0,0,0,0,0,1
-0.598118459,-1.187751203,-1.494399369,-0.692234823,-1.730151743,-0.917046473,0.15035053173270826,-0.820616293,-0.863128952,-0.704280464,0,1,0,1,0,0,0,0,1
0.9814197242457267,1.1777433413830911,-0.304004748,1.9002764181394218,-0.197171257,-0.571642905,-0.6740265,-0.259684949,1.231872404510705,-0.704280464,0,1,0,1,0,0,0,3,0
-0.82376677,-0.459906728,-1.481928938,-0.692234823,-1.447926924,-0.226239337,-1.077292167,-1.000891149,0.094420144,-0.704280464,1,0,1,0,0,0,0,1,0
0.078826477,0.44989886621393477,0.21966371140700908,-0.692234823,-0.582605305,-0.226239337,0.49558113861468484,-0.375694364,-0.590372543,0.7127828439288392,1,0,1,0,0,0,0,1,1
-0.974198978,-0.641867847,-1.627158349,1.5018529336996604,1.3774635841928742,1.8461820706137402,-1.077292167,-0.674265661,0.23950334071774995,-0.704280464,1,0,0,0,1,0,0,1,0
-1.19984729,-0.914809525,0.9841608802771984,-0.692234823,-1.492929118,-0.917046473,-0.910163603,-0.853244536,-0.375649412,0.7127828439288392,1,0,0,0,1,0,0,1,1
0.5301231005888934,-0.732848406,-1.154456681,-0.692234823,1.3838111745213983,1.8461820706137402,0.7284640783477494,-0.320786672,-1.38542846,0.7127828439288392,0,0,0,0,0,0,1,0,1
-0.297254043,-0.277945609,0.8069754,-0.692234823,-0.165697045,-0.571642905,-0.813871994,-0.271577487,-0.549749248,-0.704280464,1,0,0,0,0,0,1,0,1
-0.974198978,-0.550887287,1.2891454742947557,0.2142376386860108,0.8790856718614344,-0.571642905,0.40170852722747724,0.4779001255199946,-0.178336265,0.7127828439288392,1,0,0,0,0,1,0,2,1
1.6583646597309762,-0.005003931,0.37720000677256277,0.9415702487694447,-0.018744924,-0.226239337,-0.112804178,-0.287167383,-0.207352904,0.7127828439288392,0,1,0,0,0,0,0,2,1
0.45490699664608797,0.17695718802550114,-1.160075452,-0.692234823,-1.094804641,-1.262450041,1.3950813147531191,0.4454052919853246,-0.433682691,-0.704280464,1,0,0,1,0,0,0,0,1
1.5831485557881708,2.542451732325259,-1.230557761,-0.692234823,-0.501699962,1.8461820706137402,-0.845823043,-0.905407797,-0.578765887,2.1298461519384597,0,1,0,1,0,0,0,1,1
-1.275063394,-0.732848406,-0.976695643,2.155525134470207,-1.539058742,-0.917046473,1.2182797438336754,-0.471597005,0.5935063400824884,-0.704280464,0,0,0,0,0,0,0,2,0
1.5831485557881708,0.8138211037985129,-0.368638693,-0.692234823,-0.421170033,-0.571642905,-1.077292167,-0.448212159,-1.54792164,0.7127828439288392,1,0,0,0,0,0,1,0,1
-0.297254043,0.3589183068177902,1.3747322585714457,1.1216133086131028,0.11715148469723251,-0.917046473,1.7193940065468114,0.8439958776416818,1.371152273113225,-0.704280464,1,0,0,0,0,0,1,3,0
-1.57592781,-1.005790084,1.3790426559201348,-0.692234823,0.6237362385015236,-0.571642905,0.16724473835755396,0.3069449015868625,-0.149319626,-0.704280464,0,0,0,0,0,0,0,1,1
-1.57592781,-1.005790084,-1.398408502,-0.692234823,0.558982026,0.11916423093765023,-1.077292167,-0.440245684,-0.369846084,2.1298461519384597,0,1,1,0,0,0,0,2,1
-0.372470147,-1.096770644,-0.337668621,-0.692234823,0.14409577604122062,-0.571642905,0.8057109291899552,0.19648152612237713,0.13504343926585993,0.7127828439288392,1,0,0,0,0,1,0,1,1
-1.57592781,-1.005790084,-0.847585011,-0.692234823,-0.853428697,1.8461820706137402,-0.498391178,-0.889303319,1.162232470209445,-0.704280464,0,1,0,0,0,0,1,3,0
-0.598118459,-1.187751203,1.3678601548086686,0.6748192348106905,-1.141163553,-0.571642905,1.4622166965878696,-0.305330185,0.16986340641648995,-0.704280464,0,1,0,0,1,0,0,2,0
-1.124631186,-0.732848406,-1.306460697,1.7824023520030359,1.1286910290022896,-1.262450041,-0.620698195,3.3215887601481744,-0.81670233,2.1298461519384597,0,1,1,0,0,0,0,0,1
0.6805553084745045,-0.18696505,0.5686879543665728,0.525833467,0.094074198,-0.571642905,-0.649168393,-0.112076453,-0.700635772,2.1298461519384597,0,1,0,0,1,0,0,0,1
0.22925868481767137,0.995782223,-1.571274149,1.3409295871316331,1.2550797141399228,-0.917046473,1.882140933819314,1.7124369800899573,1.197052437360075,-0.704280464,0,1,0,0,1,0,0,3,0
-0.522902355,-0.277945609,-0.677512237,-0.692234823,-1.349267811,1.8461820706137402,1.2334648437501814,-0.624103549,0.23950334071774995,-0.704280464,1,0,0,0,1,0,0,1,0
1.6583646597309762,0.26793774742164567,-1.072290223,-0.692234823,-1.551466422,-0.226239337,-1.077292167,-1.03895108,-0.764472379,2.1298461519384597,1,0,0,0,0,0,1,0,1
0.003610373,-0.914809525,1.3777547261760354,-0.692234823,1.0890206684838393,0.8099713668080862,0.3639918530094028,-0.250022263,-1.315788525,2.1298461519384597,1,0,0,0,1,0,0,1,1
-0.146821835,-0.914809525,-1.295452751,1.667509959991592,-0.989607855,0.8099713668080862,1.761528110145429,-0.413830529,-1.199721968,0.7127828439288392,1,0,0,1,0,0,0,0,1
-1.57592781,-1.096770644,1.0790383714258533,0.10311042640898237,-0.141564797,-0.917046473,0.6855872739282302,0.4519233172456513,1.4582021909898002,-0.704280464,1,0,0,0,0,1,0,3,0
-0.222037939,-1.096770644,0.806643589,-0.692234823,0.6549728457461215,-0.917046473,0.2899245968462375,0.9603483461045327,-1.234541935,0.7127828439288392,1,0,0,1,0,0,0,0,1
0.605339205,-1.096770644,-0.419842942,1.1902788696655948,-1.38310143,-0.226239337,0.19566124727614592,-0.728525363,1.0461659130406784,-0.704280464,1,0,0,1,0,0,0,3,0
-1.275063394,-0.641867847,-0.565423035,1.7016686281601772,0.049315548,-0.917046473,0.32787690706773054,0.5224399647988942,1.0113459458900484,-0.704280464,0,1,0,0,0,0,1,3,0
1.0566358281885322,-0.641867847,-1.219556105,-0.692234823,0.906613281,-0.226239337,-0.856730902,-0.092217441,0.5470797172149816,0.7127828439288392,1,0,0,0,0,0,0,2,1
1.5831485557881708,1.5416655789676692,-0.230614769,-0.692234823,-1.397955243,-0.226239337,0.7390945431095697,-0.627896201,1.3189223223872801,-0.704280464,0,1,0,0,1,0,0,2,0
-0.974198978,-0.09598449,1.1769163142860364,0.4791278268222649,-0.735550987,1.8461820706137402,0.2766902051099309,-0.720635122,-1.286771886,2.1298461519384597,1,0,0,0,0,1,0,0,1
-0.974198978,-0.823828965,0.3241417044942803,-0.692234823,-1.457466724,-1.262450041,0.6791505334804164,-0.227685638,0.1814700621333666,0.7127828439288392,0,1,0,0,0,0,1,1,1
1.6583646597309762,1.8146072571561027,0.9826968233886068,0.3791546874578837,-1.052915059,0.11916423093765023,1.8914053063081508,-0.334737533,-1.159098673,2.1298461519384597,0,1,0,0,0,0,0,0,1
-0.297254043,-0.18696505,0.9252872371030924,2.2958161666554253,1.0589625769805657,0.11916423093765023,-0.186075044,-0.119223411,0.639932963,-0.704280464,0,1,0,0,0,0,1,3,0
1.5831485557881708,-1.005790084,0.8257093527858012,-0.692234823,-0.139574864,0.8099713668080862,0.43883760280411555,-0.493495282,-0.155122954,0.7127828439288392,0,1,0,0,0,1,0,2,1
-0.222037939,0.17695718802550114,-1.13704211,-0.692234823,-0.655489138,-0.917046473,-1.077292167,-0.270129037,0.8778694051459667,-0.704280464,1,0,1,0,0,0,0,3,0
-0.372470147,0.5408794256100793,-1.195945632,0.7314492791398773,0.23751453289938476,0.8099713668080862,-1.077292167,-0.710286327,0.465833127,0.7127828439288392,0,1,0,0,0,0,1,2,0
-1.350279498,-0.641867847,-0.890144877,-0.692234823,0.8210924804171319,0.11916423093765023,1.6897694902689215,0.1770608602151462,-0.561355904,0.7127828439288392,1,0,0,1,0,0,0,1,1
-1.425495602,-0.732848406,-0.471575573,2.1739157522481327,0.7256208251708544,-0.226239337,-1.077292167,-0.201804123,-1.571134951,0.7127828439288392,0,0,0,0,1,0,0,0,1
-0.82376677,-0.550887287,0.5220850264466884,1.0011384391341582,1.6411030204186732,-1.262450041,-0.892177716,4.022124007206161,-0.78768569,2.1298461519384597,0,0,1,0,0,0,0,0,1
-0.598118459,-0.641867847,-0.010040681,-0.692234823,0.7662558578485338,-1.262450041,1.8034116640695257,3.261897370922024,-0.967588854,0.7127828439288392,0,1,0,0,1,0,0,0,1
-0.598118459,-0.368926168,0.03147972,-0.692234823,0.084564099,1.8461820706137402,-0.364991373,-0.725342584,1.0171492737484866,-0.704280464,1,0,1,0,0,0,0,3,0
1.2822841400169487,-0.641867847,-1.736402783,-0.692234823,1.5090807449127335,1.8461820706137402,0.8096302419556768,-0.286519393,-0.073876364,-0.704280464,1,0,1,0,0,0,0,2,1
-0.071605731,0.6318599850062238,0.3596769284593766,-0.692234823,-0.490108452,0.8099713668080862,-1.077292167,-0.863135925,0.018976882097093247,-0.704280464,0,0,0,0,1,0,0,1,0
-1.425495602,-0.641867847,0.8804911849780432,-0.692234823,1.600767368755927,-0.917046473,0.5081295014802791,1.698371767686094,0.001566899,-0.704280464,0,1,0,0,1,0,0,1,1
-1.500711706,-0.823828965,-0.532221496,0.7940535537413016,1.6284838730352587,0.11916423093765023,-1.077292167,-0.125703319,0.378783209,-0.704280464,1,0,0,0,1,0,0,1,1
-0.82376677,-0.550887287,-0.940970139,-0.692234823,0.994226185,1.8461820706137402,-1.077292167,-0.730621804,0.23950334071774995,-0.704280464,1,0,0,0,0,1,0,1,0
-0.222037939,-0.277945609,0.6666822669472241,1.2030543639089588,0.5194993724291462,1.8461820706137402,1.6622865771613424,-0.265574042,1.7135486167610867,-0.704280464,1,0,0,1,0,0,0,3,0
-1.350279498,-0.914809525,1.5161890891831333,1.7029418247755719,0.8487590878606414,-0.571642905,1.6242746122554397,0.7017237765646661,-0.857325625,-0.704280464,1,0,0,0,0,0,1,0,1
1.0566358281885322,1.4506850195715246,-0.840186098,0.5543878934211611,-1.38870532,-0.226239337,-0.494427125,-0.865327659,0.10602679997366826,-0.704280464,0,1,1,0,0,0,0,2,0
-0.673334562,-0.732848406,-0.739856528,-0.692234823,-1.352678616,-0.917046473,0.29556494725718085,-0.514726511,0.6457362908084333,-0.704280464,0,1,0,0,0,0,0,2,0
0.15404258087486586,0.3589183068177902,-0.469567409,-0.692234823,-1.721236842,-0.571642905,1.0691460155434813,-0.666432596,-1.727824803,0.7127828439288392,1,0,0,0,0,0,0,0,1
-0.222037939,-0.09598449,1.5350472741541221,-0.692234823,-0.959133956,-1.262450041,-0.137865111,0.34561470642078945,0.953312667,-0.704280464,1,0,0,1,0,0,0,3,0
0.8309875163601156,-0.459906728,0.47573528129701154,-0.692234823,0.6511379175072153,-0.571642905,1.7889573340370393,0.6370009292428248,0.6457362908084333,-0.704280464,1,0,0,0,0,1,0,3,0
-1.049415082,-1.187751203,1.543602021172316,1.6169194380687653,1.4502072307221394,1.8461820706137402,0.9552174992577105,-0.266736614,-0.236369544,0.7127828439288392,1,0,0,1,0,0,0,1,1
-1.425495602,-0.732848406,-1.654653054,0.18602055472260162,0.28537629063197956,-0.226239337,-0.256995515,-0.203500334,1.0635758966159934,-0.704280464,0,1,0,0,0,0,1,3,0
1.6583646597309762,-1.187751203,0.20124112660588048,-0.692234823,-1.288207152,0.8099713668080862,0.8467294901901102,-0.655168991,-0.938572215,0.7127828439288392,0,1,0,0,0,0,0,0,1
1.2822841400169487,-0.550887287,-1.083969655,-0.692234823,1.2432232755326476,-0.917046473,-1.077292167,1.1259481165342968,-0.555552576,-0.704280464,1,0,1,0,0,0,0,1,1
-1.500711706,-1.096770644,1.3855027479699031,-0.458978674,-1.727852925,0.8099713668080862,-1.077292167,-1.123151769,1.6555153381767034,-0.704280464,1,0,0,1,0,0,0,3,0
-1.275063394,-1.096770644,-1.116771763,-0.692234823,1.4192949529103858,-0.917046473,-1.077292167,1.255412869731372,0.007370226,-0.704280464,0,1,0,0,0,0,1,2,0
-1.500711706,-1.005790084,0.27769131526203644,-0.692234823,-1.213856115,-1.262450041,-0.614619383,-0.122044077,-0.741259067,0.7127828439288392,0,1,0,1,0,0,0,0,1
-0.372470147,-1.005790084,0.6728797408440442,-0.692234823,-0.880159145,-1.262450041,0.3804147876274113,0.562939391,-0.13771297,0.7127828439288392,0,1,0,0,0,0,1,1,1
0.3044747887604769,1.0867627819869465,-0.684824659,-0.140004835,-0.997128021,-1.262450041,-1.077292167,0.1063536271279756,1.1158058473419383,-0.704280464,0,1,0,0,0,0,1,2,0
-0.82376677,-0.09598449,0.5803846838374046,-0.692234823,1.6192458302887485,1.8461820706137402,-1.077292167,-0.638702401,-0.97919551,0.7127828439288392,0,1,0,0,1,0,0,0,1
0.45490699664608797,0.26793774742164567,0.28778874735832727,2.5196484844507836,1.0820125390906212,0.8099713668080862,1.0475540025213665,-0.118022722,0.25691332429306496,-0.704280464,1,0,0,0,0,0,0,1,0
-1.19984729,-0.914809525,1.3938514891315927,1.7212453863746673,-1.050649505,1.8461820706137402,-1.077292167,-1.031327659,-1.431855083,-0.704280464,1,0,0,0,0,0,0,0,1
0.605339205,-0.277945609,-1.291068443,-0.692234823,-0.193690358,-0.917046473,-1.077292167,0.069418151,-1.455068394,0.7127828439288392,0,1,1,0,0,0,0,0,1
0.22925868481767137,-1.005790084,1.2432360470063093,-0.692234823,1.0640033454185085,-0.226239337,-1.077292167,-0.077408945,0.9010827165797201,-0.704280464,0,1,0,1,0,0,0,3,0
1.4327163479025598,1.0867627819869465,0.9348421346917954,-0.473636758,-1.33845683,1.8461820706137402,-1.077292167,-1.073637648,0.053796849,0.7127828439288392,1,0,0,0,0,0,0,1,1
1.5079324518453652,0.7228405444023683,0.6116724130054161,-0.692234823,-0.680599126,1.8461820706137402,1.352723506087965,-0.502471861,1.057772568757555,-0.704280464,1,0,0,0,0,0,1,3,0
0.45490699664608797,0.085976629,-1.770374878,1.191258251677437,0.9377144539525196,0.11916423093765023,-1.077292167,-0.328867498,-1.484085033,2.1298461519384597,1,0,1,0,0,0,0,0,1
-1.19984729,-0.914809525,-0.547863788,1.766993408350052,-0.71711767,-0.226239337,-1.077292167,-0.732203664,-1.11267205,2.1298461519384597,1,0,0,0,0,1,0,1,1
1.5831485557881708,1.35970446,1.231978062832918,-0.692234823,0.7209922996383951,-0.917046473,1.2551344078620288,1.197341457543607,-1.46667505,0.7127828439288392,1,0,0,0,0,0,1,0,1
0.605339205,-0.18696505,-0.639500225,-0.692234823,-1.151665649,-1.262450041,0.8483759594798198,0.2550484606983543,0.15825675069961326,-0.704280464,0,0,0,0,0,0,1,1,1
1.6583646597309762,0.3589183068177902,0.8394095285252321,-0.692234823,-0.325539183,-0.226239337,0.8370027938970979,-0.214516178,1.2899056830950884,-0.704280464,0,1,0,0,0,1,0,3,0
-0.146821835,0.3589183068177902,-0.35131533,1.1832490832250386,1.6299451375129088,-0.571642905,1.1743858270449699,0.9968073587448985,-0.694832444,0.7127828439288392,0,1,0,0,1,0,0,0,1
-1.124631186,-0.459906728,1.3835637768166986,-0.692234823,1.533007465709379,0.8099713668080862,1.7482102018509487,0.11350058465026373,1.4175788959807318,-0.704280464,0,1,0,0,0,0,1,3,0
-1.651143914,-1.187751203,0.7272825851628699,-0.151648599,-0.795284628,-0.571642905,-1.077292167,-0.63159356,-0.265386183,-0.704280464,1,0,0,0,0,1,0,2,1
-0.673334562,-1.096770644,0.580936654,-0.692234823,-1.280732131,0.11916423093765023,-1.077292167,-0.981337074,-0.422076035,0.7127828439288392,0,1,0,0,1,0,0,1,1
0.755771412,0.44989886621393477,-1.474995504,-0.692234823,0.1397713836032966,-0.226239337,0.6793712558127325,-0.074226166,-1.431855083,-0.704280464,0,1,0,0,1,0,0,0,1
0.45490699664608797,0.9048016631946574,-0.488991717,-0.692234823,-0.827198406,-0.571642905,1.0876330022420677,-0.224579094,-1.309985197,-0.704280464,0,1,0,0,0,0,1,1,1
-1.124631186,-0.641867847,0.056106069,-0.692234823,-1.143271101,-0.917046473,-1.077292167,-0.628772894,-1.722021475,0.7127828439288392,1,0,0,0,0,0,0,0,1
-1.500711706,-1.005790084,-1.449431907,-0.692234823,1.3247677734850285,0.11916423093765023,1.4230683099439607,0.27313502786809146,1.6497120103182652,-0.704280464,1,0,0,0,1,0,0,3,0
-0.146821835,-0.732848406,1.648955932290678,2.4073895418489597,-0.997251575,-0.226239337,-0.759896436,-0.773236729,0.32074993073588665,-0.704280464,1,0,0,0,0,0,0,2,0
-0.071605731,-0.641867847,1.3472029568617951,-0.692234823,1.4440271511995897,-1.262450041,0.3464116175138448,3.9741155112097775,-0.323419462,2.1298461519384597,1,0,0,1,0,0,0,1,1
-0.522902355,-0.277945609,0.7305959770686299,-0.692234823,-1.226447938,-0.226239337,-0.162884285,-0.740932481,-1.605954918,2.1298461519384597,0,0,1,0,0,0,0,0,1
0.755771412,1.35970446,1.4260057009479543,0.6237390218819429,-0.195289433,0.11916423093765023,-1.077292167,-0.662087246,-0.758669051,2.1298461519384597,0,1,0,1,0,0,0,0,1
-1.651143914,-1.096770644,-0.378802173,-0.692234823,0.3224187511304606,1.8461820706137402,1.5445461265417875,-0.317527659,0.831442782,-0.704280464,0,1,0,1,0,0,0,2,0
1.5831485557881708,1.4506850195715246,0.40306710855606803,-0.056692072,-1.520968763,-0.917046473,0.7507987921907657,-0.549565546,-0.398862724,2.1298461519384597,1,0,1,0,0,0,0,1,1
1.3575002439597543,0.6318599850062238,-1.673456199,0.20037394220726676,0.8736528568563172,-1.262450041,-1.077292167,2.8574176922673016,-1.379625132,2.1298461519384597,1,0,0,0,1,0,0,0,1
0.003610373,-0.914809525,0.12684156113202683,-0.692234823,-0.28977622,0.11916423093765023,1.8508729309859353,-0.118194249,0.848852766,-0.704280464,0,0,0,1,0,0,0,2,0
0.605339205,0.085976629,-0.885318679,-0.692234823,0.927918042,-0.571642905,1.0708402085807187,0.6324649935353459,0.465833127,2.1298461519384597,1,0,0,0,1,0,0,3,1
-0.974198978,-1.187751203,0.8144230624641878,-0.692234823,-1.36720216,-0.571642905,-1.077292167,-0.911944881,0.291733291,-0.704280464,1,0,0,0,0,1,0,1,0
-0.974198978,-0.914809525,-0.117828921,0.5601009551569074,1.5520454846153495,1.8461820706137402,-1.077292167,-0.64859379,1.5104321417157451,-0.704280464,1,0,0,0,0,0,0,3,0
-1.350279498,-1.096770644,-0.131376558,2.304978829477327,-0.142778953,-0.571642905,-0.313935912,-0.162734088,-1.159098673,0.7127828439288392,1,0,0,0,0,1,0,1,1
-0.146821835,-0.277945609,0.2313116914003475,-0.692234823,-1.032010661,0.11916423093765023,-0.058094867,-0.70919999,0.7908194872693917,-0.704280464,1,0,0,0,0,0,0,3,0
-0.522902355,-0.005003931,0.040062774,-0.692234823,-1.122146919,0.8099713668080862,0.4536498609430604,-0.697021574,0.9939359623147334,-0.704280464,0,1,0,0,1,0,0,3,0
0.6805553084745045,-0.18696505,-1.244182454,-0.692234823,-1.093765123,0.11916423093765023,1.7246585324459731,-0.37929643,-1.298378542,2.1298461519384597,1,0,0,0,0,1,0,0,1
1.3575002439597543,2.178529494740681,0.8873255472098576,-0.692234823,-0.731213526,-1.262450041,1.7485860263627302,1.0491040292546547,1.4523988631313618,-0.704280464,1,0,0,0,0,0,0,3,0
0.078826477,0.995782223,0.13450938217259903,2.3844611207494983,0.7519592263655729,-1.262450041,-1.014338578,2.6907315842941495,-0.335026117,0.7127828439288392,1,0,0,0,0,0,1,0,1
1.5831485557881708,1.7236266977599581,-0.859006542,-0.692234823,-0.898716016,0.11916423093765023,-0.590211669,-0.77388472,1.1216091752003767,-0.704280464,1,0,0,0,0,0,0,2,0
-0.598118459,-0.550887287,-1.370245457,0.8605535923453871,-1.57807094,0.8099713668080862,1.4279242012549158,-0.602586442,0.3903898650371466,-0.704280464,0,1,0,0,0,1,0,1,0
-1.500711706,-1.005790084,-1.10401198,-0.692234823,0.8065760652525732,0.8099713668080862,-1.077292167,-0.590732022,-0.189942921,-0.704280464,0,0,1,0,0,0,0,1,1
1.4327163479025598,2.178529494740681,-1.27146329,-0.692234823,0.083833467,-0.917046473,1.5085415417662733,0.7783201026502021,0.29753661930213327,-0.704280464,1,0,0,0,0,0,0,2,0
-1.651143914,-1.096770644,1.1166226460094617,-0.034786561,0.7725345430228273,0.8099713668080862,-0.462896641,-0.477943503,-0.81670233,0.7127828439288392,1,0,1,0,0,0,0,0,1
1.5079324518453652,0.7228405444023683,-1.037305397,-0.692234823,0.5945121369684211,-0.226239337,0.9769168907117628,0.15104593483401738,0.6863595858175017,-0.704280464,1,0,0,0,0,1,0,3,0
-1.049415082,-1.005790084,-0.896251143,-0.692234823,-1.596096766,0.11916423093765023,-0.239728467,-0.910553606,-0.683225789,0.7127828439288392,1,0,0,0,0,1,0,0,1
1.3575002439597543,2.6334322917214035,0.084747174,-0.692234823,-0.712114918,-0.226239337,-1.077292167,-0.730374042,1.1100025194835001,-0.704280464,1,0,0,0,0,0,0,3,0
1.2070680360741433,2.178529494740681,-0.585191735,-0.692234823,0.7539170831616441,-0.571642905,-1.077292167,0.1277945,0.2801266357268183,2.1298461519384597,1,0,0,0,0,1,0,2,1
-0.598118459,-0.823828965,-1.068756673,2.507634731772186,0.7218001531707545,0.8099713668080862,-1.077292167,-0.608551769,-1.182311985,-0.704280464,1,0,0,0,0,0,1,0,1
-1.500711706,-0.823828965,1.534998524676629,-0.692234823,-1.327023327,-0.226239337,0.8399765799149247,-0.582117556,1.4523988631313618,-0.704280464,0,1,0,0,1,0,0,2,0
0.37969089270328243,-0.18696505,-1.498354366,-0.692234823,0.34607103933008404,-0.917046473,-1.077292167,0.46629346650379866,0.5122597500643516,-0.704280464,1,0,0,0,0,0,1,1,1
-1.19984729,-0.823828965,1.3622681179710405,-0.692234823,-1.373725577,-0.571642905,-1.077292167,-0.915146718,0.67475293,-0.704280464,1,0,0,0,0,0,0,2,0
-1.651143914,-1.187751203,1.6433859113461113,0.6973776671501225,1.6357022819508704,1.8461820706137402,-0.714114448,-0.565384146,-0.834112313,0.7127828439288392,1,0,1,0,0,0,0,0,1
0.9062036203029211,0.9048016631946574,0.032679587,-0.692234823,0.18909915789314366,1.8461820706137402,1.4039281044510874,-0.364602286,1.556858764583252,-0.704280464,1,0,0,0,0,1,0,3,0
0.9814197242457267,0.26793774742164567,0.2377607755035851,-0.692234823,0.19246600629124164,0.8099713668080862,-1.077292167,-0.71973937,-1.048835444,2.1298461519384597,1,0,0,0,0,1,0,0,1
-1.19984729,-0.641867847,0.44740711718198545,-0.692234823,1.2682560428566851,0.8099713668080862,-1.077292167,-0.493743044,-0.799292346,0.7127828439288392,1,0,0,0,1,0,0,0,1
-0.974198978,-0.368926168,1.0868021188576222,1.0264173770620408,-0.686319442,-0.571642905,1.2184795870264482,-0.129972435,0.5296697336396666,2.1298461519384597,1,0,0,1,0,0,0,2,1
0.8309875163601156,-0.914809525,-0.628809936,-0.692234823,0.39597975535128954,-1.262450041,-1.077292167,2.154976589870038,1.3247256502457185,-0.704280464,1,0,0,0,0,1,0,3,0
1.2070680360741433,0.085976629,-0.66698864,-0.692234823,0.00117223,-0.917046473,-0.555039267,0.31466361571093365,-1.240345263,2.1298461519384597,1,0,0,0,1,0,0,0,1
1.5079324518453652,2.178529494740681,-0.463656142,-0.692234823,-1.449467786,-1.262450041,1.5477257212208282,-0.046324444,1.5684654203001285,-0.704280464,1,0,0,0,0,0,0,2,0
0.003610373,-0.459906728,-0.292262415,-0.692234823,-0.822079228,-0.226239337,-0.23081904,-0.605540518,-0.712242428,0.7127828439288392,0,0,0,0,0,0,1,1,1
0.755771412,-0.550887287,1.6006766513705373,-0.692234823,0.8889462370358215,1.8461820706137402,0.33734708821778087,-0.469919852,0.4890464386305983,-0.704280464,1,0,0,0,0,0,0,2,0
0.5301231005888934,-1.096770644,1.394118824975911,-0.089185791,0.11544667613997399,0.8099713668080862,-0.328330587,-0.58970286,0.12343678354898326,-0.704280464,0,1,0,0,0,1,0,1,1
-1.651143914,-1.005790084,-0.147405701,1.8014241270774822,1.5655984156405796,0.8099713668080862,1.8655897416298246,0.1432700450497679,-0.694832444,0.7127828439288392,0,1,1,0,0,0,0,0,1
-0.372470147,-0.641867847,1.5064391936844568,-0.692234823,-0.621087646,0.8099713668080862,-1.077292167,-0.890656477,-0.526535937,-0.704280464,1,0,0,0,0,1,0,0,1
0.003610373,-0.914809525,-0.994169972,-0.692234823,1.576133776118467,0.8099713668080862,1.3428029320706207,0.043422284,1.4640055188482384,-0.704280464,1,0,0,0,0,0,1,2,0
0.078826477,0.17695718802550114,0.027221217592402768,-0.692234823,0.7555541745845724,-0.571642905,0.7561259555085578,0.4865336502069187,-0.990802165,-0.704280464,0,1,0,0,0,0,1,0,1
0.9062036203029211,0.8138211037985129,0.8120170398653209,-0.692234823,-0.920366491,-0.226239337,0.3914598524458795,-0.520177257,0.12343678354898326,-0.704280464,1,0,0,1,0,0,0,2,0
0.15404258087486586,-0.277945609,0.6001958424651996,-0.692234823,-0.49731498,-0.917046473,-0.204857321,0.016511606434465594,1.0461659130406784,-0.704280464,1,0,0,0,0,0,0,2,0
0.078826477,-0.005003931,-0.39623247,-0.692234823,0.063805827,-0.571642905,-0.484840617,-0.094828462,1.6439086824598268,-0.704280464,1,0,0,0,0,0,1,3,0
1.5831485557881708,-0.641867847,-0.004332275,-0.692234823,0.9758308844410786,-0.226239337,1.4547509128339875,0.3845132138954297,-0.863128952,0.7127828439288392,1,0,0,0,0,0,1,1,1
0.6805553084745045,1.8146072571561027,0.2976125533551391,-0.692234823,-0.296336466,-0.571642905,-1.077292167,-0.387034203,-1.472478378,0.7127828439288392,1,0,0,0,0,0,0,0,1
-0.673334562,0.17695718802550114,-1.149676088,-0.692234823,-0.12381578,-0.571642905,0.6961580840056406,0.043784396339517105,-0.224762888,-0.704280464,0,1,1,0,0,0,0,1,1
1.5831485557881708,-0.09598449,-0.633640852,-0.692234823,-0.373200165,-0.571642905,0.4772313576902409,-0.1212055,0.9010827165797201,-0.704280464,0,0,1,0,0,0,0,2,0
1.2822841400169487,2.4514711729291143,-0.829473794,-0.692234823,1.400577699377558,1.8461820706137402,0.8676086297335283,-0.291150621,1.6439086824598268,-0.704280464,1,0,1,0,0,0,0,3,0
-1.275063394,-0.914809525,0.28280372014368127,1.1876780663230362,-0.458589096,0.11916423093765023,1.7288999805075076,-0.191645914,0.8894760608628434,-0.704280464,1,0,0,0,1,0,0,3,0
1.1318519321313376,1.35970446,0.945727421,-0.342802204,-1.168318124,0.8099713668080862,1.893869044774274,-0.425532481,-1.280968558,0.7127828439288392,1,0,0,0,0,1,0,0,1
-1.350279498,-0.550887287,-1.42984248,1.7904768125895572,0.8195813191036595,1.8461820706137402,0.8857257573887742,-0.373045225,-0.828308985,-0.704280464,0,0,0,1,0,0,0,0,1
-0.222037939,-0.368926168,1.138136891221945,-0.692234823,-1.137238336,0.11916423093765023,1.0278649739319234,-0.528124674,0.3671765536033933,0.7127828439288392,1,0,0,0,0,1,0,2,0
0.5301231005888934,0.3589183068177902,1.149247054399066,0.5354531745255453,1.1526795268337626,0.11916423093765023,0.9412374239662818,0.12844249051019413,1.59748206,-0.704280464,0,0,0,0,0,0,1,3,0
1.3575002439597543,0.8138211037985129,1.3920178797523253,-0.692234823,-1.345141818,-0.226239337,-0.234887489,-0.798641781,-0.828308985,0.7127828439288392,1,0,1,0,0,0,0,1,1
0.003610373,0.3589183068177902,-1.730007166,-0.692234823,0.6598722398159014,1.8461820706137402,1.347885511182333,-0.306302171,0.8024261429862684,-0.704280464,1,0,0,0,0,0,1,2,0
-0.598118459,0.3589183068177902,0.6796197492484519,2.019227804488834,0.17563532836045329,-0.917046473,-1.077292167,0.34098347794634676,0.5644897007902967,0.7127828439288392,0,1,0,0,0,1,0,2,0
0.37969089270328243,0.26793774742164567,0.008304848,2.5603037199645886,-0.451863715,-0.226239337,-1.077292167,-0.634700104,-0.671619133,-0.704280464,0,1,0,0,0,1,0,1,1
1.2822841400169487,2.3604906135329697,1.4602467049137908,-0.363945973,-1.033234321,-1.262450041,-0.727593424,0.1215242356286192,-0.079679691,-0.704280464,1,0,0,0,0,0,0,0,1
-0.598118459,-1.187751203,1.4706916736076956,1.9230198448588685,-0.238820858,1.8461820706137402,-1.077292167,-0.911944881,0.9997392901731718,-0.704280464,1,0,0,0,0,0,1,3,0
-0.071605731,0.995782223,-0.821298035,1.7642946668063089,-1.435677251,0.11916423093765023,1.7539430170227273,-0.474150851,-0.265386183,0.7127828439288392,1,0,0,0,0,0,1,0,1
-0.522902355,0.085976629,-0.154630059,-0.692234823,-1.624402528,-0.917046473,-1.077292167,-0.982537762,-1.19391864,0.7127828439288392,1,0,0,0,0,0,1,0,1
0.15404258087486586,-0.368926168,0.34599876861300727,-0.233916688,0.9471295116642087,0.11916423093765023,0.949583114,0.069608736,0.018976882097093247,-0.704280464,0,1,0,1,0,0,0,0,1
-1.124631186,-0.641867847,0.35556467414824117,1.100632769514972,1.1221141508329633,-1.262450041,-1.077292167,3.2227892193600636,-1.698808164,2.1298461519384597,1,0,0,0,0,0,1,0,1
1.6583646597309762,0.9048016631946574,-1.194673428,2.3775945646442493,-1.335935852,0.8099713668080862,1.3281517415795823,-0.571197005,-1.397035115,-0.704280464,1,0,0,0,0,0,0,0,1
-1.19984729,-0.914809525,0.30428808664415236,-0.692234823,1.4208358147213713,1.8461820706137402,-1.077292167,-0.667881046,0.8546560937122134,-0.704280464,1,0,1,0,0,0,0,2,0
1.6583646597309762,2.997354529305982,-0.896197675,-0.249303868,0.6268381584618037,0.8099713668080862,0.6500002719435843,-0.291264972,1.1564291423510067,-0.704280464,1,0,0,0,0,0,1,3,0
0.9062036203029211,1.4506850195715246,0.031122748355663553,-0.692234823,1.1917903299790638,1.8461820706137402,0.6137302238224467,-0.371406189,-0.834112313,0.7127828439288392,1,0,0,0,0,0,0,0,1
0.078826477,0.995782223,1.5523360404625821,0.5839325841117342,-1.698102531,0.11916423093765023,-1.077292167,-1.104074157,-0.335026117,-0.704280464,1,0,1,0,0,0,0,2,0
0.15404258087486586,0.7228405444023683,1.496874860713013,-0.692234823,-1.023357124,0.11916423093765023,0.9570399498664288,-0.508475305,0.15825675069961326,-0.704280464,1,0,1,0,0,0,0,1,0
-1.500711706,-1.096770644,-0.606597473,-0.692234823,-0.784439194,-1.262450041,-0.947954846,0.4443570715487223,1.6381053546013884,-0.704280464,0,1,0,0,0,0,1,3,1
1.5079324518453652,2.3604906135329697,-0.096742413,0.7846950145170317,1.2280344411043898,0.8099713668080862,1.8331853170584398,0.066044787,-0.514929281,-0.704280464,1,0,0,1,0,0,0,0,1
0.5301231005888934,-0.914809525,0.595734479,-0.692234823,0.2812788099950565,1.8461820706137402,-1.077292167,-0.835462906,-1.408641771,2.1298461519384597,0,1,1,0,0,0,0,0,1
-1.350279498,-1.096770644,-0.360829341,-0.692234823,-1.307444759,-1.262450041,0.1577029715862119,-0.108874616,-0.62519251,-0.704280464,0,1,0,0,1,0,0,0,1
1.3575002439597543,1.9965683759483919,0.9536138286543283,-0.692234823,1.3908299960937212,0.11916423093765023,1.1498468726130127,0.23922986138235655,0.7850161594109534,-0.704280464,0,0,1,0,0,0,0,1,0
-0.82376677,-0.459906728,0.44130557,-0.692234823,0.8689993829059468,0.11916423093765023,-1.077292167,-0.349069565,0.11763345569054492,-0.704280464,1,0,0,0,0,0,1,0,0
0.3044747887604769,-0.005003931,0.34855575733572475,-0.692234823,1.0147219039047821,0.11916423093765023,0.6734743902588272,0.035608277,-0.242172872,-0.704280464,0,1,0,0,0,1,0,1,1
-1.651143914,-1.005790084,-1.677337287,-0.692234823,-0.287330087,-1.262450041,-1.077292167,1.1501334207897198,-0.480109314,0.7127828439288392,0,1,1,0,0,0,0,2,1
0.9814197242457267,2.0875489353445364,-0.764396386,2.1519558311381597,-0.019178551,-0.917046473,1.7349459827724374,0.7467781967851705,1.7077452889026485,-0.704280464,1,0,0,0,0,1,0,3,0
-0.222037939,-0.09598449,-0.35068945,-0.692234823,-0.173467883,1.8461820706137402,1.5350282216442095,-0.392313422,1.6729253217520186,-0.704280464,1,0,0,0,0,0,1,2,0
1.2070680360741433,-1.005790084,0.7317408035078293,-0.155544363,-0.125146362,-0.571642905,1.6667815576316183,0.23261654335506593,-1.037228788,2.1298461519384597,0,1,0,0,0,0,1,0,1
1.2070680360741433,2.4514711729291143,0.7379461402236001,2.5171673833541166,-1.586174424,-0.571642905,-0.025260928,-0.813888623,1.231872404510705,-0.704280464,0,0,0,0,0,0,0,3,0
-1.425495602,-0.914809525,1.154334298260069,-0.692234823,1.075064999,0.11916423093765023,-0.141134187,-0.105691838,0.587703012,-0.704280464,0,1,0,1,0,0,0,3,0
-1.275063394,-1.187751203,0.8481246770500169,1.799117138338476,0.7091608094490309,-0.226239337,-0.625640586,-0.119699875,1.1041991916250617,-0.704280464,1,0,0,0,1,0,0,3,0
0.22925868481767137,-0.641867847,1.672973699057015,-0.065843853,-0.464644433,1.8461820706137402,1.8428911342119088,-0.375027314,1.6671219938935802,-0.704280464,0,1,0,0,0,0,1,3,0
0.37969089270328243,-0.641867847,0.330664699,-0.336490631,-0.272495282,-0.917046473,1.4633769801996397,0.5074980589389638,0.8720660772875284,-0.704280464,1,0,1,0,0,0,0,3,0
-1.500711706,-1.096770644,-0.467779404,-0.692234823,-1.014090569,1.8461820706137402,-1.077292167,-1.025953147,-1.083655411,2.1298461519384597,0,0,0,0,1,0,0,0,1
-0.974198978,-0.823828965,-1.694283234,0.1602736898335055,-0.271004317,-0.226239337,-0.393762828,-0.434756821,1.4407922074144852,-0.704280464,0,1,0,0,0,0,1,3,0
0.8309875163601156,1.9965683759483919,1.4010852825660947,-0.692234823,-1.087058751,0.8099713668080862,0.130416919,-0.752767843,1.7077452889026485,-0.704280464,0,1,0,0,1,0,0,2,0
-1.500711706,-1.187751203,0.088434836,1.0731447810492676,-1.52686253,-0.226239337,-1.077292167,-1.029898268,-1.35641182,0.7127828439288392,1,0,0,0,1,0,0,0,1
-1.19984729,-0.641867847,-0.260120783,-0.692234823,0.7426320821265231,0.8099713668080862,-1.077292167,-0.604168302,1.1274125030588151,-0.704280464,1,0,0,1,0,0,0,2,0
-1.275063394,-0.459906728,1.235925197946092,-0.692234823,-1.684306056,-1.262450041,-1.077292167,-0.904168991,0.059600177106161584,-0.704280464,1,0,0,0,0,1,0,1,0
-1.57592781,-1.005790084,0.5591409195968202,-0.692234823,-0.614393153,0.11916423093765023,-1.077292167,-0.785357969,-0.224762888,0.7127828439288392,1,0,1,0,0,0,0,0,1
0.9814197242457267,0.085976629,-0.784226416,1.766710475768853,1.482054480195609,-0.917046473,-1.077292167,1.3015536274952644,1.3421356338210335,-0.704280464,0,0,0,1,0,0,0,2,1
1.3575002439597543,1.1777433413830911,-0.199490586,-0.692234823,0.3336574193894609,-0.571642905,0.6484373192120485,0.2587077029497658,-0.973392182,0.7127828439288392,0,1,0,0,0,0,0,1,1
1.5831485557881708,-0.459906728,0.25323008550688875,-0.692234823,0.8186974322976663,-0.917046473,-1.077292167,0.8138071290675368,-0.892145592,0.7127828439288392,0,1,0,0,0,0,1,0,1
-0.146821835,0.3589183068177902,-1.004004786,0.3556495191736709,-1.644468184,1.8461820706137402,-1.077292167,-1.118653951,0.7037695693928167,-0.704280464,1,0,1,0,0,0,0,1,0
0.45490699664608797,0.3589183068177902,-0.782584659,-0.692234823,-1.259348961,-0.917046473,0.8665825691616803,-0.334604123,-0.166729609,-0.704280464,0,1,0,0,0,1,0,1,1
-0.598118459,-1.187751203,0.5847548386101179,2.2445618413690167,-1.123238709,0.11916423093765023,0.98413809,-0.532546258,0.465833127,-0.704280464,1,0,0,0,0,0,0,2,0
-1.049415082,-0.914809525,-1.572285308,-0.692234823,-1.716566736,-0.571642905,1.0522309297790922,-0.667442699,-0.549749248,0.7127828439288392,1,0,0,0,0,0,1,2,1
1.2822841400169487,0.6318599850062238,1.233014382,-0.692234823,0.33909261043437916,-0.226239337,1.530724136164045,0.16526361566502257,0.5064564222059134,0.7127828439288392,1,0,0,1,0,0,0,2,1
1.2070680360741433,2.542451732325259,-1.530848252,-0.692234823,0.45895075017880677,-0.226239337,-1.077292167,-0.299841321,-0.294402822,-0.704280464,1,0,0,1,0,0,0,1,1
0.9814197242457267,-0.914809525,-0.532647661,1.7963422226382566,-0.273813984,1.8461820706137402,0.27383572846092363,-0.653301253,-0.004236429,-0.704280464,1,0,1,0,0,0,0,2,0
-0.974198978,-0.277945609,1.1944504005457535,2.381805907295171,-1.227456567,-0.917046473,-1.077292167,-0.690675076,1.4930221581404302,-0.704280464,1,0,0,0,0,0,0,3,0
-0.146821835,-0.732848406,1.2075262684605108,-0.692234823,-0.785171014,-0.226239337,1.115965994602486,-0.329019967,-0.781882362,2.1298461519384597,1,0,0,1,0,0,0,1,1
0.45490699664608797,-0.732848406,1.6701352214158678,-0.692234823,0.7582093990622538,0.11916423093765023,0.14292948899213337,-0.143427774,-1.495691689,2.1298461519384597,0,1,0,0,0,1,0,0,1
1.5079324518453652,-0.277945609,-0.831062083,-0.181857093,0.2993592848612009,-0.571642905,-1.077292167,-0.095019048,0.8952793887212817,-0.704280464,0,1,1,0,0,0,0,3,0
-1.124631186,-0.914809525,-1.761562231,-0.692234823,-0.530150662,-1.262450041,0.512099521,1.1033446722104736,1.4756121745651152,-0.704280464,0,1,0,0,0,0,1,2,0
0.6805553084745045,1.5416655789676692,1.2079084014615074,-0.692234823,-1.395713449,0.11916423093765023,1.7116239839024394,-0.470644077,1.4988254859988686,-0.704280464,1,0,0,0,0,0,0,3,0
0.9814197242457267,-0.005003931,-1.462205843,-0.160441273,1.4638421351205058,-0.571642905,-0.946030982,0.501399322,1.6787286496104568,-0.704280464,0,1,0,1,0,0,0,2,0
-0.071605731,-1.096770644,-1.06666359,-0.692234823,-0.903185347,-0.917046473,1.0196564893571396,-0.042855787,1.6497120103182652,-0.704280464,0,0,0,0,1,0,0,3,0
0.5301231005888934,0.9048016631946574,-1.548470402,1.232969043359561,-0.1827879,-0.571642905,-1.077292167,-0.331364169,0.7850161594109534,-0.704280464,0,1,0,0,0,0,1,1,0
-0.297254043,-0.914809525,0.025147006,1.8860209688559408,0.82288639,-0.917046473,-0.86548821,0.8582326170260798,-1.106868722,0.7127828439288392,1,0,0,0,1,0,0,0,1
-1.275063394,-0.823828965,1.0318991992535416,-0.692234823,-0.214345272,-0.571642905,0.9018056775714266,0.039553397,0.3497665700280783,2.1298461519384597,1,0,0,0,0,0,0,2,1
0.8309875163601156,1.6326461383638138,1.4636009834780936,-0.692234823,1.2452369692640435,-0.917046473,-0.442098036,1.2514486906256763,-1.745234787,-0.704280464,0,1,0,0,1,0,0,0,1
-0.673334562,-0.005003931,0.9460718127169648,1.5202653155222938,1.001121452083531,1.8461820706137402,0.9561451296002823,-0.332602975,-0.555552576,-0.704280464,0,1,0,0,1,0,0,1,0
-0.222037939,0.3589183068177902,0.3516757238953013,-0.692234823,-1.224143179,0.8099713668080862,1.218172365401738,-0.569176798,1.6264986988845118,-0.704280464,1,0,1,0,0,0,0,3,0
-0.82376677,-0.005003931,0.444101588,-0.692234823,0.5959745894659718,-0.226239337,0.4584699594433695,0.050359597,-0.828308985,0.7127828439288392,1,0,0,1,0,0,0,0,1
-0.071605731,-0.005003931,-1.415352877,-0.692234823,-0.299776971,0.11916423093765023,0.6889189880525156,-0.348002286,1.4291855516976084,-0.704280464,1,0,0,0,1,0,0,3,0
1.5831485557881708,0.8138211037985129,-1.348136783,-0.692234823,-0.393872899,1.8461820706137402,0.12614564353344573,-0.699785064,1.423382224,-0.704280464,1,0,0,1,0,0,0,2,0
1.2070680360741433,2.2695100541368256,-1.014180846,-0.692234823,-0.255241669,0.8099713668080862,-1.077292167,-0.813793331,-0.13771297,-0.704280464,1,0,1,0,0,0,0,1,0
0.078826477,-0.368926168,-0.359247342,-0.692234823,-0.919307965,-1.262450041,-1.077292167,0.22078118169815678,-0.555552576,2.1298461519384597,1,0,1,0,0,0,0,1,1
0.605339205,-0.368926168,-0.530265227,2.2837588858874125,0.8178123574717725,-0.571642905,1.679192715,0.6972640750707583,-1.170705329,2.1298461519384597,0,0,1,0,0,0,0,0,1
-0.673334562,0.085976629,0.7715927150767753,-0.692234823,0.8114196223870282,-1.262450041,-0.909757951,2.7986029964972183,-1.234541935,0.7127828439288392,0,1,0,1,0,0,0,0,1
0.8309875163601156,0.5408794256100793,-1.636589014,-0.692234823,-0.235999311,0.8099713668080862,-0.445256751,-0.686367843,-0.050663052,-0.704280464,0,1,0,0,0,1,0,1,1
1.5079324518453652,-0.368926168,-0.746050857,-0.387559962,1.3127010553553597,0.11916423093765023,0.6493589840861793,0.11853204274595458,0.32655325859432494,-0.704280464,1,0,0,0,0,0,0,2,0
1.0566358281885322,-0.823828965,0.2689226995683879,-0.692234823,-0.103474503,0.11916423093765023,-0.956786722,-0.611563021,1.0461659130406784,-0.704280464,1,0,0,0,0,0,1,2,0
-1.19984729,-1.096770644,1.0280212569471325,2.069034820802187,1.2796657859813616,-0.571642905,-0.42773617,0.5123198729473343,1.4175788959807318,-0.704280464,1,0,1,0,0,0,0,3,0
1.0566358281885322,1.4506850195715246,-1.143337083,-0.692234823,1.619314735442979,0.8099713668080862,-1.077292167,-0.4200055,1.040362585,-0.704280464,1,0,0,0,1,0,0,3,0
-0.974198978,-0.368926168,-0.08279849,-0.692234823,0.16230455705662214,-0.917046473,-1.077292167,0.33118738150246385,0.21048670142555828,0.7127828439288392,0,1,0,0,1,0,0,0,1
0.6805553084745045,1.5416655789676692,-1.040283833,2.1569289153538476,-0.940291961,-0.571642905,-0.649025222,-0.619072091,1.2666923716613352,-0.704280464,1,0,1,0,0,0,0,3,0
-0.146821835,-1.005790084,0.2078490396519191,-0.692234823,0.2058538025502982,0.11916423093765023,-0.285292715,-0.389492756,1.5046288138573067,-0.704280464,1,0,0,0,0,0,1,3,0
0.15404258087486586,-0.641867847,1.0589079823486662,-0.692234823,0.37794917732096733,0.11916423093765023,-0.308865263,-0.343485409,-0.723849084,0.7127828439288392,1,0,1,0,0,0,0,1,1
0.6805553084745045,1.4506850195715246,0.36126679045117693,-0.692234823,0.427093997,-0.917046473,-1.077292167,0.5258705044095925,-1.339001837,0.7127828439288392,1,0,1,0,0,0,0,0,1
0.15404258087486586,0.6318599850062238,-1.379339594,0.31796507576245375,1.102536770892153,1.8461820706137402,-1.077292167,-0.714688853,-0.880538936,0.7127828439288392,1,0,0,0,1,0,0,0,1
0.15404258087486586,0.085976629,-0.494284967,1.3316907501532549,-0.297825055,0.11916423093765023,1.9029246258676766,-0.110418359,0.831442782,-0.704280464,0,1,0,0,1,0,0,2,0
-1.275063394,-0.459906728,0.8811437989509385,-0.692234823,-0.325484534,-1.262450041,-1.077292167,1.09402504,-1.43765841,-0.704280464,1,0,1,0,0,0,0,0,1
-1.124631186,-1.187751203,-0.233259821,-0.692234823,1.1493554471520835,-0.226239337,0.14975696762283108,0.1935465088998908,0.657342947,-0.704280464,0,1,0,0,1,0,0,2,0
-0.673334562,0.17695718802550114,-0.86759274,1.7196348470663045,0.0039023,1.8461820706137402,1.6821217597275897,-0.337520081,-1.008212149,-0.704280464,0,1,0,0,0,0,1,1,1
-0.974198978,-0.550887287,1.0957562970785035,-0.692234823,-1.114822776,-1.262450041,0.25317432851560123,0.19303192795828605,0.953312667,-0.704280464,0,1,0,0,0,1,0,2,0
0.37969089270328243,0.085976629,1.5751397879829547,-0.692234823,0.45115852765123987,-0.226239337,0.2810599107429463,-0.037519392,-1.71041482,0.7127828439288392,0,1,1,0,0,0,0,0,1
0.755771412,1.9055878165522473,0.6355989710719268,-0.258564469,1.039660817656678,-0.226239337,0.7673947253935626,0.2738020772368383,1.1100025194835001,-0.704280464,1,0,0,0,1,0,0,2,0
-0.974198978,-0.459906728,0.058137821705948514,-0.692234823,-1.401545439,0.11916423093765023,0.430184691,-0.722560036,-1.292575214,0.7127828439288392,0,1,0,0,0,0,0,0,1
-0.222037939,-0.277945609,-1.713740566,-0.692234823,0.7631753222464632,-0.226239337,-1.077292167,-0.18800573,0.7501961922603233,-0.704280464,0,1,0,0,0,0,0,2,0
-0.297254043,0.5408794256100793,0.22072833709291298,-0.692234823,1.0175196907705268,-0.571642905,0.7607402453476532,0.6158459349768519,-0.747062395,0.7127828439288392,1,0,0,1,0,0,0,0,1
1.2822841400169487,1.6326461383638138,-1.240644185,-0.036081522,-0.406884093,-0.571642905,-0.186689487,-0.267346488,-0.224762888,-0.704280464,1,0,0,0,0,1,0,2,1
1.1318519321313376,1.35970446,0.6540467168936971,-0.692234823,-0.489582159,1.8461820706137402,-0.481962278,-0.832604123,1.3827589288301019,-0.704280464,0,1,0,0,1,0,0,2,0
-1.275063394,-1.005790084,1.486315095,-0.692234823,0.2663026311289933,1.8461820706137402,0.32926686121447807,-0.563059002,-0.758669051,0.7127828439288392,0,0,0,0,0,0,1,0,1
-1.425495602,-0.641867847,-1.019788609,2.1727513758562758,0.19552990961470484,-0.226239337,1.3058438723445505,0.068579574,1.4117755681222934,-0.704280464,0,1,1,0,0,0,0,3,0
0.605339205,1.8146072571561027,1.0825593417519077,2.086065185785887,0.1121130922990908,0.8099713668080862,-1.077292167,-0.736625248,-1.507298345,-0.704280464,1,0,1,0,0,0,0,0,1
0.37969089270328243,0.6318599850062238,0.013090159374482014,1.0492152138932564,-1.301676922,-0.571642905,0.3947080500119912,-0.592447292,-0.317616134,0.7127828439288392,0,1,0,0,1,0,0,1,1
0.8309875163601156,-0.18696505,0.28140256580669404,-0.692234823,1.5611338368543932,-1.262450041,-0.7419016,3.933844787890858,1.3653489452547867,-0.704280464,1,0,0,1,0,0,0,3,0
0.003610373,-0.368926168,-0.123406805,-0.339385249,1.2950233192354945,-1.262450041,-1.077292167,3.477049380172986,-0.46269933,2.1298461519384597,1,0,0,1,0,0,0,1,1
-1.275063394,-1.005790084,0.6948846259590414,-0.692234823,1.4370796108212986,0.11916423093765023,-1.077292167,-0.182002286,-0.660012477,0.7127828439288392,0,1,0,0,0,1,0,0,1
1.3575002439597543,0.3589183068177902,1.0314368654992496,-0.692234823,1.5351102609333147,1.8461820706137402,1.3943684412744224,-0.16850883,-1.315788525,0.7127828439288392,1,0,1,0,0,0,0,1,1
-0.071605731,-0.459906728,-0.039186579,-0.078662875,0.6588267823034362,-0.917046473,0.9713630395932136,1.0962167732415782,1.1680357980678835,-0.704280464,0,0,0,0,0,0,0,3,1
0.37969089270328243,0.6318599850062238,-1.084062436,-0.692234823,-0.500824391,-1.262450041,0.7394852812924536,1.1908806079434586,-0.265386183,0.7127828439288392,1,0,0,1,0,0,0,2,1
-0.974198978,-1.187751203,-1.535308043,-0.692234823,-0.463751042,-0.917046473,0.17646735256730375,0.11563514263025379,1.6613186660351418,-0.704280464,0,1,0,0,1,0,0,3,0
0.605339205,-0.823828965,-0.29522198,2.2757388354126604,-1.187434552,0.11916423093765023,-1.077292167,-0.953892757,0.378783209,-0.704280464,1,0,0,0,0,0,0,2,0
1.3575002439597543,2.542451732325259,-1.186843633,1.4655613891497299,-1.390471906,1.8461820706137402,-1.077292167,-1.081299186,-0.033253069,-0.704280464,0,0,0,0,0,0,1,2,0
0.15404258087486586,-0.368926168,0.7881911258813773,-0.692234823,1.3509303477344687,0.8099713668080862,1.721150837002679,0.069970849,0.848852766,-0.704280464,0,1,1,0,0,0,0,2,0
-1.500711706,-0.732848406,-0.211861946,-0.692234823,-1.477494363,1.8461820706137402,0.5153566664965222,-0.783147177,1.4175788959807318,-0.704280464,1,0,0,0,0,0,0,2,0
-1.57592781,-1.187751203,0.44266269222722615,-0.692234823,-1.578040051,-0.226239337,0.9975305669095574,-0.643638566,1.35374229,-0.704280464,1,0,0,1,0,0,0,3,0
-0.974198978,-0.914809525,-1.309745783,0.33322167110248446,0.6447404303428689,0.8099713668080862,1.8237509287190352,-0.058350391,-1.484085033,0.7127828439288392,0,1,0,1,0,0,0,0,1
-0.82376677,0.085976629,0.24227403358119834,-0.692234823,-1.306582256,-0.226239337,0.8010906738824188,-0.58219379,-1.373821804,2.1298461519384597,0,1,0,0,0,0,0,1,1
1.2070680360741433,0.085976629,-1.368603701,-0.692234823,0.33239455423519904,-0.571642905,-0.033382914,0.12495477523931751,-1.037228788,2.1298461519384597,0,1,0,0,1,0,0,0,1
-0.146821835,-0.641867847,-1.484185567,-0.692234823,-0.119594745,-1.262450041,1.321864137842793,1.8652103440863883,0.7153762251096933,-0.704280464,0,1,0,1,0,0,0,3,0
0.9814197242457267,0.17695718802550114,-1.516423124,1.6713404318601301,-1.005308726,-1.262450041,-1.024873596,0.1045430645556626,-0.689029117,2.1298461519384597,1,0,0,0,0,0,1,0,1
-0.297254043,0.17695718802550114,-0.947906718,1.071251309159706,0.8151167403174732,-0.226239337,-0.501543929,-0.056501712,-1.530511656,0.7127828439288392,1,0,0,0,0,0,1,0,1
-1.275063394,-0.823828965,0.5095108063809757,-0.692234823,0.9876421782921336,-0.917046473,0.6107952133494862,1.2676103439027437,-1.188115312,0.7127828439288392,0,1,0,0,0,1,0,0,1
0.755771412,-0.005003931,0.038392711,0.16827197626355017,-1.047843402,0.8099713668080862,-0.547797188,-0.876934318,-1.495691689,-0.704280464,1,0,0,0,0,0,1,0,1
0.37969089270328243,0.5408794256100793,1.204010015825827,-0.175316998,0.886241116,-0.917046473,-1.077292167,0.8634737192090911,1.1274125030588151,-0.704280464,1,0,0,0,0,1,0,3,0
-0.522902355,0.44989886621393477,0.3651856194161289,-0.692234823,1.5813182949643736,-0.571642905,-1.077292167,0.5333605158929505,0.1814700621333666,-0.704280464,0,1,0,0,0,1,0,1,1
-0.748550666,-0.550887287,-1.299877945,-0.692234823,0.622381896,-1.262450041,1.854616262432648,3.0603150516867133,0.9475093394472267,-0.704280464,1,0,0,0,0,0,1,3,0
-1.049415082,-0.914809525,0.5803280715409607,-0.692234823,-0.783782219,-0.571642905,0.731106781,-0.272911585,-1.397035115,0.7127828439288392,1,0,0,0,0,1,0,1,1
0.5301231005888934,0.7228405444023683,-0.334753088,-0.692234823,1.2164856996513513,-0.917046473,-1.077292167,1.1062796894329598,-0.741259067,0.7127828439288392,1,0,0,0,1,0,0,0,1
-1.275063394,-0.459906728,1.441893312919427,-0.692234823,-0.712865747,0.11916423093765023,-1.077292167,-0.814307912,-0.097089675,-0.704280464,1,0,0,0,0,0,1,1,0
-0.522902355,0.44989886621393477,-0.317914075,-0.692234823,1.1573674533612484,-0.917046473,-1.077292167,1.062826187697448,0.726982881,-0.704280464,1,0,0,0,0,0,0,1,0
0.605339205,1.7236266977599581,-1.563110971,-0.692234823,0.17348263630069552,-0.226239337,-1.077292167,-0.404796775,0.935902684,-0.704280464,0,1,0,0,1,0,0,3,0
0.9814197242457267,1.1777433413830911,-0.34693574,1.2129787682956263,-0.600153547,0.8099713668080862,1.0450246439023925,-0.471901941,0.059600177106161584,-0.704280464,0,1,0,1,0,0,0,1,0
1.1318519321313376,1.4506850195715246,1.2740126929425353,-0.692234823,1.712280856719042,-0.226239337,-1.077292167,0.1609182654914714,0.44842314362152996,-0.704280464,1,0,0,0,0,1,0,2,0
1.3575002439597543,0.7228405444023683,-1.569088286,1.0646350395685942,1.6869677166984796,0.11916423093765023,-0.39959109,0.023791974,-1.27516523,0.7127828439288392,1,0,0,0,0,0,0,0,1
0.755771412,0.9048016631946574,-1.444767683,1.611206376333019,0.527432969,0.11916423093765023,-0.499294947,-0.336681505,1.5684654203001285,-0.704280464,0,0,0,1,0,0,0,3,1
-0.673334562,-0.277945609,-0.210888529,-0.692234823,1.4427227053488094,-0.226239337,-1.077292167,0.061832846,1.6961386331857717,-0.704280464,1,0,0,0,1,0,0,2,0
-0.598118459,-0.459906728,1.5365600805202073,-0.692234823,-0.41038994,-1.262450041,0.3675025311869175,1.2512390465383558,1.1332158309172533,-0.704280464,1,0,0,1,0,0,0,3,0
0.605339205,0.44989886621393477,1.1962981629991316,-0.692234823,1.5636488749838122,0.8099713668080862,1.7172881961871467,0.11391987282490464,0.9649193230225417,-0.704280464,0,1,0,1,0,0,0,3,0
-0.82376677,-1.096770644,-1.063515317,0.164539443,1.682120595504323,-0.917046473,-0.408628775,1.5791795747677209,1.3421356338210335,-0.704280464,1,0,0,0,0,0,1,2,0
-0.297254043,0.7228405444023683,-0.914038412,-0.692234823,0.3020905426125161,-0.226239337,-0.135711576,-0.173692756,-0.630995838,-0.704280464,1,0,0,0,1,0,0,0,1
0.8309875163601156,1.1777433413830911,0.47612842224453883,-0.692234823,-0.165423801,-0.226239337,0.6106938003859895,-0.199841092,1.5046288138573067,-0.704280464,0,1,0,0,0,0,0,3,0
1.0566358281885322,0.5408794256100793,-0.652120049,-0.692234823,-0.661346076,-0.226239337,-1.077292167,-0.711715719,-1.472478378,-0.704280464,1,0,1,0,0,0,0,0,1
1.2822841400169487,1.9055878165522473,0.096566563,0.5258769948541993,1.6610783870261607,0.8099713668080862,-0.68179354,-0.334013308,-1.507298345,2.1298461519384597,0,0,0,0,0,1,0,0,1
-0.447686251,-0.641867847,-1.55606274,-0.692234823,-0.078021177,-0.917046473,-0.538923554,0.25958439640583314,1.4175788959807318,-0.704280464,1,0,1,0,0,0,0,3,0
0.22925868481767137,0.995782223,-0.825940243,-0.692234823,-0.195762265,-0.917046473,-1.077292167,0.067912525,1.4930221581404302,-0.704280464,0,0,0,1,0,0,0,2,0
1.4327163479025598,1.5416655789676692,0.12678023114421258,-0.692234823,1.067454543229544,0.8099713668080862,-1.077292167,-0.535938681,0.8720660772875284,-0.704280464,0,1,0,0,0,1,0,3,0
0.605339205,-0.459906728,-1.013973268,1.8168221887081124,1.2856783546979367,1.8461820706137402,-0.758220139,-0.625475765,0.18727338999180493,-0.704280464,0,0,0,0,0,1,0,1,1
0.8309875163601156,0.3589183068177902,-0.493961019,2.066880180376134,1.5823685045564408,0.8099713668080862,-1.077292167,-0.427762332,0.587703012,-0.704280464,1,0,0,1,0,0,0,3,0
1.2070680360741433,-0.914809525,0.5966497111185035,1.9652203275469136,0.050453671,-0.226239337,0.031315574461461416,-0.23359379,0.3323565864527633,-0.704280464,0,1,1,0,0,0,0,2,0
-1.275063394,-0.550887287,0.9564177098920928,-0.692234823,-0.353142825,-0.917046473,-1.077292167,-0.047811011,0.7676061758356384,-0.704280464,1,0,0,0,1,0,0,2,0
-1.049415082,-0.368926168,-1.217110768,1.2554295374978088,0.573575662,1.8461820706137402,-1.077292167,-0.792466809,-1.362215148,2.1298461519384597,0,1,0,0,0,0,0,0,1
-1.275063394,-0.823828965,0.9491902067127512,2.1619346456365967,1.0384977461740605,1.8461820706137402,1.5556031222971376,-0.210075535,0.5122597500643516,-0.704280464,1,0,0,0,0,1,0,2,0
1.1318519321313376,1.9965683759483919,1.2719746502705538,-0.460643624,-1.023892921,-0.571642905,-1.077292167,-0.743657854,1.0519692408991168,-0.704280464,1,0,1,0,0,0,0,3,0
0.3044747887604769,1.4506850195715246,-0.170538114,1.1070096346143001,0.6654464291891814,-1.262450041,-1.077292167,2.551242032012478,1.7019419610442101,-0.704280464,1,0,0,0,0,0,0,3,0
-0.447686251,0.17695718802550114,-0.996113661,-0.374501535,-0.498129962,-0.917046473,-0.047625469,0.046605062241646816,0.9881326344562951,-0.704280464,0,1,0,0,0,0,0,2,0
0.003610373,-0.459906728,0.5973007525276087,-0.692234823,-0.01754146,-1.262450041,0.9509163965117663,1.9428548906085266,-1.298378542,0.7127828439288392,1,0,1,0,0,0,0,0,1
-1.19984729,-1.005790084,0.34298888151873835,-0.692234823,1.6217525522788638,1.8461820706137402,1.135511851949346,-0.206321,0.4019965207540233,-0.704280464,1,0,1,0,0,0,0,2,0
-1.651143914,-1.005790084,0.6754650357149836,-0.692234823,0.26155292756667997,-0.571642905,-0.564076951,-0.013372205,1.2376757323691434,-0.704280464,1,0,0,0,0,1,0,3,0
0.9814197242457267,1.8146072571561027,-1.033161691,-0.692234823,-1.410684876,-1.262450041,-1.077292167,-0.501804812,1.0983958637666233,-0.704280464,0,1,0,0,0,1,0,3,0
-1.049415082,-0.368926168,1.6655417625849591,-0.692234823,-0.086999043,-0.917046473,1.2809261106665912,0.6082796892799229,-1.048835444,0.7127828439288392,0,1,0,0,1,0,0,0,1
1.6583646597309762,-0.459906728,-0.400794477,-0.026135353,0.325386425,0.8099713668080862,1.3754787854560702,-0.212953376,1.1216091752003767,-0.704280464,1,0,0,1,0,0,0,3,0
-0.748550666,-1.096770644,1.3091123167377714,0.9689167709445498,-1.575713909,-1.262450041,1.3124834387193574,-0.277904926,-1.182311985,2.1298461519384597,1,0,1,0,0,0,0,0,1
1.1318519321313376,-0.18696505,0.5337849010451005,0.35584539557603934,-0.409242313,0.11916423093765023,1.6270843478911396,-0.197020426,1.2202657487938284,-0.704280464,0,0,1,0,0,0,0,3,0
-0.522902355,-1.005790084,-1.131182737,-0.692234823,-1.721698982,0.11916423093765023,-1.077292167,-1.111030529,-0.079679691,-0.704280464,1,0,0,0,0,1,0,0,1
-1.19984729,-0.459906728,1.3462688539704701,0.5816038313280205,0.39943689326182774,0.8099713668080862,0.062285303872791374,-0.453796316,0.500653094,-0.704280464,0,0,0,1,0,0,0,2,0
-1.124631186,-0.732848406,-0.969521607,-0.692234823,0.7983775399190255,-0.917046473,-1.077292167,0.7988652232076064,-0.039056396,-0.704280464,0,1,0,0,0,0,1,2,1
0.6805553084745045,0.44989886621393477,1.2290625295660556,-0.692234823,-0.23667767,0.8099713668080862,0.22635954787341145,-0.555397464,-0.027449741,2.1298461519384597,1,0,0,0,0,0,1,1,1
0.605339205,0.9048016631946574,-0.602254052,2.3304101157181627,1.557613733889127,-1.262450041,1.0122235156796828,4.271162124389465,-1.246148591,-0.704280464,0,0,0,0,0,0,1,0,1
-1.19984729,-1.005790084,-1.35804708,0.6612493529354991,-0.104007924,-0.917046473,-1.077292167,0.13536074539176904,0.6457362908084333,-0.704280464,0,1,0,0,0,0,0,3,0
0.6805553084745045,0.3589183068177902,0.8550125064506949,1.8328731716799707,0.6230056062626985,0.11916423093765023,0.3744612501233167,-0.137996086,-1.11267205,-0.704280464,1,0,1,0,0,0,0,0,1
1.3575002439597543,-1.096770644,-1.127900797,-0.692234823,-1.451404258,-0.226239337,-0.487322252,-0.886997234,0.5180630779227899,-0.704280464,0,0,0,0,1,0,0,2,0
1.2822841400169487,-0.823828965,1.644618801357557,-0.692234823,0.5307665531657593,-0.917046473,0.48585146,0.9072893334590656,1.2434790602275818,-0.704280464,0,1,1,0,0,0,0,3,0
0.9062036203029211,-1.005790084,1.0540141638338465,-0.692234823,-1.197746565,-0.226239337,0.1295728051527868,-0.673293675,0.8778694051459667,-0.704280464,1,0,0,0,0,0,1,3,0
-0.82376677,-0.005003931,0.21396002254028323,-0.692234823,-0.97346504,-0.226239337,1.1910473804006174,-0.383584605,0.5586863729318583,-0.704280464,1,0,0,0,0,0,1,3,0
1.5079324518453652,1.9055878165522473,1.3139683937216284,-0.692234823,-1.012497434,0.11916423093765023,0.499742053,-0.594543732,0.4890464386305983,-0.704280464,1,0,0,1,0,0,0,2,0
-0.146821835,0.44989886621393477,-1.487272509,1.615885645945154,-0.052957521,1.8461820706137402,1.3457737353542272,-0.411543503,0.27432330786837994,-0.704280464,1,0,0,0,1,0,0,1,1
0.3044747887604769,0.7228405444023683,-0.173977311,1.3060309414429894,1.1611536727842329,-1.262450041,-0.093816092,3.4721894490578302,-1.072048755,0.7127828439288392,1,0,0,0,1,0,0,1,1
-1.500711706,-0.914809525,1.6103935230296216,-0.692234823,-0.462842207,-1.262450041,-0.977919394,0.9114250395452963,0.1292401114074216,-0.704280464,1,0,0,0,1,0,0,1,1
-1.19984729,-1.096770644,-0.426732344,2.393852306,1.5341550929332897,-0.571642905,0.088906207,0.7379159694575332,0.8372461101368983,-0.704280464,0,1,0,0,0,1,0,2,0
-1.350279498,-0.914809525,0.1104774623321511,1.2217061502233757,1.0664245299757857,-0.226239337,-0.75985766,-0.014553836,1.6845319774688952,-0.704280464,0,1,0,0,0,1,0,3,0
-0.372470147,0.26793774742164567,1.3499156293997332,-0.692234823,-0.060733111,1.8461820706137402,-0.103402599,-0.6956303,1.2434790602275818,-0.704280464,1,0,0,1,0,0,0,2,0
1.5079324518453652,-0.09598449,0.9478723982566398,-0.692234823,1.3227612078730357,0.11916423093765023,0.6651018553019166,0.12455454561806938,-0.683225789,2.1298461519384597,1,0,0,0,0,0,1,0,1
-0.82376677,-0.914809525,1.2973259511309034,2.564732703062586,1.2702329079711647,1.8461820706137402,-1.077292167,-0.690027085,-1.397035115,0.7127828439288392,1,0,0,0,0,0,1,0,1
-0.522902355,-0.368926168,1.0868760293557573,-0.692234823,-1.470344859,0.8099713668080862,-1.077292167,-1.069063595,-0.166729609,0.7127828439288392,1,0,0,0,0,1,0,1,1
1.5831485557881708,1.0867627819869465,-0.211874526,0.6203438309075565,-1.653334377,-0.917046473,0.7034568346431755,-0.656140977,0.8372461101368983,-0.704280464,0,1,1,0,0,0,0,2,0
-0.748550666,-0.823828965,-1.592651582,1.1101763031192566,1.4907198973500644,0.11916423093765023,-0.915380405,-0.134622722,1.1332158309172533,-0.704280464,1,0,0,0,0,1,0,3,0
-1.275063394,-0.823828965,-1.36549317,-0.692234823,0.23669955124762215,-0.571642905,-0.765020773,-0.064792182,0.605112996,-0.704280464,1,0,0,0,1,0,0,1,0
-0.522902355,0.26793774742164567,-0.989129905,-0.692234823,1.1008010738174807,1.8461820706137402,1.7191195949985265,-0.168985294,-1.217131952,0.7127828439288392,1,0,0,0,0,0,0,1,1
-0.071605731,0.9048016631946574,0.7871752496729668,-0.692234823,-0.61572136,-0.226239337,-0.499649892,-0.582155673,-0.480109314,2.1298461519384597,0,1,0,0,0,1,0,1,1
1.1318519321313376,1.9055878165522473,0.6866176581144376,-0.692234823,-1.2285044,-0.571642905,1.0878835519165888,-0.421244306,-0.288599494,2.1298461519384597,1,0,0,0,0,0,0,0,1
0.078826477,-0.18696505,0.24777486171900012,-0.275997468,1.5084225818878407,1.8461820706137402,1.4196113209824148,-0.167517785,-0.329222789,-0.704280464,1,0,0,1,0,0,0,1,1
1.6583646597309762,2.724412851117548,-0.9798219,-0.692234823,-0.613510455,1.8461820706137402,1.7980129151304418,-0.405673468,0.5818996843656117,-0.704280464,1,0,0,0,0,0,1,1,0
-0.222037939,-0.550887287,0.17688054093329975,0.43954991152148615,0.3953501048040094,0.8099713668080862,-1.077292167,-0.677124444,0.6631462743837483,-0.704280464,1,0,1,0,0,0,0,2,0
-1.275063394,-0.550887287,1.3223643117970212,-0.692234823,-0.133454185,0.8099713668080862,-1.077292167,-0.788216752,-1.159098673,2.1298461519384597,0,1,0,0,0,0,1,0,1
-1.350279498,-0.732848406,1.2047632738812892,-0.692234823,-1.531777369,0.8099713668080862,0.33933657194284655,-0.805388509,-0.944375542,-0.704280464,1,0,0,0,1,0,0,0,1
-0.146821835,-0.914809525,-0.743898017,0.2676248403537646,1.1685514727048243,0.8099713668080862,-1.077292167,-0.514688394,0.1466500949827366,-0.704280464,1,0,0,0,0,0,1,0,0
-0.447686251,0.44989886621393477,0.37579256218041507,-0.692234823,-0.801456391,-1.262450041,0.1832351765135917,0.6402027662128099,0.4890464386305983,2.1298461519384597,1,0,0,0,0,0,1,1,1
-1.57592781,-0.823828965,-0.276355932,-0.692234823,0.5128428969264847,-0.917046473,-1.077292167,0.5889161990328703,-0.752865723,-0.704280464,0,0,1,0,0,0,0,0,1
-0.447686251,-0.18696505,-0.662766306,-0.692234823,-1.206634142,-1.262450041,1.371311905750048,0.276298748,0.9417060115887884,-0.704280464,1,0,0,0,1,0,0,2,0
-1.124631186,-0.914809525,-0.5280715,-0.692234823,-0.464915302,-0.571642905,-0.640253001,-0.384327889,0.8082294708447066,-0.704280464,1,0,0,0,1,0,0,1,0
-0.673334562,-0.368926168,-0.535861981,-0.692234823,0.24426010989458602,1.8461820706137402,-0.228656557,-0.675218589,-0.352436101,-0.704280464,0,0,0,0,0,1,0,0,1
1.1318519321313376,1.4506850195715246,-1.219348526,0.285373419,-0.180674412,0.8099713668080862,1.1835786139125146,-0.356731103,0.5238664057812283,0.7127828439288392,0,1,0,0,0,0,1,2,1
-1.350279498,-1.187751203,-1.441139778,0.8652437439798759,0.5552350110370459,-0.571642905,-1.077292167,0.030405292,-1.484085033,-0.704280464,1,0,0,0,0,0,0,0,1
-0.222037939,0.7228405444023683,0.6615289754070364,-0.239967092,1.1011360954294296,-0.917046473,0.4939525657302982,1.328235602,0.2627166521515033,0.7127828439288392,0,0,1,0,0,0,0,2,1
0.8309875163601156,0.26793774742164567,-1.014196572,0.254947284,0.6961436753989393,1.8461820706137402,-1.077292167,-0.774456476,0.8024261429862684,-0.704280464,1,0,1,0,0,0,0,2,0
1.2822841400169487,0.26793774742164567,1.6249884875656244,0.46668967527186894,-0.219058147,0.8099713668080862,-1.077292167,-0.806188968,-0.857325625,0.7127828439288392,0,1,0,0,0,0,1,0,1
0.45490699664608797,-0.368926168,-1.424950234,-0.269990592,0.5518230178827278,-0.571642905,-1.077292167,0.028728139159230105,0.8372461101368983,-0.704280464,1,0,0,0,0,1,0,3,0
-1.500711706,-0.732848406,1.4154192015129394,-0.692234823,-1.230849552,1.8461820706137402,-1.077292167,-1.057819048,-1.019818805,0.7127828439288392,1,0,0,0,1,0,0,0,1
-0.82376677,-0.18696505,1.5706721342552548,-0.692234823,1.0152327524620093,0.8099713668080862,-1.034561516,-0.538568761,1.371152273113225,-0.704280464,0,1,0,0,0,0,0,3,0
0.3044747887604769,-0.550887287,1.500579821,-0.692234823,-0.153707548,-1.262450041,1.081318553897294,1.768068897443448,-1.03142546,0.7127828439288392,0,0,1,0,0,0,0,0,1
-0.146821835,-1.005790084,1.2507450391040804,-0.692234823,1.495047854,-0.226239337,-0.205140681,0.25133204278676446,-1.722021475,0.7127828439288392,1,0,0,0,0,0,1,1,1
0.45490699664608797,-0.459906728,-0.390730069,-0.692234823,1.4158425670794497,-0.571642905,-1.077292167,0.4522473126533284,-1.333198509,0.7127828439288392,1,0,1,0,0,0,0,0,1
0.22925868481767137,-0.550887287,0.8463178012551815,0.7133742400102119,-0.979462165,-0.226239337,1.3062525069327573,-0.363306304,-0.839915641,-0.704280464,1,0,0,0,0,0,1,0,1
-0.222037939,0.5408794256100793,-0.918922795,0.07375073,0.03962487,0.11916423093765023,1.7217712457205405,-0.04651503,0.552883045,-0.704280464,0,0,0,0,0,1,0,2,1
-1.275063394,-0.732848406,-0.555696728,-0.692234823,0.33142631801626826,-1.262450041,0.4022662985267086,2.348897370641456,-0.422076035,-0.704280464,0,1,0,1,0,0,0,0,1
0.8309875163601156,1.8146072571561027,-1.231013804,2.020653349417182,-1.396818308,1.8461820706137402,-0.647787387,-0.998394479,0.030583537813969917,0.7127828439288392,0,1,0,0,0,0,1,1,1
1.0566358281885322,-0.823828965,-1.487428193,-0.692234823,0.7531519983457037,-0.226239337,1.0194387497590438,0.21767463749513555,1.6264986988845118,-0.704280464,1,0,0,0,0,0,1,2,0
-0.447686251,0.26793774742164567,-1.677560591,2.1662656905334097,-0.896688066,1.8461820706137402,-1.077292167,-1.008686098,-1.484085033,-0.704280464,1,0,0,0,0,1,0,0,1
-0.146821835,0.085976629,1.1829062097625622,-0.692234823,-0.4705382,-0.571642905,-0.802820964,-0.418842929,-0.213156232,0.7127828439288392,1,0,0,0,0,1,0,2,1
-1.57592781,-1.187751203,-1.697110704,2.247521751449251,0.501572152,0.8099713668080862,-1.077292167,-0.654806878,1.1390191587756917,-0.704280464,1,0,0,0,0,0,1,3,0
0.078826477,0.8138211037985129,0.820461707,-0.692234823,-1.354703002,-0.917046473,-0.697446929,-0.710076683,-1.658184869,0.7127828439288392,0,1,0,0,0,1,0,1,1
-0.673334562,-0.823828965,-0.190129114,-0.692234823,1.328218971296064,1.8461820706137402,-0.106307782,-0.49195154,0.9997392901731718,-0.704280464,1,0,0,0,0,0,0,3,0
-1.57592781,-1.096770644,1.1520242020523987,-0.692234823,0.5580102255246806,-1.262450041,-0.417755942,2.5220062111079713,-0.004236429,-0.704280464,1,0,0,0,0,0,1,0,1
-0.071605731,0.6318599850062238,1.0631255984337389,-0.692234823,0.6786655266223629,0.8099713668080862,0.6861897862407688,-0.273311815,-0.027449741,-0.704280464,1,0,0,0,0,0,0,1,1
1.1318519321313376,1.6326461383638138,-0.255258416,-0.692234823,0.8411367521788501,-1.262450041,0.6829087785982316,3.1532445580298516,-1.373821804,0.7127828439288392,0,1,0,0,0,0,1,0,1
-1.124631186,-0.277945609,0.502325762,-0.692234823,0.3823163384753104,-1.262450041,-0.446333518,2.2580643051715223,1.0345592573238018,-0.704280464,1,0,0,0,0,1,0,3,0
0.755771412,0.7228405444023683,1.3050566747230798,1.1993000661968969,0.1538054626882407,-0.226239337,0.079277941,-0.186214226,1.0519692408991168,-0.704280464,1,0,0,0,1,0,0,3,0
1.2822841400169487,-0.732848406,1.4001842035143621,0.6635236956074438,-1.01248199,0.11916423093765023,0.2535769976353671,-0.642609404,1.179642454,-0.704280464,1,0,0,0,0,0,1,3,0
0.9814197242457267,-1.096770644,0.5816238641040107,-0.692234823,-0.012261899,0.8099713668080862,1.640605082112613,-0.232126281,1.2376757323691434,-0.704280464,1,0,0,0,0,1,0,3,0
-0.071605731,0.5408794256100793,-0.289659821,0.80393443,0.6321355391982606,-0.571642905,-1.077292167,0.068084052,-1.478281705,2.1298461519384597,1,0,1,0,0,0,0,0,1
1.6583646597309762,2.2695100541368256,-1.0979639,-0.692234823,0.3902725077491503,1.8461820706137402,-1.077292167,-0.819434662,-1.095262067,2.1298461519384597,0,1,0,0,0,0,1,0,1
-1.19984729,-1.187751203,1.5612273161318593,0.19897016132362627,-0.767958982,-0.571642905,-1.077292167,-0.618214456,0.8720660772875284,-0.704280464,0,1,0,0,0,1,0,3,0
-1.19984729,-0.732848406,0.42214230733009195,-0.692234823,-1.178564796,1.8461820706137402,0.252843245,-0.790446603,-1.716218148,0.7127828439288392,1,0,0,0,0,1,0,0,1
-0.297254043,-1.005790084,-0.030276432,1.893159575520035,0.005674825,0.8099713668080862,1.3082807662026894,-0.293228003,1.3943655845469785,-0.704280464,1,0,0,0,1,0,0,3,0
-1.049415082,-0.641867847,0.9148611391746687,-0.692234823,0.7805774377494058,1.8461820706137402,-0.954379655,-0.738035581,0.8778694051459667,-0.704280464,0,1,0,0,1,0,0,3,0
0.8309875163601156,-0.732848406,0.446521764,0.46292449553745335,0.37156475837552677,-1.262450041,-1.077292167,2.119070275278063,-0.857325625,2.1298461519384597,0,0,0,0,0,0,1,1,1
1.5079324518453652,0.44989886621393477,0.9807924486387846,-0.692234823,1.6013399943479818,0.8099713668080862,-1.077292167,-0.423779094,0.1118301278321066,2.1298461519384597,0,1,0,0,0,0,0,2,1
0.8309875163601156,-0.368926168,0.8794344221110899,-0.692234823,-0.769218283,0.11916423093765023,-1.077292167,-0.830888853,0.8720660772875284,-0.704280464,0,1,0,0,0,0,0,3,0
0.22925868481767137,1.35970446,0.2039789601644605,1.4337858838766273,0.15192363916580343,0.8099713668080862,-1.077292167,-0.728258543,-1.002408821,0.7127828439288392,0,1,0,0,1,0,0,0,1
-1.275063394,-0.823828965,1.653767977488412,0.4384072991743369,-1.67467359,-1.262450041,-0.292645155,-0.736815834,0.053796849,0.7127828439288392,1,0,0,0,0,0,0,0,1
-1.425495602,-1.005790084,1.5625042379294278,-0.202271767,1.452310025946075,-1.262450041,1.2571507361950789,4.164110229982285,-1.722021475,0.7127828439288392,0,1,0,0,0,0,1,0,1
1.0566358281885322,1.9055878165522473,-0.242514359,1.1487639543858394,1.5318372661073585,1.8461820706137402,-0.609688923,-0.560257395,0.4890464386305983,-0.704280464,0,1,0,0,1,0,0,2,0
0.8309875163601156,0.9048016631946574,1.2116746917388188,1.9541097827236813,0.2618439924423095,-1.262450041,1.731456183734466,2.5060923190250097,-0.97919551,0.7127828439288392,1,0,0,1,0,0,0,0,1
1.5831485557881708,2.178529494740681,1.6379983078011975,-0.692234823,-0.477418023,0.11916423093765023,0.32893876045022435,-0.470529726,1.1564291423510067,-0.704280464,1,0,0,0,0,0,1,3,0
-0.898982874,-1.005790084,1.4125492725959903,-0.692234823,-1.146666462,0.8099713668080862,-1.077292167,-1.001062676,-1.054638772,0.7127828439288392,1,0,0,0,0,0,0,0,1
-0.898982874,-0.732848406,-1.001507555,-0.692234823,0.24473650587469797,-1.262450041,-0.1417367,2.115201388939331,-1.513101673,0.7127828439288392,0,0,0,1,0,0,0,1,1
0.078826477,0.17695718802550114,-1.600328838,-0.692234823,-1.083110961,1.8461820706137402,1.882555533875962,-0.4582179,0.059600177106161584,0.7127828439288392,1,0,0,0,0,0,0,1,1
-1.651143914,-1.005790084,-1.339221919,-0.692234823,0.2893609093783524,-0.226239337,0.36738918728653897,-0.080153376,0.2511099964346266,0.7127828439288392,1,0,0,0,0,0,0,1,1
-1.049415082,-0.459906728,1.2553825297211123,-0.692234823,1.5333234790029198,-0.226239337,-1.077292167,0.095128139,0.1814700621333666,-0.704280464,0,1,0,0,0,1,0,1,1
0.3044747887604769,1.35970446,0.823098897,-0.213186435,1.5493843200381656,-0.226239337,-0.770577607,0.1609182654914714,-0.770275707,2.1298461519384597,1,0,0,0,1,0,0,0,1
0.9814197242457267,1.9965683759483919,-1.223218606,-0.172933835,1.050098760502722,0.11916423093765023,-1.077292167,-0.295819967,1.231872404510705,-0.704280464,0,1,0,0,0,1,0,2,0
1.5079324518453652,-0.18696505,-1.659719855,0.6995867176879444,-0.569139099,1.8461820706137402,-1.077292167,-0.960506075,1.6903353053273336,-0.704280464,0,0,0,0,1,0,0,3,0
1.2070680360741433,2.178529494740681,-1.488161008,-0.692234823,-1.675462435,-0.571642905,-0.972225354,-1.042534088,1.3827589288301019,-0.704280464,1,0,0,0,0,0,1,3,0
-1.275063394,-1.096770644,-0.675739958,0.5675877865363232,-0.517974646,1.8461820706137402,0.22634165146808852,-0.698489083,-0.747062395,-0.704280464,1,0,0,1,0,0,0,0,1
-1.57592781,-1.005790084,0.7871029117386218,0.3381838732958183,0.26568010870111625,-0.571642905,1.541396359204952,0.39972193950285884,-1.037228788,-0.704280464,0,1,1,0,0,0,0,0,1
1.1318519321313376,1.7236266977599581,1.5422024393991187,0.18197244240698718,-0.4495447,-1.262450041,0.22571527728178598,1.1659901372125032,-1.362215148,0.7127828439288392,1,0,1,0,0,0,0,0,1
-1.57592781,-0.823828965,-1.115328149,0.2418235653528995,-0.273521731,0.11916423093765023,1.599371764248583,-0.162505386,1.2202657487938284,-0.704280464,1,0,0,0,0,0,1,3,0
0.078826477,-0.732848406,-0.167827014,-0.692234823,0.3201413169811473,0.11916423093765023,1.4941766937604017,-0.008455099,1.005542618,-0.704280464,1,0,0,0,0,0,1,2,0
-0.297254043,-0.732848406,-1.781283753,2.276424403,-0.429536069,0.11916423093765023,-1.077292167,-0.730983916,0.5064564222059134,2.1298461519384597,0,1,1,0,0,0,0,1,1
1.1318519321313376,0.44989886621393477,-1.484857051,-0.075594145,-0.293326023,-1.262450041,1.5500194438363837,1.654270275135228,-0.921162231,2.1298461519384597,0,1,0,0,0,0,1,0,1
-0.673334562,-0.277945609,0.47509210270685687,-0.692234823,0.46447504271626466,-0.571642905,-0.041501916,0.18811482118295184,0.27432330786837994,-0.704280464,0,1,0,0,0,1,0,0,1
-1.57592781,-1.096770644,-1.771360876,-0.692234823,-1.77005852,-1.262450041,0.6908368861562896,-0.68509092,1.1506258144925685,-0.704280464,0,0,0,0,1,0,0,3,1
-1.275063394,-1.096770644,-1.580740983,-0.692234823,1.5552103696303576,-0.226239337,1.494606207488152,0.6052874963972582,0.483243111,0.7127828439288392,0,1,0,0,1,0,0,2,1
1.6583646597309762,-0.550887287,1.2669676071628464,0.6264704094927471,0.42391129123261695,-1.262450041,-1.077292167,2.196047772431454,-0.085483019,-0.704280464,0,0,0,0,0,1,0,0,1
-1.275063394,-0.823828965,-0.326217212,2.342728565022667,0.017412462,-1.262450041,1.1545297653391793,2.0340119514861374,-0.509125953,-0.704280464,0,1,1,0,0,0,0,0,1
0.22925868481767137,-0.459906728,1.5151873660488338,-0.692234823,0.9581175077241975,-0.917046473,-1.077292167,0.9163230877672377,1.6032853874507584,-0.704280464,1,0,0,0,1,0,0,3,0
-1.049415082,-1.005790084,-0.07243215,-0.692234823,-0.655449933,0.11916423093765023,-1.077292167,-0.797422033,-0.613585854,2.1298461519384597,0,1,0,0,1,0,0,1,1
1.2822841400169487,1.9965683759483919,1.2091460091643234,1.962216889377264,1.4024999155766134,0.8099713668080862,1.8886194325462147,0.1135196432036565,0.1640600785580516,-0.704280464,1,0,0,0,1,0,0,0,0
-1.124631186,-0.550887287,1.483852459967119,-0.226614851,-0.672476634,-1.262450041,-1.077292167,0.5837703896168228,1.4117755681222934,-0.704280464,0,1,1,0,0,0,0,3,0
0.22925868481767137,-1.005790084,-1.61751696,-0.692234823,-0.667096092,0.8099713668080862,-1.077292167,-0.900319163,-0.271189511,-0.704280464,1,0,0,0,0,0,1,1,1
1.3575002439597543,-1.096770644,1.380902998883834,-0.692234823,-1.671675028,0.11916423093765023,-1.077292167,-1.096317326,-0.265386183,-0.704280464,0,1,0,0,1,0,0,1,1
-1.425495602,-0.823828965,-0.223349524,-0.692234823,1.1981925692230124,0.11916423093765023,-1.077292167,-0.252252114,0.9010827165797201,-0.704280464,0,1,0,0,0,0,1,3,0
-1.425495602,-0.914809525,0.2814670409220885,-0.692234823,1.6635922371356793,-1.262450041,1.4620973872190501,4.514825729516009,0.8720660772875284,-0.704280464,0,0,0,0,0,1,0,3,1
1.3575002439597543,-0.641867847,-1.416884554,-0.692234823,-0.321836125,1.8461820706137402,0.8832232433777845,-0.541389427,0.6863595858175017,-0.704280464,1,0,0,0,0,0,1,2,0
1.5079324518453652,1.4506850195715246,0.7473988211659461,-0.692234823,0.3418333723448986,0.11916423093765023,0.9883705901184379,-0.100831907,-1.60015159,0.7127828439288392,0,1,0,0,0,0,0,0,1
-1.19984729,-0.368926168,-1.339354014,-0.692234823,-0.826616276,0.11916423093765023,-0.245899744,-0.685472091,0.3555698978865166,-0.704280464,1,0,0,0,0,1,0,2,0
-0.82376677,-0.09598449,-1.494182355,1.3035607223686763,1.1212445202657764,-0.226239337,-1.077292167,-0.056368302,0.37297988146183164,-0.704280464,1,0,0,0,0,0,0,1,0
-0.974198978,-0.368926168,0.47684079364145826,-0.428487248,0.7881772010530871,0.11916423093765023,-0.868199515,-0.332050277,-0.340829445,-0.704280464,1,0,0,0,1,0,0,0,1
0.37969089270328243,-0.641867847,-0.457384758,-0.692234823,-0.089457056,-0.917046473,1.116350767316929,0.5743364056874024,1.022952601606925,-0.704280464,1,0,0,0,1,0,0,3,0
1.1318519321313376,0.7228405444023683,0.19144719932108073,-0.692234823,-0.982754168,-1.262450041,-1.077292167,0.1274895628405557,-1.501495017,0.7127828439288392,1,0,0,0,0,0,1,0,1
-0.598118459,0.085976629,-0.379044347,1.4167990469823424,0.08175562,-0.917046473,-1.026430583,0.2818829038753721,0.4019965207540233,-0.704280464,0,1,0,0,0,0,1,2,1
-1.124631186,-0.550887287,-0.50261641,-0.692234823,0.002015724,-1.262450041,-0.158905318,1.7549375541558305,-0.718045756,0.7127828439288392,1,0,0,1,0,0,0,0,1
-0.071605731,-0.550887287,-0.607239079,0.5299795172815828,-0.48691149,-1.262450041,-1.077292167,0.856650757,-0.938572215,0.7127828439288392,0,1,0,1,0,0,0,0,1
-0.071605731,-0.368926168,1.2241671384874457,1.6497722635548941,1.5018718401563262,-0.917046473,-1.077292167,1.316133420840732,0.8256394544200217,-0.704280464,0,0,0,0,0,0,0,1,1
-1.124631186,-1.005790084,-0.534028372,1.683125662069298,1.6685260837825744,-0.571642905,0.9421501406377513,0.9703731451891288,-0.30020615,2.1298461519384597,1,0,1,0,0,0,0,0,1
-0.748550666,-0.368926168,-0.804946516,-0.170735666,1.3451601350776015,1.8461820706137402,-1.077292167,-0.679011241,1.2666923716613352,-0.704280464,0,1,1,0,0,0,0,2,0
-0.673334562,0.17695718802550114,-1.356974591,1.7397230603314235,1.422956430243815,1.8461820706137402,0.5754348991655974,-0.3449148,1.005542618,-0.704280464,0,1,0,0,0,0,0,3,0
0.8309875163601156,1.6326461383638138,1.3399534377893918,1.812926424705451,1.3882448647901708,1.8461820706137402,-0.399424057,-0.540322148,-0.451092674,0.7127828439288392,0,1,0,0,0,0,0,1,1
0.22925868481767137,-0.005003931,0.7023024093569862,-0.692234823,0.072763497,-0.571642905,1.3033264446624582,0.258688644,-1.251951919,0.7127828439288392,1,0,0,0,0,0,0,0,1
1.1318519321313376,1.7236266977599581,0.4337934324510106,-0.692234823,0.5383853247878491,-0.226239337,0.508660428,0.038981641,0.1292401114074216,-0.704280464,1,0,0,0,0,0,1,2,0
-0.598118459,-1.005790084,0.5836430360105108,-0.692234823,-0.323823682,1.8461820706137402,0.965642155,-0.525589886,-1.286771886,2.1298461519384597,1,0,0,0,0,0,0,0,1
-1.124631186,-1.187751203,-0.463681303,1.403827676,-0.545534332,-0.571642905,-1.077292167,-0.509180472,-0.120302987,-0.704280464,1,0,0,0,1,0,0,1,1
0.9062036203029211,-1.187751203,0.19040930721960872,1.5030499561585786,0.22077533250093712,-0.226239337,-1.077292167,-0.387415374,-1.68139818,0.7127828439288392,0,0,0,0,0,0,0,0,1
0.22925868481767137,0.9048016631946574,-0.4005696,-0.692234823,0.7789332182070743,0.11916423093765023,-1.077292167,-0.375560954,0.9881326344562951,-0.704280464,1,0,0,0,0,0,0,3,0
-0.146821835,-0.005003931,0.9701241758866842,2.092627045,0.9913119717648664,-1.262450041,1.6852953889381892,3.569788300982197,-0.990802165,0.7127828439288392,0,1,1,0,0,0,0,0,1
1.5079324518453652,0.7228405444023683,-0.29757139,-0.692234823,1.6257169746869278,1.8461820706137402,-1.077292167,-0.637749473,1.4407922074144852,-0.704280464,0,1,0,0,0,0,1,3,0
-1.57592781,-1.187751203,-0.867158712,1.4095842661617715,1.0398663450994694,0.8099713668080862,-1.077292167,-0.541732481,1.6555153381767034,-0.704280464,1,0,0,0,0,0,0,2,0
-0.673334562,-1.005790084,0.7639799337688569,0.14521297089584323,-0.152792773,0.11916423093765023,-0.094651257,-0.457741436,-1.199721968,-0.704280464,0,0,0,0,0,0,1,0,1
-1.500711706,-0.823828965,1.4379351698597223,0.6607487799072242,-1.445113693,-0.226239337,-0.136997135,-0.816270943,1.3595456173963485,-0.704280464,0,1,1,0,0,0,0,3,0
0.078826477,-0.732848406,0.3704615709319451,-0.692234823,0.25590508095956715,-0.226239337,-1.077292167,-0.374493675,-0.984998837,0.7127828439288392,1,0,0,0,0,1,0,0,1
0.15404258087486586,1.2687239007792355,-0.422964481,0.6988467401678858,-0.247887826,-0.226239337,-0.550857473,-0.456940977,1.6613186660351418,-0.704280464,0,0,0,0,1,0,0,2,0
-0.748550666,0.085976629,0.031891732,0.3395005980006284,0.42966130755117526,-1.262450041,-0.275443726,2.3610567277060426,1.371152273113225,-0.704280464,1,0,0,0,0,0,1,3,0
0.6805553084745045,-1.005790084,-1.183968986,2.128777123524561,-0.063396652,0.8099713668080862,-1.077292167,-0.773503549,0.570293029,-0.704280464,1,0,0,0,1,0,0,2,0
0.3044747887604769,1.35970446,1.065029973183561,-0.692234823,1.4927597275192719,-0.917046473,0.18341414056682098,1.5555469685606882,-1.495691689,0.7127828439288392,1,0,0,0,1,0,0,0,1
1.3575002439597543,2.6334322917214035,-1.344634683,-0.692234823,-0.708819351,-0.226239337,-1.077292167,-0.729154295,1.5336454531494985,-0.704280464,1,0,0,0,0,0,1,3,0
-1.350279498,-0.732848406,0.9200505996820288,-0.692234823,-0.531866163,-0.917046473,-0.963903526,-0.157092756,-1.321591853,0.7127828439288392,0,1,0,0,0,0,0,0,1
0.15404258087486586,-0.09598449,-0.50261641,-0.413339472,-0.542634375,-1.262450041,-1.077292167,0.7746989775055761,0.18727338999180493,-0.704280464,1,0,0,0,1,0,0,1,1
-1.350279498,-0.914809525,1.1022777191160862,1.1179895951692866,-0.987305472,-0.917046473,-0.493135601,-0.400051195,-0.004236429,-0.704280464,1,0,0,1,0,0,0,0,0
-1.350279498,-1.187751203,0.017455596455824993,1.568396500393161,-0.904720269,-0.917046473,1.0638188522256893,-0.035365776,1.4117755681222934,-0.704280464,0,1,0,0,1,0,0,3,0
1.3575002439597543,2.542451732325259,-1.106859893,1.284484537182461,0.4209673779191071,-1.262450041,1.3683411024664416,2.6691954189603213,0.4890464386305983,0.7127828439288392,0,1,0,0,0,0,0,1,1
-0.522902355,-1.187751203,0.996474055,-0.3915319,-0.11155779,1.8461820706137402,-0.84988851,-0.84884201,-0.445289347,2.1298461519384597,1,0,0,0,0,1,0,2,1
-0.898982874,-0.459906728,-1.074603465,-0.692234823,-0.183495959,0.11916423093765023,-0.399674607,-0.52633317,1.4640055188482384,-0.704280464,1,0,0,0,1,0,0,3,0
-1.124631186,-1.096770644,0.5670446252059088,-0.389050799,0.21244612497833126,0.8099713668080862,-0.382007872,-0.579811471,0.9707226508809801,-0.704280464,1,0,1,0,0,0,0,3,0
1.4327163479025598,-1.005790084,-1.340761459,-0.692234823,0.2570800326411899,-0.571642905,-0.729031102,-0.047772894,1.4349888795560468,-0.704280464,0,1,0,0,0,0,0,3,0
-0.898982874,-1.096770644,0.35451420153644825,-0.692234823,1.678299923504223,-0.226239337,-1.077292167,0.1484349130192081,-0.961785526,0.7127828439288392,1,0,0,0,1,0,0,0,1
1.5079324518453652,0.7228405444023683,-1.668457019,-0.692234823,1.1238082672111172,-0.226239337,1.272649023204736,0.40338118175427035,-0.369846084,-0.704280464,1,0,0,0,0,0,1,0,1
-0.598118459,-0.914809525,0.2522425154467002,1.9701172376061244,-0.577814021,0.11916423093765023,0.12390262739963855,-0.540074387,1.2086590930769519,-0.704280464,1,0,0,1,0,0,0,3,0
0.15404258087486586,-1.096770644,-0.214640666,-0.692234823,1.1887775115113233,-0.226239337,-1.077292167,-0.031535007,-0.955982198,0.7127828439288392,1,0,0,0,1,0,0,0,1
0.8309875163601156,1.1777433413830911,0.11773012653213447,-0.692234823,-0.65024403,1.8461820706137402,-0.289802609,-0.818691379,-0.532339264,-0.704280464,0,1,0,0,1,0,0,0,1
1.5831485557881708,0.085976629,0.7313429448689318,-0.692234823,-0.876789921,-0.226239337,1.6731496951923608,-0.253929266,1.1680357980678835,-0.704280464,0,1,0,0,1,0,0,3,0
-1.425495602,-1.096770644,-0.437869241,0.5162790511381458,1.1616478890628528,0.11916423093765023,-0.802996945,-0.209465661,0.779212832,-0.704280464,0,1,0,0,0,1,0,2,0
-0.898982874,-0.914809525,1.0118694542589215,0.9458468835544891,-0.281056154,-0.571642905,0.9404619130689549,0.014396107007868307,-0.555552576,-0.704280464,0,1,0,0,0,0,0,0,1
0.078826477,-0.732848406,1.3198717981896981,-0.692234823,0.7264488750415228,0.11916423093765023,-0.559936916,-0.290007108,1.1100025194835001,-0.704280464,1,0,0,0,1,0,0,3,0
0.37969089270328243,0.995782223,0.19540534238078544,-0.692234823,-1.029998155,0.11916423093765023,0.1424373378457528,-0.669443847,0.9997392901731718,-0.704280464,0,1,0,0,1,0,0,3,0
0.15404258087486586,0.17695718802550114,-1.310365373,2.2026660553068784,-0.816146257,-0.917046473,1.6474653708197362,0.14370839177780156,1.2202657487938284,-0.704280464,1,0,0,0,0,1,0,3,0
0.6805553084745045,1.1777433413830911,0.8181689094122279,-0.692234823,0.067968649,-0.226239337,0.7925421576064994,-0.078533399,-1.333198509,0.7127828439288392,1,0,0,0,0,0,1,1,1
0.15404258087486586,-0.732848406,-0.503772244,-0.692234823,-0.519450167,1.8461820706137402,1.1704217732659408,-0.514383457,1.1506258144925685,-0.704280464,0,0,0,0,1,0,0,3,0
1.6583646597309762,0.995782223,1.0120251380741423,-0.692234823,-0.583757684,-0.226239337,-1.077292167,-0.683185064,0.39619319289558497,-0.704280464,1,0,0,1,0,0,0,2,0
-0.974198978,-0.550887287,-0.812858085,0.44639470358202776,-1.729905823,-1.262450041,1.8201984922624337,-0.405540058,0.5296697336396666,-0.704280464,1,0,0,1,0,0,0,2,0
0.8309875163601156,1.2687239007792355,-0.691124349,-0.692234823,-0.53134581,0.8099713668080862,0.6201878434098038,-0.540398382,0.5180630779227899,-0.704280464,0,0,1,0,0,0,0,2,0
-1.19984729,-0.732848406,-0.84355453,0.7208066612778588,0.19167122097778802,0.8099713668080862,-0.520779582,-0.611277142,1.1680357980678835,-0.704280464,0,1,1,0,0,0,0,3,0
1.6583646597309762,1.1777433413830911,0.11697215078530186,-0.692234823,-0.941125951,-0.917046473,-0.627325831,-0.392294364,-0.578765887,-0.704280464,1,0,1,0,0,0,0,1,0
0.45490699664608797,-0.005003931,-0.560431718,0.5679251292292912,-0.835235361,-0.571642905,1.8079633164899906,-0.087891149,-1.106868722,2.1298461519384597,1,0,0,0,0,0,1,1,1
-1.275063394,-0.823828965,-1.361001927,0.8648955192645542,0.5899394483712866,-0.226239337,-1.077292167,-0.251680357,-1.698808164,-0.704280464,1,0,0,0,1,0,0,0,1
1.5079324518453652,-1.005790084,-1.146114231,-0.433166517,0.080529583,0.11916423093765023,-1.077292167,-0.580974042,-0.172532937,2.1298461519384597,1,0,0,0,0,0,0,1,1
1.2070680360741433,0.9048016631946574,0.47800920853750933,-0.692234823,-0.597490006,-0.571642905,0.8629138060704797,-0.15585395,-1.414445099,2.1298461519384597,1,0,0,0,1,0,0,0,1
-1.651143914,-0.914809525,-0.868951435,0.22655608799051496,0.8526997498706947,-0.571642905,-1.077292167,0.1762032253124716,-0.276992839,-0.704280464,1,0,0,0,1,0,0,1,1
0.755771412,-0.09598449,-1.764226154,-0.692234823,-0.185968229,-1.262450041,-0.904365168,1.3329430649331537,0.1814700621333666,-0.704280464,1,0,0,0,1,0,0,1,1
0.22925868481767137,1.0867627819869465,-1.248168903,2.2418304537582125,1.4890661736485287,1.8461820706137402,-1.077292167,-0.657837188,0.535473061,-0.704280464,0,1,0,0,1,0,0,3,0
0.8309875163601156,1.7236266977599581,-1.57547604,0.022278764364939353,-0.2897881,1.8461820706137402,-1.077292167,-0.919434892,1.022952601606925,-0.704280464,0,1,0,0,1,0,0,3,0
-1.124631186,-0.459906728,-0.195924012,0.4977687311143281,1.4960731150218463,0.8099713668080862,1.1911786207063189,-0.003004352,-1.582741607,-0.704280464,1,0,0,1,0,0,0,0,1
-0.372470147,-0.459906728,1.3567342659936465,-0.692234823,1.5501684131725144,-1.262450041,0.6243845504580309,4.184483823559154,1.1680357980678835,-0.704280464,1,0,0,0,1,0,0,3,0
-0.598118459,-1.005790084,0.47898734321495723,1.702833004552034,1.467045036772331,0.8099713668080862,-1.077292167,-0.451985753,0.8430494379953367,-0.704280464,0,0,0,0,0,0,0,1,0
-0.447686251,-1.005790084,-1.05020671,0.5988953648482123,-1.212834418,0.11916423093765023,-0.067356256,-0.764202975,0.5064564222059134,-0.704280464,1,0,1,0,0,0,0,3,0
1.1318519321313376,0.995782223,1.0097700815991257,1.6079744156939397,1.5935240114224043,1.8461820706137402,0.8341662136534135,-0.269309519,-0.433682691,-0.704280464,1,0,0,0,0,1,0,2,0
-0.146821835,-0.368926168,-0.341015037,-0.692234823,0.4797541666569627,-0.917046473,1.2890570441516422,1.0265958776977955,-1.54792164,0.7127828439288392,1,0,0,0,0,0,0,0,1
-0.372470147,0.44989886621393477,1.3697975533980833,-0.692234823,-0.71654148,-0.226239337,-1.077292167,-0.73199402,0.483243111,-0.704280464,0,0,1,0,0,0,0,1,0
-0.673334562,-0.550887287,-1.438147189,-0.692234823,-0.899338539,1.8461820706137402,-1.077292167,-1.009067269,0.024780209955531582,2.1298461519384597,0,1,0,0,0,0,1,1,1
-1.57592781,-1.005790084,1.0014527917132385,-0.692234823,-0.0557957,1.8461820706137402,0.6034338252933211,-0.556903089,-0.073876364,-0.704280464,1,0,0,0,0,0,1,0,1
0.22925868481767137,-0.277945609,-1.427878348,-0.692234823,-0.276206656,-0.226239337,-0.617226293,-0.480306763,0.8720660772875284,-0.704280464,1,0,0,0,1,0,0,3,0
-0.974198978,-0.09598449,-0.494362023,-0.692234823,-1.745875187,-0.571642905,-1.077292167,-1.097556132,-1.147492017,0.7127828439288392,1,0,0,0,1,0,0,0,1
0.15404258087486586,-0.005003931,-0.675298067,-0.692234823,-1.31278372,-0.571642905,-0.883351805,-0.847412619,-1.054638772,2.1298461519384597,0,0,0,0,0,0,1,0,1
0.37969089270328243,0.6318599850062238,0.8798024020379754,0.20320326801925534,-0.591219637,-0.226239337,0.8170840947726771,-0.316079209,-0.729652412,0.7127828439288392,0,0,0,0,0,0,1,0,1
0.5301231005888934,0.995782223,0.030407232,-0.692234823,0.4266057203670158,-0.571642905,-0.789007922,0.023620447,-1.03142546,0.7127828439288392,0,1,0,1,0,0,0,0,1
-0.598118459,0.17695718802550114,0.020572417887821316,-0.692234823,-1.320230229,1.8461820706137402,0.4669021490846899,-0.769501253,0.8256394544200217,-0.704280464,1,0,0,0,0,0,0,2,0
-1.19984729,-0.459906728,-0.565366423,-0.692234823,1.7003567009774365,-1.262450041,0.6302426404670699,4.406496912031513,1.3943655845469785,-0.704280464,1,0,0,0,0,0,1,3,0
1.1318519321313376,-0.550887287,-0.416472938,-0.692234823,-1.20675532,-0.917046473,-1.030815202,-0.66637542,1.545252108866375,-0.704280464,1,0,0,0,0,0,0,3,0
-1.124631186,-0.368926168,-0.424612528,-0.692234823,-1.353777535,0.11916423093765023,-1.077292167,-1.002816063,-1.54792164,-0.704280464,1,0,1,0,0,0,0,1,0
0.078826477,-0.732848406,1.0055005709089795,-0.692234823,1.4881715946634306,-1.262450041,0.5771559368108192,4.084102422839443,-0.010039757,-0.704280464,0,0,0,0,0,1,0,1,1
0.6805553084745045,1.8146072571561027,0.5376329646394975,-0.692234823,0.7528478652511683,-0.917046473,1.5164457874505672,1.2717841670957601,-1.489888361,0.7127828439288392,0,1,0,0,1,0,0,1,1
-0.673334562,-0.641867847,0.5834606186108581,1.9331292436255507,-1.420853138,0.11916423093765023,0.984767447,-0.619948784,-0.781882362,0.7127828439288392,0,0,1,0,0,0,0,1,1
1.5831485557881708,2.8153934105136926,-0.840055575,-0.692234823,-1.439797304,0.8099713668080862,0.9326948731588034,-0.670225248,-0.607782527,2.1298461519384597,1,0,0,0,1,0,0,0,1
0.755771412,1.1777433413830911,-0.772465211,1.9993789957154986,0.096854165,-1.262450041,-0.202617288,1.8858698159641492,-1.014015477,0.7127828439288392,0,1,0,0,0,0,0,0,1
-1.350279498,-1.096770644,0.6082237806137067,-0.692234823,-0.429784365,-0.917046473,-0.741126089,-0.038548554,0.4890464386305983,2.1298461519384597,1,0,0,0,0,1,0,2,1
-1.124631186,-0.823828965,1.4445666713626124,1.5159886807372496,1.6989298890769018,0.11916423093765023,0.8524623053618887,0.27176281202381214,-1.164902001,2.1298461519384597,1,0,1,0,0,0,0,1,1
-0.82376677,-0.18696505,0.8709457227720808,-0.692234823,-1.155700165,-0.571642905,1.183226651274497,-0.366927429,-0.828308985,0.7127828439288392,1,0,0,1,0,0,0,1,1
-0.372470147,0.6318599850062238,0.6565785445957728,-0.692234823,-0.550079696,0.8099713668080862,0.3843191867220305,-0.590388968,-0.665815805,0.7127828439288392,1,0,0,0,0,0,0,0,1
0.755771412,1.2687239007792355,1.6488788766649627,-0.692234823,-0.651468878,-0.571642905,-1.077292167,-0.561095971,0.059600177106161584,-0.704280464,1,0,0,0,1,0,0,1,0
1.3575002439597543,0.17695718802550114,-1.167276221,-0.147045503,-1.369901341,0.8099713668080862,0.49398537580672364,-0.741199301,-1.693004836,2.1298461519384597,1,0,1,0,0,0,0,0,1
-1.049415082,-0.459906728,-0.962423054,-0.692234823,1.2795232235932983,-0.917046473,0.2817071640687922,1.4179442130649007,1.423382224,-0.704280464,1,0,0,0,1,0,0,3,0
1.5079324518453652,1.8146072571561027,-1.505493806,-0.692234823,-0.951599534,0.8099713668080862,-1.077292167,-0.960086787,-0.712242428,-0.704280464,0,0,0,0,0,0,0,0,1
0.003610373,-0.005003931,1.4834105695420985,1.6551044545082574,-1.22714887,-0.571642905,0.6386957092479337,-0.50828472,-1.054638772,0.7127828439288392,0,0,0,0,1,0,0,0,1
-0.673334562,-0.09598449,-0.350519613,-0.692234823,1.4125018551191635,0.11916423093765023,-1.077292167,-0.189225477,1.144822487,-0.704280464,1,0,0,1,0,0,0,3,0
1.2822841400169487,0.5408794256100793,0.5493438471844403,1.5206679503493845,-0.863772787,-0.226239337,0.2999257046875347,-0.51724224,1.1680357980678835,-0.704280464,1,0,1,0,0,0,0,3,0
0.755771412,1.1777433413830911,-0.968022954,-0.692234823,-1.756947532,-0.917046473,0.4247024253332215,-0.786749243,0.5935063400824884,-0.704280464,0,1,0,0,1,0,0,2,0
0.37969089270328243,0.3589183068177902,-0.0074145,2.027596079678908,1.4788052457676633,1.8461820706137402,0.058890952,-0.43753937,0.8256394544200217,-0.704280464,0,1,0,0,0,0,1,3,0
-1.124631186,-1.187751203,-0.903135827,1.4150796874504414,-1.633888867,-0.917046473,0.451588792,-0.69101813,-0.172532937,-0.704280464,1,0,0,0,1,0,0,1,1
1.5831485557881708,0.6318599850062238,0.8526410802552103,-0.692234823,0.14621757958356468,-0.917046473,-1.077292167,0.31935201984555467,-1.62916823,-0.704280464,0,1,0,1,0,0,0,0,1
1.5831485557881708,2.724412851117548,0.47183217796996063,-0.692234823,1.1838519810037318,0.8099713668080862,-0.142124455,-0.328924674,-0.079679691,-0.704280464,1,0,0,1,0,0,0,0,1
1.2822841400169487,1.7236266977599581,-0.552370756,0.1816242176916655,-0.478230629,0.8099713668080862,0.29478048815719243,-0.592771287,-0.572962559,-0.704280464,1,0,0,0,0,1,0,0,1
1.6583646597309762,2.3604906135329697,-0.589782048,0.3739313167280586,-0.648378839,-1.262450041,-0.190930935,0.7922519051803157,-0.613585854,2.1298461519384597,0,1,0,0,0,1,0,0,1
-0.748550666,-1.096770644,0.723868549,-0.692234823,-0.264387046,0.8099713668080862,-1.077292167,-0.815718245,-0.433682691,-0.704280464,1,0,0,0,1,0,0,1,1
0.37969089270328243,-0.368926168,-1.058964318,1.126064055755808,-0.042255838,0.8099713668080862,1.7520877563375836,-0.216669794,-1.472478378,-0.704280464,0,1,0,0,0,0,1,1,1
-0.673334562,-0.459906728,-1.120259709,-0.692234823,-0.534376449,-0.226239337,-0.698645989,-0.591113193,-1.176508657,0.7127828439288392,1,0,1,0,0,0,0,0,1
-0.071605731,-0.18696505,0.6660878378345628,1.099762207726668,-0.744803286,0.11916423093765023,-0.714794512,-0.75293937,-0.97919551,0.7127828439288392,1,0,0,0,0,0,1,0,1
1.1318519321313376,-0.09598449,-0.512352152,-0.692234823,-1.299879448,-1.262450041,-0.104562883,-0.148954754,1.0635758966159934,-0.704280464,0,0,0,0,0,0,0,2,0
0.9062036203029211,-1.005790084,-0.941709244,0.9661418552443303,1.0007757382924771,-0.571642905,1.1960583738910378,0.6926328465963156,-1.054638772,2.1298461519384597,0,1,1,0,0,0,0,1,1
0.8309875163601156,1.7236266977599581,-1.640583326,1.0895004606470324,1.6802470881211893,-0.917046473,0.7233158790831866,1.7988103440659833,-1.391231788,2.1298461519384597,0,0,1,0,0,0,0,0,1
0.6805553084745045,1.7236266977599581,-1.290274298,2.4309926483343567,0.12280764744364905,0.11916423093765023,-0.198334081,-0.396925592,-0.526535937,-0.704280464,0,1,0,0,0,0,1,2,1
1.1318519321313376,1.7236266977599581,1.2191365069228868,-0.692234823,0.8250141341087768,-0.571642905,-1.077292167,0.16263353529682054,0.007370226,0.7127828439288392,0,1,1,0,0,0,0,1,1
-0.598118459,-0.550887287,0.1400778305533755,0.37057965384308755,-0.407343857,-0.917046473,-1.077292167,-0.087662446,-1.449265066,0.7127828439288392,1,0,1,0,0,0,0,0,1
0.9062036203029211,0.8138211037985129,0.6497158762157365,1.0318257421718806,-1.125606433,-0.226239337,-0.868366548,-0.84159976,-1.693004836,2.1298461519384597,1,0,0,0,0,0,0,0,1
-0.82376677,-1.187751203,-1.082788659,-0.692234823,1.6374403550653436,-0.226239337,0.9111446184157754,0.5216204470030052,1.5220387974326217,-0.704280464,1,0,0,0,1,0,0,3,0
-0.598118459,-0.641867847,0.8235360696278704,0.8474516374314092,0.37072364028595256,-0.571642905,-1.077292167,-0.060046603,-1.199721968,0.7127828439288392,1,0,0,0,0,1,0,0,1
-0.748550666,-0.732848406,0.075445459,0.4549044450627011,-0.905746718,1.8461820706137402,-0.4599497,-0.889493905,-1.339001837,-0.704280464,1,0,0,0,0,0,1,0,1
1.4327163479025598,-0.641867847,-0.879317776,-0.692234823,-1.732640645,0.11916423093765023,-0.982673872,-1.095764628,-1.101065395,2.1298461519384597,0,0,0,1,0,0,0,0,1
-1.500711706,-1.187751203,-0.019454048,-0.397593186,-1.744561237,1.8461820706137402,1.5117271019137548,-0.627896201,0.25691332429306496,0.7127828439288392,1,0,0,1,0,0,0,2,0
0.605339205,1.35970446,-0.708795248,2.2577182063947636,-1.021455104,-0.917046473,-0.210962978,-0.370072091,1.4756121745651152,-0.704280464,0,1,0,1,0,0,0,3,0
-1.19984729,-1.096770644,1.5891717746820986,-0.692234823,0.27794760219397435,-0.917046473,-1.077292167,0.41620758818760345,-1.611758246,0.7127828439288392,1,0,0,1,0,0,0,0,1
1.4327163479025598,2.724412851117548,0.7528320290607732,-0.692234823,-1.231258231,-0.226239337,-1.077292167,-0.921226396,-0.422076035,-0.704280464,1,0,0,0,0,1,0,0,1
-1.350279498,-1.096770644,0.592881848,-0.692234823,-1.368808363,-1.262450041,0.2931220879306009,-0.172682653,1.4001689124054169,-0.704280464,0,1,0,0,0,0,0,3,0
1.5831485557881708,2.6334322917214035,0.20419282883991535,-0.692234823,-0.361257001,-0.571642905,0.5140025051604206,-0.10816945,0.43681648790465333,2.1298461519384597,1,0,0,1,0,0,0,1,1
-1.651143914,-1.096770644,-0.817990933,1.753891453436074,0.4344644720090123,0.8099713668080862,-1.077292167,-0.668910208,-1.083655411,0.7127828439288392,0,1,0,0,0,0,1,0,1
-0.974198978,-1.005790084,-0.585270363,-0.692234823,-0.034361445,-0.571642905,1.121293157920278,0.17061906916839048,0.7037695693928167,-0.704280464,1,0,0,0,0,0,1,2,0
-0.071605731,0.6318599850062238,-0.162901745,2.3615218176276835,0.8931506394637923,0.11916423093765023,1.5215760903098072,0.1654160840921647,-0.387256068,-0.704280464,1,0,0,0,0,0,1,1,1
0.8309875163601156,0.085976629,-1.209380044,-0.458249579,-0.778456326,1.8461820706137402,0.4347959979353539,-0.696087705,-0.961785526,2.1298461519384597,1,0,0,1,0,0,0,1,1
0.078826477,0.995782223,-0.865743405,0.3477600529671643,0.9566990119629664,-0.226239337,-0.345042847,0.026098058791028073,-1.420248427,2.1298461519384597,0,1,0,0,0,1,0,1,1
0.15404258087486586,0.8138211037985129,1.0164330343778183,0.13021754409230374,1.511032661609302,0.11916423093765023,0.8101104621651755,0.20822159501232243,-0.81670233,-0.704280464,0,1,0,1,0,0,0,0,1
-0.522902355,0.44989886621393477,0.9622566392447681,0.5661840056526828,0.5494172775841574,0.8099713668080862,-1.077292167,-0.644763021,0.024780209955531582,-0.704280464,1,0,0,0,0,1,0,0,0
1.4327163479025598,0.44989886621393477,-1.050970976,-0.291352002,1.2191646845270432,1.8461820706137402,-1.013476568,-0.68509092,0.5993096679409267,-0.704280464,0,1,0,0,0,1,0,1,0
0.9814197242457267,0.26793774742164567,1.525390159919062,0.8223032837717722,0.31973145011546494,-0.917046473,-1.077292167,0.446929976,1.3479389616794717,-0.704280464,0,1,1,0,0,0,0,3,0
-0.673334562,-1.096770644,-0.340999312,-0.034100993,1.6589221309067015,-0.226239337,0.9601270797846342,0.539078082,0.6515396186668717,-0.704280464,1,0,0,0,0,0,1,1,0
-1.425495602,-0.732848406,1.0132218591184154,0.14386360012397176,-1.271165007,-1.262450041,1.600409755757313,0.2261366352015247,0.23950334071774995,-0.704280464,0,1,1,0,0,0,0,1,1
-1.19984729,-0.368926168,-1.712463644,-0.692234823,-0.251062215,-0.917046473,1.858726470188481,0.6004466238354951,-1.559528295,0.7127828439288392,1,0,0,0,0,0,0,1,1
1.0566358281885322,1.5416655789676692,-1.483564404,0.057199174098290735,-0.253629526,-1.262450041,-1.077292167,1.1997047181643103,0.6109163236578034,-0.704280464,1,0,1,0,0,0,0,2,0
0.22925868481767137,-0.823828965,-1.142566527,2.3984771655411956,-1.288093103,0.11916423093765023,1.4423397557425357,-0.491570368,0.5180630779227899,-0.704280464,0,1,0,0,0,1,0,1,0
-0.297254043,0.7228405444023683,1.2696960053386857,0.057656219,-0.637487072,-0.917046473,1.3571319872658465,0.21839886252406074,-0.799292346,2.1298461519384597,1,0,0,0,1,0,0,0,1
1.4327163479025598,0.7228405444023683,1.1666301745349326,-0.692234823,-0.102070263,-0.571642905,1.8929414144317023,0.2880959922814146,0.8082294708447066,-0.704280464,1,0,1,0,0,0,0,3,0
-0.522902355,-1.005790084,-0.779654973,-0.692234823,0.687732495,-1.262450041,1.6749960076748431,3.1213405396503573,0.082813489,-0.704280464,1,0,0,1,0,0,0,0,1
0.6805553084745045,0.6318599850062238,-0.665439665,-0.692234823,-0.986777991,-1.262450041,0.057736634186546724,0.34315615303312236,-1.22293528,-0.704280464,1,0,1,0,0,0,0,0,1
-0.447686251,-0.459906728,1.1307820103756046,-0.692234823,-1.091544714,-1.262450041,0.089338703,0.1952808372586327,-0.050663052,-0.704280464,0,0,0,0,0,0,0,0,1
0.45490699664608797,0.6318599850062238,0.6798776497100298,1.8827998902392153,0.7296874172903637,-0.226239337,-1.077292167,-0.200317556,-1.501495017,0.7127828439288392,1,0,1,0,0,0,0,0,1
1.6583646597309762,-1.187751203,-0.765402827,-0.692234823,-0.343044656,-0.226239337,1.6229890538064091,-0.067498497,-1.321591853,0.7127828439288392,0,1,0,0,0,1,0,0,1
0.003610373,0.6318599850062238,1.2812166076650253,0.5539199664599477,-1.251491397,-0.226239337,-0.019352132,-0.722121689,-1.368018476,0.7127828439288392,1,0,0,0,0,0,1,0,1
-0.673334562,0.17695718802550114,-1.030790265,-0.256192188,0.9247127641611349,-0.917046473,-0.37981258,1.0279299764352892,0.1466500949827366,-0.704280464,0,1,0,0,0,0,1,0,1
-1.425495602,-1.005790084,1.0520563219151606,-0.692234823,-0.727923899,-1.262450041,-1.077292167,0.50221884,0.761802848,-0.704280464,0,0,0,0,0,1,0,2,0
-0.82376677,-1.096770644,0.021762848676933934,-0.692234823,-0.304793979,1.8461820706137402,0.26526633304546077,-0.6595334,1.3653489452547867,-0.704280464,1,0,0,0,1,0,0,3,0
-0.82376677,-1.096770644,1.0416663929539096,1.219333869350247,-0.971526192,-0.917046473,-1.077292167,-0.50249092,1.1100025194835001,-0.704280464,0,1,1,0,0,0,0,3,0
1.6583646597309762,2.8153934105136926,0.7818143797124847,-0.692234823,1.003578277237824,1.8461820706137402,1.2129406495790014,-0.282097808,1.6845319774688952,-0.704280464,1,0,0,0,0,0,0,3,0
1.5079324518453652,0.6318599850062238,-1.691292218,2.142194657086799,-1.056468427,-0.226239337,1.0603797596694662,-0.439616752,0.6631462743837483,-0.704280464,0,0,1,0,0,0,0,2,0
0.45490699664608797,-0.459906728,1.1788206890358586,-0.692234823,1.0906233073296523,-1.262450041,-0.460546247,3.2968888749511467,0.744392864,-0.704280464,0,0,0,1,0,0,0,2,0
1.2070680360741433,0.8138211037985129,-0.401307133,-0.692234823,1.5951492226463273,0.11916423093765023,0.090346867,0.092459942,-1.658184869,0.7127828439288392,1,0,0,1,0,0,0,0,1
1.6583646597309762,1.4506850195715246,0.9461551585978406,-0.692234823,-0.036343062,1.8461820706137402,1.3454187899819892,-0.409161184,0.23950334071774995,-0.704280464,1,0,0,0,0,0,0,2,0
0.078826477,0.5408794256100793,-0.712009569,-0.692234823,0.10991644350301347,-0.571642905,0.3208495852442601,0.085065223,-0.068073036,0.7127828439288392,1,0,0,0,1,0,0,0,1
-1.275063394,-1.096770644,-1.193630818,-0.692234823,1.279392541,-0.226239337,1.3036515626924914,0.46661746191147574,1.4814155024235534,-0.704280464,0,1,0,1,0,0,0,3,0
0.755771412,-1.005790084,0.12728974181220795,-0.692234823,-0.735646029,-0.917046473,-0.689348806,-0.253319393,-0.590372543,0.7127828439288392,1,0,0,0,0,0,1,0,1
0.5301231005888934,1.0867627819869465,-1.734702841,-0.692234823,-0.675523905,0.11916423093765023,1.0126410984705512,-0.395305615,-0.184139593,-0.704280464,1,0,1,0,0,0,0,0,1
1.5831485557881708,1.1777433413830911,-1.569349331,0.40045080520427473,0.074250898,1.8461820706137402,-1.077292167,-0.865899416,0.13504343926585993,-0.704280464,1,0,0,0,0,0,0,0,0
-0.522902355,-0.09598449,-0.514113424,-0.692234823,0.16848820063887338,1.8461820706137402,-1.077292167,-0.852043847,1.6787286496104568,-0.704280464,1,0,0,1,0,0,0,3,0
0.15404258087486586,-0.732848406,0.874031093,-0.692234823,0.7861670713813927,-0.917046473,1.173225543,1.229264534476494,-1.002408821,0.7127828439288392,0,0,0,0,0,0,1,0,1
1.3575002439597543,1.9965683759483919,-0.735780443,-0.692234823,-0.776049397,-1.262450041,-1.011379706,0.44431895444193675,-0.845718969,-0.704280464,0,0,0,1,0,0,0,0,1
1.0566358281885322,-0.459906728,1.2076945327860527,-0.692234823,-0.006893237,-0.917046473,-0.353898585,0.34799702559488555,0.013173554238654912,-0.704280464,1,0,0,0,0,1,0,0,1
-0.447686251,-0.459906728,-1.237654741,-0.692234823,1.3350892903808207,-1.262450041,-1.077292167,3.5359784272634256,-1.14168869,-0.704280464,0,1,0,0,1,0,0,0,1
-1.19984729,-0.823828965,-0.593479146,2.3452205481416875,0.009431344,1.8461820706137402,0.48831221531935487,-0.569767613,-1.623364902,0.7127828439288392,1,0,0,0,0,1,0,0,1
-1.350279498,-0.641867847,0.6902408450868491,-0.692234823,1.365553684690075,-0.226239337,-1.015752395,0.045461549038080716,-0.694832444,0.7127828439288392,1,0,0,0,0,1,0,0,1
-1.124631186,-0.732848406,1.4069194942273997,-0.692234823,1.1983327555712746,0.11916423093765023,1.272282146895616,0.2065063252069733,-0.242172872,2.1298461519384597,0,0,0,1,0,0,0,2,1
0.9062036203029211,1.7236266977599581,-0.780019808,1.6072126741291737,-1.219400604,-0.917046473,-0.360135482,-0.544743732,-1.257755247,2.1298461519384597,1,0,0,1,0,0,0,0,1
-0.372470147,-1.005790084,0.5141262811049461,-0.692234823,1.4571036862447078,-0.571642905,-1.077292167,0.47246843780305564,1.1912491095016366,-0.704280464,1,0,0,0,0,0,1,3,0
-0.748550666,-0.641867847,0.069103309,-0.692234823,-1.278666165,0.11916423093765023,1.436177426843007,-0.490007567,-0.532339264,2.1298461519384597,1,0,0,0,0,0,0,1,1
0.37969089270328243,-0.459906728,0.3175400817034021,-0.692234823,1.234721805124465,-0.226239337,0.056319835431814784,0.20665879363411543,0.465833127,0.7127828439288392,1,0,0,0,0,0,1,1,1
-0.898982874,-0.459906728,-0.11570596,-0.692234823,-0.329027209,0.11916423093765023,-1.077292167,-0.7014241,1.4001689124054169,-0.704280464,0,1,0,0,1,0,0,3,0
-1.124631186,-0.732848406,1.0472883085035496,-0.692234823,-0.008770309,-0.917046473,0.1149484592697327,0.43816304169607256,0.4542264714799683,-0.704280464,1,0,0,1,0,0,0,2,0
-0.146821835,0.8138211037985129,0.3842954145935352,1.3600057723178485,-0.63211247,0.11916423093765023,0.8347448640921883,-0.417261069,-0.491715969,-0.704280464,0,1,0,1,0,0,0,2,0
1.2070680360741433,-0.823828965,0.9969190903063538,-0.692234823,0.3772114169627391,-0.571642905,-0.892147888,-0.020728807,1.179642454,-0.704280464,0,0,1,0,0,0,0,3,0
0.3044747887604769,0.085976629,-0.656059322,-0.692234823,1.1543748312318167,-0.226239337,-0.155979255,0.1356847407994461,-1.646578213,0.7127828439288392,1,0,0,0,0,1,0,0,1
0.5301231005888934,1.0867627819869465,-1.540766412,-0.692234823,0.8371747058105873,-1.262450041,-0.83024124,2.8519860045503624,1.040362585,-0.704280464,1,0,1,0,0,0,0,3,0
-0.222037939,-0.18696505,0.8557295955389848,1.3121575200281799,0.669275417,0.11916423093765023,1.130790183678313,0.023277393,0.9475093394472267,-0.704280464,1,0,0,1,0,0,0,3,0
-1.124631186,-0.368926168,-1.107188559,-0.20169502,-1.739578681,-0.917046473,-1.077292167,-1.067214915,0.8372461101368983,-0.704280464,0,1,0,1,0,0,0,2,0
-0.748550666,-0.18696505,-1.752273097,-0.692234823,-1.529823076,-0.571642905,-0.095760834,-0.800052114,-1.309985197,0.7127828439288392,0,1,0,1,0,0,0,0,1
-0.372470147,-0.823828965,1.2537832323465714,1.3472955702086074,-1.053902304,1.8461820706137402,-1.077292167,-1.031804123,0.7037695693928167,-0.704280464,0,1,0,0,0,0,0,2,0
0.8309875163601156,2.0875489353445364,1.3674497156594503,-0.692234823,-0.393466597,-0.571642905,-0.760352794,-0.372778405,-0.184139593,0.7127828439288392,1,0,0,0,1,0,0,0,1
0.9814197242457267,0.17695718802550114,-0.426845569,-0.692234823,-1.416943365,-0.226239337,1.049603140930842,-0.574246373,-0.468502658,-0.704280464,0,1,0,1,0,0,0,1,1
-1.19984729,-0.368926168,1.6049021302745605,-0.692234823,-0.237581753,0.8099713668080862,1.6041560699382462,-0.286576568,1.2434790602275818,-0.704280464,1,0,0,0,0,0,1,3,0
-0.598118459,-0.09598449,1.1992891793279192,-0.692234823,0.7671670691122392,-0.917046473,-0.178492933,0.9513908260099315,0.761802848,-0.704280464,0,0,0,0,0,0,1,3,0
1.0566358281885322,-0.368926168,1.2555004720053704,-0.692234823,-1.242268799,-0.917046473,-1.077292167,-0.70155751,-0.642602494,0.7127828439288392,0,1,0,1,0,0,0,0,1
0.45490699664608797,-0.550887287,-1.230376916,0.7353015150531234,-1.040854281,-0.226239337,-0.003654002,-0.641618359,-1.43765841,0.7127828439288392,1,0,0,0,0,0,0,0,1
1.4327163479025598,1.2687239007792355,-0.505728514,1.8228834751591803,-0.911173593,0.11916423093765023,0.4963805113857757,-0.565422263,1.3305289781041567,-0.704280464,1,0,1,0,0,0,0,3,0
1.4327163479025598,-0.550887287,-0.336558391,-0.270991738,1.0749438206824762,-0.571642905,-0.731476944,0.352647313,-0.114499659,-0.704280464,1,0,0,0,0,1,0,1,1
0.22925868481767137,-0.550887287,-0.015426712,-0.692234823,-0.939157402,1.8461820706137402,-0.146732779,-0.833252114,-0.044859724,0.7127828439288392,1,0,0,0,0,1,0,2,1
1.6583646597309762,3.0883350887021264,0.22899530493751674,-0.692234823,1.6365457760802458,-0.917046473,-0.830238257,1.4633607457998676,-0.764472379,-0.704280464,0,1,0,0,0,1,0,0,1
-1.651143914,-0.914809525,0.4184923867732486,1.030650484,-1.407811056,-0.917046473,-1.077292167,-0.82328449,-1.698808164,0.7127828439288392,0,1,0,0,1,0,0,0,1
-1.651143914,-1.096770644,1.332104771912957,-0.375382979,1.0352615799650207,0.8099713668080862,-1.077292167,-0.542685409,1.3653489452547867,-0.704280464,1,0,1,0,0,0,0,3,0
-1.19984729,-0.732848406,1.2005063437014636,-0.692234823,-0.043468806,0.11916423093765023,-0.254498967,-0.456807567,0.41360317647089995,-0.704280464,1,0,1,0,0,0,0,1,0
-0.071605731,0.995782223,1.4098476080045828,2.4882212038930027,1.3966904982630286,-1.262450041,-1.077292167,3.6265637315392536,-0.445289347,-0.704280464,0,1,0,0,0,1,0,2,1
-1.57592781,-0.914809525,0.5858005935305405,0.034738679960042915,-0.825482905,-0.226239337,-0.190734075,-0.598965317,1.4814155024235534,-0.704280464,1,0,0,0,1,0,0,2,0
0.8309875163601156,0.8138211037985129,0.3996389194936301,1.906196238,-0.414865211,-0.571642905,0.5791424378016644,-0.12173914,0.28592996358525663,0.7127828439288392,1,0,0,0,0,1,0,3,0
1.0566358281885322,0.8138211037985129,0.11742347659306318,-0.427050821,0.6947299317173103,0.8099713668080862,-0.577609617,-0.516689542,1.35374229,-0.704280464,0,0,0,0,0,1,0,2,0
0.9814197242457267,0.5408794256100793,1.4261393688701136,1.2069065998222048,-1.713685788,-0.226239337,1.5342944690259692,-0.588711815,-1.019818805,-0.704280464,0,1,0,1,0,0,0,0,1
0.003610373,-1.187751203,-1.45572059,1.5235081581837269,-0.379893469,1.8461820706137402,1.3573169167875168,-0.457360265,1.580072076017005,-0.704280464,0,1,0,0,0,0,0,3,0
-0.372470147,-0.641867847,1.0648601362942292,-0.692234823,-1.389171024,-0.571642905,1.8704038746616927,-0.347220885,0.3555698978865166,-0.704280464,1,0,0,0,0,1,0,2,0
0.37969089270328243,1.35970446,-1.137561056,-0.692234823,-0.28642838,0.11916423093765023,0.3156029557504212,-0.416956132,0.1640600785580516,0.7127828439288392,1,0,1,0,0,0,0,2,1
-0.447686251,0.3589183068177902,-0.468848748,0.013758141,-0.309790791,0.11916423093765023,-0.473947672,-0.57798185,0.47743978291372163,0.7127828439288392,1,0,0,0,1,0,0,1,0
-1.049415082,-0.18696505,0.28134123581887976,-0.692234823,1.6227302926569989,0.8099713668080862,0.2901214573047897,-0.152328118,1.0171492737484866,-0.704280464,1,0,1,0,0,0,0,3,0
0.5301231005888934,-1.096770644,0.9914339878064532,0.3274868453220307,1.274150997603108,-0.571642905,0.11948519801909539,0.6164367501320277,-0.996605493,0.7127828439288392,1,0,0,0,0,1,0,0,1
-1.425495602,-0.914809525,-0.954215844,-0.692234823,-1.76171862,-0.226239337,-0.877490732,-1.077239714,-1.251951919,-0.704280464,0,1,0,0,0,0,0,0,1
-1.19984729,-1.096770644,0.13172437170031573,-0.692234823,1.649785069851736,-0.571642905,0.7809959934389892,0.9297212508023539,1.2841023552366502,-0.704280464,1,0,0,1,0,0,0,3,0
1.6583646597309762,-0.368926168,1.4820707451929254,0.40843820961196553,-0.292060782,0.8099713668080862,-1.077292167,-0.821531103,-1.716218148,2.1298461519384597,1,0,1,0,0,0,0,0,1
-1.124631186,-1.005790084,-0.98654461,-0.692234823,-0.559574351,-0.917046473,1.5569871109754443,0.31470173281771924,1.249282388,-0.704280464,1,0,0,1,0,0,0,3,0
-1.124631186,-0.550887287,-0.570945879,-0.692234823,0.9328744608777663,-0.571642905,1.6401427583084374,0.7460349132028525,-1.019818805,0.7127828439288392,1,0,0,0,0,0,0,0,1
-0.974198978,-0.277945609,-0.197372343,0.6684641337560701,0.5812764072566322,-0.226239337,-0.734641625,-0.187986671,1.1738391259263217,-0.704280464,0,1,1,0,0,0,0,3,0
0.22925868481767137,1.0867627819869465,-1.076897835,-0.692234823,0.32552542317034283,-0.917046473,-0.67175664,0.5303683230102859,1.59748206,-0.704280464,1,0,0,1,0,0,0,3,0
-0.222037939,0.6318599850062238,1.1468363141088287,1.5492332590281153,-1.097243646,-0.226239337,-1.018940937,-0.860582079,-0.810899002,0.7127828439288392,1,0,0,0,1,0,0,0,1
-0.673334562,0.26793774742164567,0.7916193149438152,-0.692234823,-0.92187884,0.8099713668080862,1.201949273976502,-0.508856476,1.5916787317338819,-0.704280464,1,0,0,0,0,1,0,3,0
-0.372470147,-0.368926168,0.8134134765109378,2.2853150150840063,0.084799327,-0.226239337,0.754166299,-0.07984844,1.2608890438028968,-0.704280464,0,1,0,0,0,0,0,3,0
-0.447686251,-0.277945609,0.5111053860641463,-0.692234823,0.22059000139645465,-1.262450041,1.2446978208245403,2.3503839378060922,-0.810899002,0.7127828439288392,1,0,0,1,0,0,0,0,1
1.5831485557881708,0.085976629,-0.224182983,0.5181181129159383,0.12247381385160053,1.8461820706137402,-1.077292167,-0.858809634,-1.38542846,0.7127828439288392,1,0,0,0,0,0,1,1,1
0.45490699664608797,-1.096770644,-0.636751384,2.089993596,0.090311739,-0.917046473,-0.422772901,0.4060112621224724,-0.590372543,-0.704280464,0,1,0,0,1,0,0,1,1
-0.598118459,-0.732848406,1.0781325746827504,-0.692234823,-0.833187214,-1.262450041,1.043843481151079,0.761548576,-1.182311985,0.7127828439288392,1,0,0,0,0,0,0,0,1
0.078826477,0.44989886621393477,-1.310197109,2.5386920235699377,0.681018994,-0.917046473,0.4341905028885948,1.0076516756253837,1.2202657487938284,-0.704280464,0,1,0,0,0,1,0,3,0
0.9814197242457267,-0.823828965,1.1098920729877946,-0.692234823,0.082784445,1.8461820706137402,-0.649657562,-0.781165087,1.3189223223872801,-0.704280464,0,1,0,1,0,0,0,3,0
0.6805553084745045,1.9055878165522473,0.39781946318847383,1.1793533192223775,-0.538767371,-0.226239337,1.6812060603218997,-0.128085638,-0.81670233,2.1298461519384597,1,0,0,0,1,0,0,1,1
-0.522902355,0.26793774742164567,0.2746059451058423,-0.151409194,0.9290003279821426,0.8099713668080862,1.8828896001086568,0.012909539843232374,-0.189942921,-0.704280464,0,1,0,1,0,0,0,2,1
-0.447686251,-1.096770644,-0.866144409,1.4059279066508938,1.5139670707636077,-1.262450041,1.4723400965322069,4.2967958787027385,1.59748206,-0.704280464,1,0,0,0,0,1,0,2,0
0.003610373,-0.005003931,-1.253286025,-0.692234823,0.5942971053664254,-0.917046473,-1.077292167,0.6488172323463411,-1.135885362,-0.704280464,0,0,1,0,0,0,0,0,1
0.003610373,-0.368926168,-0.282635179,-0.158776324,-1.660063321,1.8461820706137402,1.643211992,-0.589798153,0.500653094,-0.704280464,1,0,0,0,0,1,0,2,0
0.605339205,0.995782223,-0.958823456,-0.692234823,0.3354940981556781,0.11916423093765023,-0.678429016,-0.428105386,0.43101316,-0.704280464,1,0,0,0,0,1,0,2,0
-0.522902355,0.44989886621393477,-1.718579345,-0.213414958,-1.717142926,1.8461820706137402,-0.869556659,-1.088770139,-1.298378542,-0.704280464,1,0,0,0,1,0,0,0,1
-1.500711706,-0.823828965,-0.173875095,-0.692234823,-1.145016302,0.11916423093765023,-0.66472037,-0.860867958,-1.298378542,-0.704280464,1,0,0,0,0,0,1,0,1
0.6805553084745045,0.8138211037985129,-0.331892595,-0.692234823,-0.282958174,-0.571642905,0.9968862963179319,0.02449714,-0.30020615,-0.704280464,0,1,0,0,0,0,0,1,1
0.755771412,0.8138211037985129,0.9249176846124166,-0.692234823,1.3073537777830806,-0.226239337,1.8050790124987786,0.5747938109688289,-0.938572215,2.1298461519384597,1,0,1,0,0,0,0,0,1
0.9814197242457267,0.9048016631946574,-0.848515969,0.8667454630647006,1.6883980926587159,-0.226239337,-1.077292167,0.15215133093079794,-1.077852083,-0.704280464,1,0,0,0,1,0,0,0,1
-0.372470147,-0.368926168,-1.2275636,1.7158805493542428,0.6769428977665964,-1.262450041,-0.908549944,2.601080149134567,-0.422076035,-0.704280464,1,0,0,0,0,0,1,2,1
0.9062036203029211,0.5408794256100793,-1.578375847,-0.692234823,-0.058301234,-1.262450041,-1.077292167,1.486936176346722,0.24530666857618827,2.1298461519384597,1,0,0,0,0,0,0,0,1
-0.673334562,-0.277945609,1.0782174931274162,-0.692234823,-1.506764798,1.8461820706137402,1.208478479185151,-0.652138681,-0.044859724,0.7127828439288392,0,1,0,1,0,0,0,0,1
0.37969089270328243,0.44989886621393477,1.6377860116895326,1.700787184349519,0.5372970985589649,0.8099713668080862,-0.999979696,-0.632203434,-0.085483019,0.7127828439288392,1,0,0,0,0,1,0,0,1
-0.522902355,-0.368926168,0.44143451990715094,-0.692234823,-1.599009791,0.11916423093765023,1.0143561706473319,-0.666566006,-0.265386183,0.7127828439288392,0,1,1,0,0,0,0,0,1
-1.651143914,-1.005790084,-0.040158423,-0.692234823,0.4200799270534123,-0.226239337,0.4113815343045208,-0.023492297,-1.536314984,2.1298461519384597,1,0,0,1,0,0,0,0,1
-0.673334562,-1.005790084,0.038518516,-0.692234823,0.9564376475848501,-0.571642905,-0.240518891,0.39042136544718786,-0.114499659,-0.704280464,1,0,0,1,0,0,0,1,1
1.3575002439597543,2.3604906135329697,-1.457846696,-0.254929873,-0.873251998,0.8099713668080862,-1.077292167,-0.943620196,1.6903353053273336,-0.704280464,1,0,0,0,0,0,0,3,0
-0.598118459,-0.459906728,-0.086806955,1.5412893827098397,0.9015927088769483,0.8099713668080862,0.046357503135383886,-0.351413767,-1.106868722,-0.704280464,1,0,0,1,0,0,0,0,1
-1.350279498,-0.732848406,0.6645514430116262,-0.692234823,1.6020658745072047,-0.226239337,1.6918723178943658,0.6610337650711057,-0.073876364,-0.704280464,1,0,0,1,0,0,0,1,1
-0.071605731,0.6318599850062238,0.6866884234849926,-0.692234823,-0.326090424,0.11916423093765023,-0.907941466,-0.667518933,-0.027449741,2.1298461519384597,0,0,0,1,0,0,0,0,1
-1.19984729,-0.732848406,1.584249650019057,-0.692234823,0.7408476762359292,1.8461820706137402,-1.077292167,-0.767881276,-0.474305986,-0.704280464,0,1,0,0,0,0,0,1,0
0.15404258087486586,0.6318599850062238,-1.267456398,-0.692234823,-0.672312688,0.11916423093765023,-1.077292167,-0.802396316,1.5046288138573067,-0.704280464,0,1,0,0,0,0,0,3,0
-1.124631186,-0.459906728,-1.445632593,-0.692234823,1.4933454213302326,0.11916423093765023,-0.205564229,0.004752479,-0.596175871,2.1298461519384597,0,1,0,0,0,0,0,0,1
-0.071605731,0.995782223,0.6025877119899556,1.3215269412748036,-1.216268983,0.8099713668080862,1.705551137029525,-0.472378405,0.6805562579590634,-0.704280464,1,0,0,0,0,1,0,2,0
0.9814197242457267,0.9048016631946574,1.4085266544208912,-0.692234823,0.4457886777008507,1.8461820706137402,1.5416469088794729,-0.299955673,-1.008212149,2.1298461519384597,1,0,0,0,0,0,1,0,1
1.5831485557881708,-0.459906728,-0.06811389,-0.692234823,-0.089358451,-0.571642905,0.2693347825222068,-0.022653721,1.249282388,-0.704280464,1,0,0,1,0,0,0,2,0
0.6805553084745045,-0.09598449,-0.598174821,-0.692234823,-1.714084962,-0.917046473,1.3467580376469883,-0.575218359,1.5394487810079367,-0.704280464,0,1,0,1,0,0,0,3,0
-1.19984729,-1.187751203,1.0606991325056006,0.47782198413980864,-1.427555947,-0.917046473,-1.077292167,-0.837807108,0.552883045,2.1298461519384597,1,0,0,0,0,0,0,2,1
1.6583646597309762,2.906373969909837,0.15029163237013438,1.4460390410470088,1.155903812843797,0.11916423093765023,1.2112404910733232,0.1821113768642298,-1.484085033,-0.704280464,1,0,0,0,0,0,0,0,1
0.3044747887604769,0.9048016631946574,1.0888637499864553,2.2474346952704205,1.6972262685395438,-0.917046473,1.3481539572621768,1.9332874968053568,1.2724956995197734,-0.704280464,0,1,0,0,1,0,0,3,0
1.1318519321313376,1.4506850195715246,0.7174178925075153,0.5336576408371679,0.7432641087136043,0.8099713668080862,1.3702053113542467,-0.126198841,-1.176508657,0.7127828439288392,1,0,0,0,0,0,0,0,1
1.0566358281885322,1.8146072571561027,1.5673099928720013,-0.692234823,0.33477653413575886,-0.571642905,1.321082661477025,0.39057383387433003,-0.694832444,2.1298461519384597,1,0,1,0,0,0,0,1,1
0.37969089270328243,0.44989886621393477,0.2886426494963565,1.150222145381249,-0.966247819,-1.262450041,0.32529982470122865,0.4255843964568455,-0.422076035,0.7127828439288392,1,0,1,0,0,0,0,1,1
1.2070680360741433,0.085976629,0.05291691,0.7055065378484128,0.9600028953063363,1.8461820706137402,-1.077292167,-0.735653262,-1.588544935,0.7127828439288392,0,1,0,0,0,0,0,1,1
0.9062036203029211,-1.187751203,1.436304421209379,-0.692234823,-1.662935954,-0.571642905,0.7389245272590018,-0.702319852,0.779212832,-0.704280464,0,1,0,0,0,1,0,2,0
-1.049415082,-0.823828965,-1.061865698,-0.692234823,-1.193727494,-0.226239337,-0.775788444,-0.848575191,-0.938572215,2.1298461519384597,0,1,0,0,0,0,1,0,1
0.003610373,0.9048016631946574,-0.317681336,-0.692234823,-0.161391661,-0.917046473,0.3707984525005571,0.3758987477618984,1.2957090109535268,-0.704280464,0,1,0,0,0,0,0,3,0
1.6583646597309762,-1.005790084,1.0736114537861867,2.499560271185665,-0.209170258,-0.917046473,1.6972531704281268,0.5997223988065699,-1.542118312,2.1298461519384597,1,0,0,0,0,0,0,0,1
-1.049415082,-0.914809525,-0.494207911,0.389372906,0.6228773001134414,1.8461820706137402,-1.077292167,-0.785224559,-0.073876364,-0.704280464,1,0,0,0,0,1,0,1,0
0.8309875163601156,-0.005003931,-1.763773256,-0.692234823,0.6536909722734512,0.11916423093765023,-0.490388503,-0.297821115,-1.524708328,0.7127828439288392,0,1,0,0,0,0,0,0,1
1.3575002439597543,2.4514711729291143,0.5151185688565049,-0.692234823,1.4821008129717295,-0.917046473,-1.077292167,1.3015917446020497,-0.015843085,-0.704280464,1,0,1,0,0,0,0,1,1
0.22925868481767137,0.3589183068177902,1.3874495819420583,0.7744659135044576,-1.231463758,1.8461820706137402,0.3511213548479958,-0.779049588,0.1814700621333666,-0.704280464,1,0,1,0,0,0,0,1,0
0.5301231005888934,-0.550887287,0.5076976403309799,-0.692234823,-1.153280168,1.8461820706137402,-1.077292167,-1.046422033,1.1506258144925685,-0.704280464,0,0,0,0,0,0,1,3,0
-1.57592781,-0.823828965,-0.366065978,-0.692234823,0.24665991009365376,-1.262450041,-1.077292167,1.9353839376785613,-0.201549577,-0.704280464,1,0,0,0,0,0,0,1,1
0.37969089270328243,1.4506850195715246,-1.424514634,0.7745638517056418,-0.097979911,0.8099713668080862,0.2342697590261464,-0.524713193,-0.439486019,-0.704280464,1,0,0,1,0,0,0,2,1
1.3575002439597543,2.3604906135329697,0.3896688650643382,-0.360953417,-1.686153426,1.8461820706137402,1.1566654030410488,-0.688635811,0.2278966850008733,2.1298461519384597,1,0,0,0,0,0,1,0,1
-1.350279498,-0.914809525,0.6034636300210464,-0.692234823,-1.009099697,1.8461820706137402,1.1976064129514712,-0.581069335,-0.393059396,-0.704280464,0,1,0,0,0,0,0,2,0
-0.071605731,0.3589183068177902,-0.144461862,-0.692234823,-1.611622998,1.8461820706137402,-1.077292167,-1.113813078,1.3769556009716635,-0.704280464,1,0,0,1,0,0,0,3,0
0.6805553084745045,0.44989886621393477,0.2035496502497607,0.9363795241066811,-1.623068382,-0.571642905,1.404757304564383,-0.552786442,0.4890464386305983,-0.704280464,1,0,0,0,1,0,0,3,0
-1.275063394,-0.459906728,0.9549033309622178,0.3917343052988791,-1.315231041,0.8099713668080862,-1.077292167,-1.036473469,-0.601979199,2.1298461519384597,1,0,0,0,0,0,0,0,1
0.37969089270328243,-1.187751203,0.20808492422043548,0.681674909,-1.294688989,-0.571642905,0.1303363851132318,-0.640627315,-0.021646413,-0.704280464,1,0,0,0,1,0,0,1,1
0.9814197242457267,0.44989886621393477,1.5565300680908032,-0.376395007,0.6853018057867155,0.8099713668080862,-1.077292167,-0.616213308,1.4930221581404302,-0.704280464,1,0,0,0,0,0,1,3,0
-0.598118459,-1.187751203,0.8359703315162633,-0.692234823,0.4364068845463765,-0.571642905,0.9630292801811693,0.3704861185983522,0.094420144,-0.704280464,1,0,0,0,0,0,1,0,1
-1.19984729,-0.914809525,1.4458388754688107,-0.692234823,-1.373370359,-0.917046473,0.43351043948632345,-0.5030055,1.35374229,-0.704280464,1,0,0,0,0,0,1,3,0
-0.598118459,0.17695718802550114,-0.122563911,-0.692234823,-0.107810776,1.8461820706137402,1.1074592366056535,-0.466146258,1.6032853874507584,-0.704280464,1,0,0,0,0,1,0,3,0
-0.372470147,0.3589183068177902,1.4386852827876042,-0.692234823,-0.231648782,0.8099713668080862,1.1696074868237476,-0.370167383,1.1158058473419383,-0.704280464,0,1,0,0,0,1,0,3,0
-1.19984729,-1.096770644,0.6930887581107368,-0.396864091,-0.983685575,0.11916423093765023,-0.430176047,-0.767633514,0.848852766,-0.704280464,1,0,0,0,1,0,0,1,0
-1.500711706,-0.914809525,-0.658814454,-0.692234823,0.8226024537107037,-0.226239337,-1.077292167,-0.166145569,1.4988254859988686,-0.704280464,0,1,0,0,0,1,0,3,0
-0.297254043,-0.368926168,0.003308813,-0.692234823,1.2736128245881686,-0.571642905,-0.604853911,0.4747554642101878,-0.027449741,-0.704280464,1,0,0,0,0,0,0,1,1
0.078826477,-0.459906728,1.3290838768721576,-0.692234823,-0.146136298,0.8099713668080862,-1.077292167,-0.790884949,-0.95017887,-0.704280464,1,0,0,0,1,0,0,0,1
-1.651143914,-1.096770644,-0.793191602,-0.692234823,-1.76346501,-0.571642905,1.123246848834698,-0.676571746,-1.19391864,0.7127828439288392,1,0,0,0,1,0,0,0,1
1.2822841400169487,-0.277945609,-1.344449121,0.8149688007053095,-0.07248738,0.8099713668080862,-1.077292167,-0.775409404,-0.120302987,-0.704280464,1,0,0,1,0,0,0,0,1
1.1318519321313376,0.9048016631946574,0.8750170904246733,-0.692234823,1.004594034252776,0.11916423093765023,-0.805150479,-0.256082883,-0.845718969,-0.704280464,0,1,0,0,1,0,0,0,1
-0.447686251,-0.823828965,1.6602437951760813,-0.692234823,0.11680933496588028,-0.571642905,-1.077292167,-0.184518015,-0.108696331,2.1298461519384597,1,0,0,0,0,0,0,0,1
1.5079324518453652,-0.005003931,-0.676114228,0.8480719127055759,-0.712862183,-1.262450041,-0.531976766,0.6308259579435679,1.0693792244744318,-0.704280464,0,0,0,0,0,0,0,2,0
-1.350279498,-1.187751203,-0.881404568,-0.692234823,0.39955213119217897,-0.226239337,-0.10117748,-0.131115948,1.2202657487938284,-0.704280464,0,1,0,0,1,0,0,3,0
0.9814197242457267,0.995782223,1.3447010078717314,2.503488681255387,-0.211937156,0.11916423093765023,-1.077292167,-0.666985294,-0.480109314,2.1298461519384597,1,0,0,1,0,0,0,0,1
-0.974198978,-0.459906728,1.1281542562823321,-0.692234823,-0.542967021,0.8099713668080862,0.31434424190937515,-0.602548325,0.3149466028774483,-0.704280464,0,1,0,1,0,0,0,1,0
1.5079324518453652,1.2687239007792355,-0.374812578,-0.692234823,-0.8397237,-0.226239337,1.2908347537470533,-0.314935696,-1.693004836,-0.704280464,1,0,1,0,0,0,0,0,1
-1.651143914,-1.005790084,-1.164143674,-0.692234823,-0.526915684,0.11916423093765023,-0.94260382,-0.733347177,-0.120302987,-0.704280464,1,0,0,1,0,0,0,1,1
-0.372470147,0.44989886621393477,-1.584178608,-0.692234823,0.5546219927683731,0.11916423093765023,-0.503974857,-0.329610782,1.057772568757555,-0.704280464,0,1,0,0,1,0,0,3,0
0.9062036203029211,-1.005790084,0.6525103220707604,0.3994061310583097,-0.909865583,1.8461820706137402,1.5611718870867892,-0.49549643,-1.043032116,-0.704280464,0,1,0,0,0,1,0,0,1
-0.146821835,0.3589183068177902,0.045327717,-0.692234823,-0.823787601,0.8099713668080862,-1.077292167,-0.933233285,0.22209335714243494,0.7127828439288392,1,0,0,0,0,0,0,0,1
-0.898982874,-0.368926168,0.6308938602119202,-0.692234823,1.5197432235199775,-0.226239337,-1.077292167,0.090134798,-1.391231788,-0.704280464,0,0,0,0,0,0,1,0,1
-0.974198978,-1.096770644,-0.64652644,-0.692234823,-0.418461347,0.11916423093765023,0.23251889403871978,-0.472016293,-0.723849084,0.7127828439288392,0,1,0,0,0,1,0,0,1
-0.222037939,-0.18696505,-1.008442561,0.016598348696254584,1.0298917300146315,-0.226239337,-0.764224383,-0.028828692,-0.671619133,2.1298461519384597,1,0,0,1,0,0,0,1,1
1.3575002439597543,-0.277945609,-1.716012921,1.662210415,0.5024999956724828,-1.262450041,-1.077292167,2.311618840205201,0.077010161,0.7127828439288392,0,0,0,0,1,0,0,1,1
-1.049415082,-0.641867847,0.1086375626977234,0.3265727554443113,1.0241654740940838,-0.571642905,-0.4587059,0.3810064400711603,-0.131909642,0.7127828439288392,1,0,0,0,0,0,1,2,1
-0.447686251,-0.459906728,-1.175332466,-0.692234823,1.0922128779565596,-0.571642905,-1.077292167,0.2936229727653174,1.35374229,-0.704280464,0,1,1,0,0,0,0,3,0
1.5831485557881708,-1.005790084,0.7590122047559021,0.727292347,1.7075596656343413,-0.226239337,1.0856286048458996,0.5814643046562978,-0.039056396,-0.704280464,0,1,1,0,0,0,0,1,1
0.9814197242457267,0.3589183068177902,-1.186246058,-0.692234823,-0.741371096,-0.571642905,-0.949109164,-0.580154525,-1.066245427,0.7127828439288392,0,1,0,0,0,1,0,0,1
-1.049415082,-0.732848406,0.6706419825707188,-0.692234823,1.488896286802753,0.11916423093765023,-0.720276777,-0.097058313,0.378783209,0.7127828439288392,1,0,0,1,0,0,0,3,0
0.605339205,-0.641867847,-0.550713273,-0.692234823,-0.265235293,-0.917046473,1.3046477959221345,0.4818452460722977,-1.623364902,0.7127828439288392,1,0,0,0,0,0,1,0,1
1.0566358281885322,1.0867627819869465,1.3387268380331068,-0.692234823,-0.532822519,0.8099713668080862,0.46179272536499344,-0.571635351,0.6283263072331183,-0.704280464,0,1,1,0,0,0,0,2,0
0.755771412,1.2687239007792355,-0.00821179,-0.692234823,0.20552234499805072,0.11916423093765023,-0.527076133,-0.436796086,0.030583537813969917,0.7127828439288392,1,0,0,1,0,0,0,0,1
-0.748550666,-0.823828965,-0.928130156,-0.692234823,-1.523300847,-1.262450041,-1.077292167,-0.667404582,-0.915358903,2.1298461519384597,0,0,1,0,0,0,0,0,1
0.5301231005888934,-0.368926168,-0.463022399,-0.692234823,-0.290117181,-0.571642905,1.635289849731703,0.1456142471170784,-0.54394592,-0.704280464,1,0,0,1,0,0,0,0,1
1.5831485557881708,0.9048016631946574,-1.752251081,-0.692234823,-0.07371104,-1.262450041,0.1849651623614749,1.7107026517312152,-0.491715969,2.1298461519384597,1,0,0,0,0,0,1,1,1
-0.522902355,-0.914809525,0.7714983612493688,0.2872124805906086,0.20120508067952986,1.8461820706137402,-1.077292167,-0.847241092,0.7676061758356384,-0.704280464,0,1,1,0,0,0,0,2,0
-1.350279498,-1.187751203,-0.322612896,-0.692234823,-0.903624914,1.8461820706137402,0.015459359345345649,-0.796354754,1.2260690766522668,-0.704280464,1,0,0,0,0,1,0,2,0
1.2070680360741433,-0.823828965,-0.267343569,0.5978289266575397,-1.570897676,-0.917046473,0.014633141966270392,-0.730030989,0.5296697336396666,-0.704280464,0,1,1,0,0,0,0,2,0
-0.222037939,0.17695718802550114,-1.555155371,1.9315404683618955,-0.896859141,-0.917046473,1.5616998310438157,0.067626647,-1.124278706,0.7127828439288392,1,0,0,0,0,0,1,1,1
1.4327163479025598,-1.187751203,-0.723706298,2.4178254012862563,0.12200929807049385,0.8099713668080862,0.9974291539460608,-0.32949643,0.6341296350915566,-0.704280464,0,1,0,0,0,0,1,2,0
-0.222037939,0.6318599850062238,-1.020026066,-0.692234823,0.45227645437763725,0.11916423093765023,-1.077292167,-0.471635122,0.23950334071774995,0.7127828439288392,1,0,1,0,0,0,0,0,1
-0.82376677,-0.459906728,0.744442401,-0.692234823,-1.392703007,-0.917046473,1.8742873946167684,-0.235918933,-0.21895956,-0.704280464,0,0,0,1,0,0,0,0,1
0.37969089270328243,-0.368926168,-1.522059193,2.3188425259560708,0.5020093434535645,-0.571642905,-1.077292167,0.004314132,0.4426198157630916,-0.704280464,1,0,0,1,0,0,0,2,0
-1.57592781,-1.096770644,0.14928833667204475,-0.374653883,0.4348363222378777,-0.571642905,0.8159059147555842,0.34100253649973955,-1.089458739,0.7127828439288392,1,0,1,0,0,0,0,1,1
-0.522902355,0.3589183068177902,-1.161081893,0.35064378889092185,1.3624054319536745,-0.226239337,-1.077292167,0.032292089,0.29753661930213327,2.1298461519384597,1,0,0,0,0,0,1,2,1
0.8309875163601156,-1.005790084,-1.280047916,-0.256159542,-1.060137032,0.11916423093765023,1.7112123665800119,-0.372035122,-1.153295345,0.7127828439288392,1,0,0,0,1,0,0,0,1
-0.071605731,0.9048016631946574,0.20697626674840852,-0.692234823,-1.679846229,-0.917046473,0.9945448499548486,-0.618805271,-1.280968558,2.1298461519384597,0,0,0,0,1,0,0,0,1
-0.748550666,-0.368926168,1.6056428078197018,-0.692234823,-0.576784007,0.8099713668080862,0.4316432478642978,-0.586767843,-0.474305986,0.7127828439288392,1,0,0,1,0,0,0,1,1
-0.372470147,-1.096770644,0.8446901977324185,-0.692234823,1.588073376118779,-0.571642905,-0.399620918,0.6689811818358901,-1.640774885,2.1298461519384597,1,0,1,0,0,0,0,0,1
-0.372470147,0.6318599850062238,0.3136542765780424,0.8080913625777065,-1.701325629,0.8099713668080862,0.8647183602738752,-0.738435811,-0.044859724,0.7127828439288392,1,0,1,0,0,0,0,1,1
1.1318519321313376,2.2695100541368256,0.3835201406450114,-0.692234823,0.5785083208884007,0.11916423093765023,-0.047744779,-0.233517556,0.3033399471605716,0.7127828439288392,1,0,0,1,0,0,0,3,0
-0.673334562,-0.732848406,0.7879049192715774,-0.290514086,1.500824007,1.8461820706137402,-1.077292167,-0.656121918,1.1390191587756917,-0.704280464,1,0,0,0,0,0,0,3,0
-1.275063394,-0.459906728,0.6502521204681637,1.3244977333773917,0.4584006969648621,0.8099713668080862,0.9068703602778156,-0.276494593,1.7193519446195251,-0.704280464,1,0,0,0,0,0,1,3,0
1.0566358281885322,-1.096770644,0.087604522,-0.692234823,0.654018866,-0.917046473,-1.077292167,0.6927281393632795,-0.973392182,0.7127828439288392,1,0,0,0,0,0,1,0,1
-1.19984729,-0.914809525,-1.055152423,-0.692234823,-0.901321344,1.8461820706137402,-1.077292167,-1.009372206,0.6283263072331183,-0.704280464,1,0,0,0,0,1,0,2,0
-0.673334562,-0.459906728,0.3218599144348319,-0.692234823,1.349229103236912,-1.262450041,-1.077292167,3.556771309014936,0.13504343926585993,-0.704280464,1,0,0,0,1,0,0,1,1
0.22925868481767137,0.085976629,0.10340564296803029,-0.692234823,0.4482193664173322,-0.917046473,-1.037028238,0.5492553494225193,1.4117755681222934,-0.704280464,1,0,0,0,0,1,0,2,0
1.4327163479025598,-0.641867847,0.7436608370368567,-0.692234823,0.2919757411794158,-0.226239337,-0.956637585,-0.33767255,-0.422076035,-0.704280464,1,0,0,0,0,0,1,1,0
1.2070680360741433,1.1777433413830911,-1.634258474,0.9513858329325744,-0.961930555,0.11916423093765023,-0.762956721,-0.826200449,0.44842314362152996,-0.704280464,1,0,0,0,1,0,0,2,0
0.15404258087486586,1.2687239007792355,-0.511664942,-0.692234823,-0.987242507,-0.226239337,-1.077292167,-0.831517785,-0.329222789,-0.704280464,1,0,1,0,0,0,0,0,1
-0.146821835,-1.005790084,-1.581121544,2.156569808616172,0.49673809915491923,-0.917046473,-0.290944996,0.7305974849547101,-0.700635772,2.1298461519384597,1,0,0,0,1,0,0,0,1
1.2070680360741433,-0.277945609,-0.169792719,-0.692234823,-1.44336374,-1.262450041,1.0695367537263654,-0.130715719,0.6631462743837483,-0.704280464,0,1,0,0,1,0,0,1,0
0.15404258087486586,-0.005003931,-0.069761936,-0.692234823,0.8861460741302757,-1.262450041,-1.077292167,2.8757901377379302,1.4175788959807318,-0.704280464,1,0,0,0,1,0,0,3,0
0.605339205,-0.914809525,0.14746416267551812,-0.692234823,-1.592531518,-0.571642905,-1.077292167,-1.022389198,1.2841023552366502,-0.704280464,0,1,0,0,0,0,1,3,0
0.37969089270328243,-0.914809525,-0.821983672,-0.692234823,1.0977728110910332,1.8461820706137402,-1.077292167,-0.71539402,0.42520983218777664,-0.704280464,0,1,0,1,0,0,0,2,0
0.605339205,-0.641867847,0.39192234897556455,-0.692234823,-1.422298959,-0.226239337,-0.2820475,-0.836206189,-0.207352904,-0.704280464,1,0,0,0,1,0,0,1,0
0.45490699664608797,0.3589183068177902,-1.549101,-0.692234823,-1.05379063,0.11916423093765023,1.7053751557105163,-0.371291838,0.44842314362152996,-0.704280464,0,1,1,0,0,0,0,2,0
