age,emp_exp_years,annual_income,additional_income,loan_amount,loan_term_months,existing_debt,monthly_emi,credit_score,previous_defaults,emp_type_salaried,emp_type_self,loan_purpose_education,loan_purpose_home,loan_purpose_other,loan_purpose_personal,loan_purpose_vehicle,repayment_status,defaulted_within_12_months
1.3575002439597543,0.3589183068177902,-0.16960558406902784,0.11016197689424623,1.5805555861882343,0.8099713668080862,0.27214750089212725,-0.1646971192239759,-1.565331623256572,-0.7042804640807814,1.0,0.0,0.0,0.0,0.0,0.0,0.0,0.0,1
1.2070680360741433,-0.09598449016293245,0.9822077560498829,1.1125703480370932,-1.7589992427150096,1.8461820706137402,0.016709124983730245,-0.9218934455186625,-0.10289300293011178,-0.7042804640807814,1.0,0.0,0.0,0.0,0.0,1.0,0.0,0.0,1
-1.1998472900956336,-1.0967706435205222,0.5828944956464188,-0.6922348233857155,1.2169347711737513,-0.5716429049327858,-1.0772921669385251,0.3547437534959255,1.4349888795560468,-0.7042804640807814,1.0,0.0,0.0,1.0,0.0,0.0,0.0,3.0,0
-1.275063394038439,-0.7328484059359441,-0.5165666233359684,-0.6922348233857155,-1.563042488242224,0.8099713668080862,-1.0772921669385251,-1.088541436385029,-1.2809685581930936,2.1298461519384597,1.0,0.0,0.0,0.0,0.0,1.0,0.0,0.0,1
-0.3724701467247728,-0.186965049559077,-0.7120300121913744,0.7207087230766746,1.54804542161027,-0.5716429049327858,-1.0772921669385251,0.5170463941887408,-1.3273951810606002,0.7127828439288392,1.0,0.0,0.0,0.0,1.0,0.0,0.0,1.0,1
-0.8989828743244115,-0.8238289653320887,-0.3363256519688189,-0.6922348233857155,-1.5126478720817025,-0.9170464728680038,-1.0772921669385251,-0.9003572801848342,0.6283263072331183,-0.7042804640807814,1.0,0.0,0.0,1.0,0.0,0.0,0.0,2.0,0
1.0566358281885322,0.6318599850062238,-0.3824206417844981,-0.6922348233857155,0.18001912179340374,0.8099713668080862,-0.6107537593092897,-0.6312695648323379,-0.2885994944001385,0.7127828439288392,0.0,1.0,0.0,0.0,0.0,0.0,1.0,1.0,1
0.37969089270328243,-0.09598449016293245,0.60279529041025,0.31462429489983645,0.7475457324351092,-0.22623933699756776,-1.0772921669385251,-0.19374235459455486,-1.1010653945815052,-0.7042804640807814,0.0,1.0,0.0,1.0,0.0,0.0,0.0,1.0,1
1.2070680360741433,0.995782222590802,1.3023031155265987,-0.6922348233857155,0.9652967119830916,1.8461820706137402,-0.6891907211054704,-0.6591141113391724,1.4349888795560468,-0.7042804640807814,1.0,0.0,0.0,1.0,0.0,0.0,0.0,3.0,0
-0.07160573095355072,-0.005003930766787923,-0.7416869927090427,-0.6922348233857155,-0.47893631237308054,0.11916423093765023,-0.7146543231457789,-0.6747230665678497,0.018976882097093247,0.7127828439288392,1.0,0.0,0.0,0.0,0.0,1.0,0.0,1.0,0
-0.974198978267217,-1.0057900841243779,-1.7810934731109518,-0.6922348233857155,0.6432993622035277,-1.2624500408032218,-1.0772921669385251,2.5186709642642366,0.07120683282303826,-0.7042804640807814,1.0,0.0,0.0,1.0,0.0,0.0,0.0,1.0,1
-1.275063394038439,-0.5508872871436551,-1.3283523579385297,-0.6922348233857155,0.8630485912241991,1.8461820706137402,0.43903744599688826,-0.45387254985245007,1.5104321417157451,-0.7042804640807814,1.0,0.0,0.0,0.0,0.0,1.0,0.0,3.0,0
1.2070680360741433,-0.005003930766787923,-0.4581112821300313,-0.6922348233857155,0.1967630742714535,0.8099713668080862,1.7661871409978318,-0.16368701589415915,1.3189223223872801,-0.7042804640807814,1.0,0.0,0.0,0.0,1.0,0.0,0.0,3.0,0
-0.5981184585531893,-1.1877512029166668,-0.26707151521620237,-0.6922348233857155,-1.7555504209437753,-1.2624500408032218,-0.3314236822947815,-0.8633265109426853,-1.3506084924943536,2.1298461519384597,1.0,0.0,0.0,0.0,1.0,0.0,0.0,0.0,1
0.75577141241731,1.6326461383638138,-0.37179954594610093,-0.6922348233857155,1.0540786271694926,0.11916423093765023,0.4318162464490861,-1.215935706456735e-05,0.6631462743837483,-0.7042804640807814,1.0,0.0,0.0,0.0,0.0,0.0,1.0,3.0,0
1.5079324518453652,1.2687239007792355,0.9266868188762895,-0.6922348233857155,-1.521451099544619,0.8099713668080862,-1.0772921669385251,-1.0797935603777482,-1.1707053288827654,-0.7042804640807814,1.0,0.0,0.0,0.0,1.0,0.0,0.0,0.0,1
-0.5229023546103838,0.3589183068177902,1.1741045702293214,0.5722561741261044,-0.40341388729647887,-0.22623933699756776,-1.0772921669385251,-0.6168803570207978,-1.304181869626847,0.7127828439288392,1.0,0.0,0.0,0.0,0.0,1.0,0.0,0.0,1
-1.1998472900956336,-0.45990672774751057,-1.6875259275994579,-0.6922348233857155,-0.6135223348243609,-0.9170464728680038,-0.378944603895601,-0.10294740623140643,0.6283263072331183,-0.7042804640807814,1.0,0.0,0.0,0.0,0.0,0.0,1.0,1.0,0
0.15404258087486586,-0.09598449016293245,-0.03563572966204977,-0.6922348233857155,0.4758871618807422,-0.5716429049327858,1.237279760818186,0.4433850853256911,1.5510554367248135,-0.7042804640807814,1.0,0.0,0.0,0.0,0.0,0.0,1.0,3.0,0
-0.974198978267217,-0.9148095247282333,-1.3991208736210214,-0.6922348233857155,0.9103317832652364,-1.2624500408032218,-0.8906386248888087,2.947793352455809,1.7193519446195251,-0.7042804640807814,1.0,0.0,0.0,0.0,1.0,0.0,0.0,3.0,0
-0.8989828743244115,-0.45990672774751057,-1.2564657494012705,-0.6922348233857155,-1.4499453697517046,0.11916423093765023,-0.31183606666883484,-0.8816608393065285,0.6457362908084333,-0.7042804640807814,1.0,0.0,0.0,1.0,0.0,0.0,0.0,3.0,0
-0.5229023546103838,-1.0967706435205222,-1.2441179785213334,-0.6922348233857155,1.117009229320392,0.11916423093765023,-0.2318898413570871,-0.11108540853011852,-0.5381425923129868,-0.7042804640807814,1.0,0.0,0.0,0.0,0.0,0.0,0.0,1.0,1
0.22925868481767137,0.6318599850062238,0.19385793961131806,-0.6922348233857155,-1.4299058500695885,-1.2624500408032218,0.7133654777236377,-0.18047760143318808,-1.1590986731658885,-0.7042804640807814,1.0,0.0,0.0,0.0,0.0,0.0,1.0,0.0,1
-1.0494150822100226,-1.0967706435205222,-0.17361090404243582,0.4253924004391894,0.39205572561984364,1.8461820706137402,-1.0772921669385251,-0.819167842731641,1.38856225668854,-0.7042804640807814,0.0,0.0,0.0,0.0,0.0,0.0,0.0,3.0,0
-0.22203793883916176,-0.9148095247282333,-0.8991069183541283,0.13607207211864936,0.9652860198039869,-0.9170464728680038,-0.3886951620623772,1.0560222841362297,0.28592996358525663,-0.7042804640807814,0.0,0.0,1.0,0.0,0.0,0.0,0.0,2.0,1
0.75577141241731,-0.9148095247282333,-1.1760825787060516,-0.6922348233857155,-0.41270776697831396,-1.2624500408032218,-0.638311240772381,1.0514482313219653,-0.1957462486651251,-0.7042804640807814,1.0,0.0,0.0,1.0,0.0,0.0,0.0,1.0,1
0.9814197242457267,-0.8238289653320887,-0.80173219590678,-0.6922348233857155,0.04839126889443952,0.11916423093765023,-0.6488641544444687,-0.5067981526241678,-1.5072983446721886,0.7127828439288392,1.0,0.0,0.0,0.0,0.0,0.0,0.0,0.0,1
0.003610372989254802,-0.5508872871436551,-1.1068583206654472,1.8439075423467262,1.3013233887679976,0.8099713668080862,-1.0772921669385251,-0.48680573011515377,-0.34663277298452183,0.7127828439288392,1.0,0.0,0.0,0.0,0.0,1.0,0.0,0.0,1
0.3044747887604769,0.9048016631946574,0.4061666317863732,-0.6922348233857155,0.26015106408405625,1.8461820706137402,-1.0772921669385251,-0.8385694500854792,-0.2769928386832618,-0.7042804640807814,1.0,0.0,0.0,0.0,1.0,0.0,0.0,0.0,1
0.15404258087486586,1.2687239007792355,1.3197176869382674,2.1515749603557768,-0.049063191565820195,-0.5716429049327858,1.016867632860983,0.1430222838556619,-0.6077825266142468,0.7127828439288392,0.0,1.0,0.0,0.0,0.0,1.0,0.0,0.0,1
-0.3724701467247728,0.26793774742164567,0.8513374248732098,-0.6922348233857155,0.8805362441599798,-0.5716429049327858,-0.2304849735392371,0.3551630416705664,-0.6948324444908218,0.7127828439288392,1.0,0.0,0.0,1.0,0.0,0.0,0.0,0.0,1
-1.1998472900956336,-0.7328484059359441,0.28409164988778063,-0.6922348233857155,0.7569964307438141,-1.2624500408032218,-1.0772921669385251,2.6858716531789932,-0.6251925101895618,0.7127828439288392,1.0,0.0,0.0,0.0,0.0,0.0,1.0,0.0,1
0.8309875163601156,1.9055878165522473,-0.48525845083868546,-0.07537650423808193,1.518458974007506,-0.5716429049327858,1.6048063059983126,1.0261765895231545,-1.0140154767049303,2.1298461519384597,0.0,0.0,0.0,0.0,0.0,0.0,0.0,0.0,1
1.5079324518453652,1.0867627819869465,0.16521998042964045,-0.6922348233857155,-0.8354587084819055,-0.22623933699756776,-1.0772921669385251,-0.7757143409961292,-0.7180457559245752,0.7127828439288392,1.0,0.0,0.0,0.0,1.0,0.0,0.0,0.0,1
-1.6511439137524666,-1.0967706435205222,1.0505954101541493,-0.6922348233857155,1.2315628602089594,0.8099713668080862,0.3354441037851093,-0.22564637297404908,-0.48591264158704184,-0.7042804640807814,1.0,0.0,1.0,0.0,0.0,0.0,0.0,0.0,1
1.5079324518453652,1.7236266977599581,0.42597307272279783,0.8653960922928291,1.5611029483369794,-0.5716429049327858,-1.0772921669385251,0.523450068128711,-0.8805389359608485,-0.7042804640807814,1.0,0.0,0.0,0.0,0.0,1.0,0.0,0.0,1
1.2822841400169487,-0.8238289653320887,1.2189729602887154,-0.6922348233857155,1.3466867406497807,0.11916423093765023,-1.0772921669385251,-0.2085889676875214,0.5296697336396666,-0.7042804640807814,0.0,1.0,0.0,0.0,0.0,1.0,0.0,2.0,0
1.6583646597309762,-0.6418678465397997,1.0193186889326684,2.4805167320665107,0.5234317182998959,-1.2624500408032218,1.605811487430617,2.8662418024881533,-1.0314254602802453,0.7127828439288392,1.0,0.0,0.0,0.0,0.0,0.0,0.0,0.0,1
0.9814197242457267,1.35970446017538,1.5445565673929122,-0.6922348233857155,0.938618537096822,-0.22623933699756776,-1.0772921669385251,-0.12351158534220348,1.0693792244744318,-0.7042804640807814,1.0,0.0,0.0,0.0,0.0,1.0,0.0,3.0,0
1.3575002439597543,1.8146072571561027,1.4114453328153338,-0.6922348233857155,-0.42308512080943106,-0.22623933699756776,-1.0772921669385251,-0.6241226073100498,-0.35823942870139847,-0.7042804640807814,1.0,0.0,0.0,1.0,0.0,0.0,0.0,1.0,1
-1.275063394038439,-0.9148095247282333,0.7415630369408511,-0.6922348233857155,-0.725272238747681,-1.2624500408032218,0.6496184819633618,0.8432716526127566,1.0171492737484866,-0.7042804640807814,1.0,0.0,0.0,0.0,0.0,0.0,1.0,3.0,0
0.3044747887604769,0.995782222590802,-1.6560369102663124,-0.6922348233857155,1.0772355110705958,-0.22623933699756776,0.05270177882236249,0.14805374195135276,0.018976882097093247,0.7127828439288392,1.0,0.0,0.0,0.0,0.0,0.0,1.0,0.0,1
0.9062036203029211,1.9055878165522473,-0.33023353984593606,-0.6922348233857155,-0.4313679955559163,-0.22623933699756776,0.0038207304170003262,-0.41607943847459045,0.6515396186668717,-0.7042804640807814,0.0,1.0,0.0,0.0,0.0,0.0,1.0,2.0,0
-1.0494150822100226,-0.45990672774751057,-1.606999653599339,-0.6922348233857155,1.1579709674707168,0.11916423093765023,0.9628115405830736,0.13421723218820292,0.7908194872693917,-0.7042804640807814,0.0,0.0,0.0,0.0,1.0,0.0,0.0,3.0,0
-0.823766770381606,-0.6418678465397997,0.37429076376086085,1.3901598562602344,-0.10964507837337446,1.8461820706137402,1.5544786314960135,-0.37912490344601263,0.7501961922603233,-0.7042804640807814,1.0,0.0,0.0,0.0,0.0,0.0,1.0,2.0,0
0.605339204531699,-0.9148095247282333,0.5234075525941702,-0.08311362213163531,1.4562578160755315,-1.2624500408032218,-1.0772921669385251,3.714156842932417,-0.5671592316051784,0.7127828439288392,1.0,0.0,0.0,1.0,0.0,0.0,0.0,1.0,1
-1.0494150822100226,-1.0967706435205222,-0.3472125110877445,-0.6922348233857155,-0.514541268791922,1.8461820706137402,0.8517762764911764,-0.5758663501195603,-1.0720487552893136,2.1298461519384597,1.0,0.0,1.0,0.0,0.0,0.0,0.0,1.0,1
-1.1998472900956336,-0.8238289653320887,0.6905883816844632,0.6569291900610397,-1.412697381810432,0.11916423093765023,-1.0772921669385251,-1.0201402882583832,-0.3118128058338918,-0.7042804640807814,1.0,0.0,0.0,0.0,1.0,0.0,0.0,0.0,1
-1.124631186152828,-0.36892616835136605,-1.513980932850593,1.969431670197835,1.504923863280784,-0.5716429049327858,0.01977537576239221,0.7100904815040914,-1.6813981804253386,2.1298461519384597,0.0,1.0,0.0,1.0,0.0,0.0,0.0,0.0,1
0.37969089270328243,0.6318599850062238,1.2474882594947645,-0.6922348233857155,0.37861446846526337,-0.9170464728680038,0.9869209812872806,0.8932431796085952,-0.14931962579761845,-0.7042804640807814,0.0,0.0,0.0,0.0,1.0,0.0,0.0,0.0,1
0.5301231005888934,0.3589183068177902,0.34099487063288,-0.6922348233857155,-1.3595477475005846,-0.5716429049327858,0.40596787169433457,-0.6186146853795397,1.6323020267429502,-0.7042804640807814,1.0,0.0,0.0,0.0,0.0,0.0,1.0,3.0,0
-0.07160573095355072,-0.2779456089552215,-0.5854842314375016,-0.6922348233857155,-0.023318800321365928,1.8461820706137402,1.705843444983133,-0.33689114912763796,-0.11449965864698844,-0.7042804640807814,1.0,0.0,1.0,0.0,0.0,0.0,0.0,1.0,1
-1.275063394038439,-0.6418678465397997,1.437702430418786,-0.6922348233857155,-0.5938677335900161,0.8099713668080862,0.48763811738552454,-0.5794112410506153,0.9068860444381583,-0.7042804640807814,1.0,0.0,0.0,0.0,0.0,0.0,1.0,3.0,0
-0.29725404278196726,-0.5508872871436551,0.23481221839713046,-0.6922348233857155,0.04741590455610555,-0.22623933699756776,0.2833506506242813,-0.18550905952887892,1.5162354695741835,-0.7042804640807814,1.0,0.0,0.0,0.0,0.0,0.0,0.0,3.0,0
-0.3724701467247728,-0.5508872871436551,-0.9890418415104701,-0.6922348233857155,-0.2190320107145432,-1.2624500408032218,1.3363751398254686,1.7217947298058065,-0.6542091494817535,-0.7042804640807814,1.0,0.0,0.0,0.0,1.0,0.0,0.0,0.0,1
1.1318519321313376,1.8146072571561027,0.08174043163169663,-0.6922348233857155,-0.8241095543721559,-0.5716429049327858,-0.10208721354987753,-0.45534005846369324,-1.669791524708462,2.1298461519384597,0.0,0.0,0.0,0.0,0.0,1.0,0.0,1.0,1
-1.4254956019240501,-0.7328484059359441,-0.9519497793931658,-0.6922348233857155,0.6546259439351672,-1.2624500408032218,0.420630993122255,2.8277625831881537,1.0925925359081852,-0.7042804640807814,1.0,0.0,0.0,1.0,0.0,0.0,0.0,3.0,0
-1.4254956019240501,-0.6418678465397997,1.3661460602774498,-0.10179805451311376,0.2053096894358561,-0.22623933699756776,1.0994953362369497,0.03189185902242965,-1.4376584103709287,-0.7042804640807814,1.0,0.0,0.0,1.0,0.0,0.0,0.0,0.0,1
-1.275063394038439,-1.0967706435205222,0.9601399683832812,-0.6922348233857155,1.2901453095239241,-0.9170464728680038,1.7939921894012236,1.721013329116703,0.8778694051459667,-0.7042804640807814,0.0,0.0,0.0,0.0,0.0,0.0,0.0,3.0,1
0.37969089270328243,0.5408794256100793,-1.3875971261671016,-0.6922348233857155,-1.2969093982452153,1.8461820706137402,-0.21975309581392022,-0.900128577544121,-1.2693619024762168,-0.7042804640807814,1.0,0.0,0.0,0.0,0.0,1.0,0.0,1.0,0
-0.8989828743244115,-0.5508872871436551,1.3145879838549315,0.8460478565477687,-0.3557790413648851,0.8099713668080862,-1.0772921669385251,-0.8349102078340677,0.9417060115887884,-0.7042804640807814,1.0,0.0,1.0,0.0,0.0,0.0,0.0,3.0,0
-0.44768625066757833,0.44989886621393477,-0.4800878610968066,-0.6922348233857155,0.9221276328575847,-0.9170464728680038,-0.21666894862993533,1.0578709638153283,-0.9095555752530402,-0.7042804640807814,0.0,1.0,0.0,0.0,1.0,0.0,0.0,1.0,1
1.2070680360741433,2.0875489353445364,0.11875543812328562,-0.6922348233857155,0.5441008885292921,0.8099713668080862,1.9008695219897602,-0.0644300698246216,-0.13771297008074176,-0.7042804640807814,0.0,1.0,1.0,0.0,0.0,0.0,0.0,1.0,1
1.2070680360741433,1.2687239007792355,0.3411065226619777,-0.6922348233857155,-1.6624987622348744,-1.2624500408032218,-1.0772921669385251,-0.8721125040567516,1.6671219938935802,-0.7042804640807814,1.0,0.0,0.0,0.0,0.0,1.0,0.0,3.0,0
1.5831485557881708,2.0875489353445364,-1.5195053494452466,-0.6922348233857155,-0.9184205141756171,-0.22623933699756776,1.8176631681750186,-0.24100756700862036,-0.10289300293011178,-0.7042804640807814,0.0,1.0,0.0,0.0,0.0,0.0,0.0,1.0,1
0.6805553084745045,1.5416655789676692,0.5102200326503149,-0.6922348233857155,-0.19157568279342724,0.8099713668080862,-1.0772921669385251,-0.800414226193157,0.20468337356711994,-0.7042804640807814,0.0,0.0,0.0,1.0,0.0,0.0,0.0,1.0,1
0.9814197242457267,-0.7328484059359441,0.28963021955654505,0.18677141426501398,0.22258943888904426,1.8461820706137402,-1.0772921669385251,-0.8440964305693821,-1.7452347868681604,0.7127828439288392,1.0,0.0,0.0,0.0,0.0,0.0,0.0,0.0,1
-1.4254956019240501,-1.0057900841243779,1.503100640758055,-0.6922348233857155,-1.5342044931767933,-0.9170464728680038,1.8539451472330384,-0.3439237553295695,-0.04485972434572843,-0.7042804640807814,1.0,0.0,1.0,0.0,0.0,0.0,0.0,1.0,1
-1.5759278098096612,-0.8238289653320887,-0.20650422084014874,-0.6922348233857155,-0.2429397231927803,0.11916423093765023,-0.7559443129599984,-0.6133926417499211,-0.4162727072857818,2.1298461519384597,0.0,0.0,0.0,1.0,0.0,0.0,0.0,0.0,1
-1.124631186152828,-1.0057900841243779,1.502325366809531,-0.6922348233857155,-0.3370594117922563,0.11916423093765023,1.5632359391673671,-0.18827254977083033,1.1158058473419383,-0.7042804640807814,0.0,1.0,0.0,0.0,1.0,0.0,0.0,2.0,0
0.5301231005888934,0.995782222590802,-0.5276358998545466,-0.6922348233857155,0.7411399291314592,0.8099713668080862,-1.0772921669385251,-0.6044732387621056,-0.11449965864698844,0.7127828439288392,1.0,0.0,0.0,0.0,0.0,1.0,0.0,0.0,1
0.75577141241731,-1.1877512029166668,0.0806868138923235,-0.6922348233857155,1.1332803498780315,0.11916423093765023,-0.5827160576366998,-0.17479815252214312,0.9010827165797201,-0.7042804640807814,1.0,0.0,0.0,0.0,1.0,0.0,0.0,3.0,0
-0.07160573095355072,0.3589183068177902,0.7031405858571144,-0.6922348233857155,-0.18799142675353253,1.8461820706137402,-1.0772921669385251,-0.9044739277176722,-0.33502611726764514,-0.7042804640807814,1.0,0.0,0.0,0.0,0.0,1.0,0.0,1.0,1
-1.5007117058668558,-0.9148095247282333,0.7296634467410952,0.3932033783166424,0.6767991473586326,-1.2624500408032218,0.7983972648813179,2.934128369673194,0.2162900292839966,0.7127828439288392,1.0,0.0,0.0,0.0,0.0,1.0,0.0,0.0,1
-1.1998472900956336,-0.5508872871436551,-1.6836354047827278,-0.6922348233857155,0.2515070312878103,1.8461820706137402,-1.0772921669385251,-0.839827314609402,-1.3099851974852852,0.7127828439288392,1.0,0.0,0.0,0.0,1.0,0.0,0.0,0.0,1
1.2822841400169487,2.542451732325259,-1.2551212073607272,-0.6922348233857155,1.5688856667053421,1.8461820706137402,-0.05706880596004771,-0.4469352364174824,1.14482248663413,-0.7042804640807814,0.0,1.0,0.0,0.0,0.0,0.0,0.0,2.0,0
1.2822841400169487,2.4514711729291143,0.11063157358358179,-0.6922348233857155,-1.3410288932911452,-0.22623933699756776,-1.0772921669385251,-0.9615733536824062,-1.1590986731658885,0.7127828439288392,1.0,0.0,0.0,1.0,0.0,0.0,0.0,0.0,1
-1.5007117058668558,-1.1877512029166668,0.15013280342733334,1.9825989172459357,-1.0660201066172874,-0.9170464728680038,1.0849485414436284,-0.14983144757761657,-0.6832257887739451,-0.7042804640807814,1.0,0.0,0.0,0.0,0.0,0.0,0.0,1.0,1
1.2822841400169487,1.6326461383638138,-0.8408874617167076,0.9744230742555737,0.4986199226773565,-0.5716429049327858,1.4691217263083,0.49977934481489267,1.0113459458900484,-0.7042804640807814,0.0,1.0,0.0,0.0,1.0,0.0,0.0,2.0,0
-0.8989828743244115,-0.7328484059359441,0.18829892661328224,-0.6922348233857155,0.322914155428981,0.8099713668080862,-0.10254357188561224,-0.5020335142759756,-0.5729625594636168,2.1298461519384597,1.0,0.0,1.0,0.0,0.0,0.0,0.0,0.0,1
-0.5229023546103838,-0.186965049559077,0.16665258604242988,-0.6922348233857155,-0.32027150257788695,-1.2624500408032218,-1.0221384284674762,1.1124546607322168,1.6090887153091968,-0.7042804640807814,1.0,0.0,0.0,0.0,1.0,0.0,0.0,2.0,0
1.2070680360741433,0.44989886621393477,-0.26704792675935074,-0.6922348233857155,-0.03579538531671705,-0.9170464728680038,-0.26359928885509815,0.3443759004502595,-0.9385722145452319,0.7127828439288392,0.0,1.0,0.0,0.0,1.0,0.0,0.0,0.0,1
-1.5007117058668558,-0.9148095247282333,-1.5647999042917602,-0.6922348233857155,-1.1365671043504755,-1.2624500408032218,0.25207071685402055,0.1608420312779003,-0.7122424280661368,0.7127828439288392,1.0,0.0,1.0,0.0,0.0,0.0,0.0,0.0,1
0.8309875163601156,0.3589183068177902,-0.6995611538995989,2.2744982848643267,-0.32071701004058517,0.8099713668080862,-1.0772921669385251,-0.8275536062244592,1.0287559294653634,-0.7042804640807814,1.0,0.0,1.0,0.0,0.0,0.0,0.0,2.0,0
-0.5981184585531893,-0.09598449016293245,0.6277172813558997,1.7765695880213979,-1.7220256873707593,-0.5716429049327858,0.10533212414287843,-0.8549979231100455,-0.1957462486651251,-0.7042804640807814,0.0,1.0,0.0,0.0,0.0,0.0,0.0,0.0,1
-1.1998472900956336,-0.5508872871436551,-1.619808185669778,-0.6922348233857155,1.0060648028896304,-0.5716429049327858,-0.8497483214601348,0.295795647852093,1.00554261803161,-0.7042804640807814,0.0,1.0,0.0,0.0,0.0,0.0,0.0,2.0,0
1.4327163479025598,-0.45990672774751057,-1.4857659933284548,-0.6922348233857155,-0.27475846018863714,-0.22623933699756776,1.727545819171406,-0.021967612865533708,1.4407922074144852,-0.7042804640807814,1.0,0.0,0.0,1.0,0.0,0.0,0.0,3.0,0
0.07882647693206032,0.9048016631946574,0.979616170923783,-0.6922348233857155,-1.021406395292738,-0.22623933699756776,0.48302681028064964,-0.5394454545859799,0.6689496022421867,-0.7042804640807814,0.0,1.0,0.0,0.0,1.0,0.0,0.0,1.0,0
-1.5007117058668558,-1.0967706435205222,1.139605665801907,-0.6922348233857155,-0.6148517290930524,1.8461820706137402,1.0970823042525746,-0.5427235257695361,0.431013160046215,-0.7042804640807814,0.0,1.0,1.0,0.0,0.0,0.0,0.0,1.0,1
-1.4254956019240501,-1.0967706435205222,-0.9791236816862517,-0.6922348233857155,0.4744365895821968,-1.2624500408032218,0.9526255032201061,2.666660631359083,-1.6291682296993937,-0.7042804640807814,1.0,0.0,0.0,0.0,1.0,0.0,0.0,0.0,1
1.0566358281885322,1.9965683759483919,-0.41849525512960184,-0.6922348233857155,-0.6303684570138561,-0.5716429049327858,-1.0772921669385251,-0.5507662353012843,-1.739431459009722,0.7127828439288392,1.0,0.0,0.0,0.0,0.0,1.0,0.0,0.0,1
0.9062036203029211,-0.186965049559077,-1.0598119297567519,-0.6922348233857155,-1.6629216973194627,-0.9170464728680038,1.418451037370645,-0.5236077967165895,-0.3408294451260835,-0.7042804640807814,1.0,0.0,0.0,1.0,0.0,0.0,0.0,2.0,1
-1.4254956019240501,-0.9148095247282333,-1.0352563461741977,-0.6922348233857155,0.5817124105601262,-0.22623933699756776,-0.7063861838865854,-0.18230722255889384,0.9300993558719117,-0.7042804640807814,1.0,0.0,1.0,0.0,0.0,0.0,0.0,3.0,0
-1.5007117058668558,-0.7328484059359441,1.6545275257990346,-0.2968800692497265,-1.4882934641208665,-0.22623933699756776,-0.7098014145690444,-0.943982308900881,1.162232470209445,-0.7042804640807814,0.0,1.0,0.0,0.0,0.0,0.0,1.0,3.0,0
-1.3502794979812447,-0.7328484059359441,-0.8064829111166998,1.0944517808180123,1.3195404859227027,0.8099713668080862,-0.030409127497323333,-0.27859103429915955,0.5122597500643516,2.1298461519384597,0.0,1.0,0.0,0.0,0.0,0.0,0.0,2.0,1
0.75577141241731,-0.6418678465397997,-1.0302115615355274,-0.6922348233857155,1.4520819261251734,1.8461820706137402,-1.0772921669385251,-0.6632879345321887,-0.47430598587016515,-0.7042804640807814,0.0,1.0,0.0,0.0,0.0,0.0,0.0,0.0,1
-0.07160573095355072,-0.09598449016293245,0.9589243765735269,-0.6922348233857155,-0.23397967710299375,-0.22623933699756776,0.12320765032626478,-0.32021491490896564,-0.8457189688102186,0.7127828439288392,0.0,1.0,1.0,0.0,0.0,0.0,0.0,0.0,1
-1.275063394038439,-1.0967706435205222,0.6730432874782155,-0.6922348233857155,0.9809678824909641,-1.2624500408032218,-1.0772921669385251,3.015222514359423,1.5858754038754435,-0.7042804640807814,1.0,0.0,0.0,0.0,0.0,0.0,0.0,3.0,0
0.3044747887604769,0.7228405444023683,1.004745740289727,-0.6922348233857155,-1.5350301670076607,-0.5716429049327858,-0.7234414581593375,-0.9251333995954331,1.6787286496104568,-0.7042804640807814,1.0,0.0,0.0,0.0,0.0,0.0,0.0,3.0,0
1.5079324518453652,-0.6418678465397997,0.5244202836750005,-0.6922348233857155,0.040144034744970136,-1.2624500408032218,1.4772168669827053,2.130429173100153,0.7966228151278301,-0.7042804640807814,1.0,0.0,1.0,0.0,0.0,0.0,0.0,1.0,0
1.2822841400169487,1.9965683759483919,-1.6117000467679752,-0.6922348233857155,1.4865368792803033,1.8461820706137402,-0.4831941476358873,-0.5422280033813242,-0.13190964222230345,0.7127828439288392,0.0,1.0,0.0,0.0,1.0,0.0,0.0,1.0,1
0.003610372989254802,-0.8238289653320887,0.8586325482955262,-0.29968763101700746,-1.3341609502461895,0.8099713668080862,0.2656123302150374,-0.778287245704153,0.9417060115887884,-0.7042804640807814,1.0,0.0,0.0,0.0,0.0,0.0,0.0,3.0,0
-0.22203793883916176,0.44989886621393477,-1.2245049629310922,-0.6922348233857155,-1.0161399030736946,-0.9170464728680038,-0.7923098085761917,-0.47965877259286566,-0.13771297008074176,-0.7042804640807814,0.0,1.0,0.0,0.0,0.0,0.0,0.0,1.0,1
0.45490699664608797,-0.005003930766787923,1.5944744597823468,1.9781916981926457,-1.2388271053083733,-0.5716429049327858,0.47453794868913995,-0.5460397140598778,1.3769556009716635,-0.7042804640807814,1.0,0.0,0.0,0.0,1.0,0.0,0.0,3.0,0
-0.5981184585531893,-1.0967706435205222,-1.7341634519227247,0.7305569533068655,-1.107552094319866,1.8461820706137402,-0.672201066985569,-0.9606204260127678,-1.7104148197175304,0.7127828439288392,1.0,0.0,1.0,0.0,0.0,0.0,0.0,0.0,1
0.15404258087486586,-0.5508872871436551,1.5147706366444549,-0.6922348233857155,1.5374470960776543,1.8461820706137402,1.6478083852550922,-0.11868977133383309,-1.5014950168137502,0.7127828439288392,1.0,0.0,1.0,0.0,0.0,0.0,0.0,0.0,1
-0.14682183489635625,0.44989886621393477,0.8826314442963819,-0.6922348233857155,0.28995254328881565,-0.5716429049327858,-0.03171258235167672,0.10450494744887708,-0.7354557394998902,2.1298461519384597,1.0,0.0,0.0,1.0,0.0,0.0,0.0,0.0,1
-1.275063394038439,-1.0967706435205222,-0.17999551303027894,-0.6922348233857155,0.20402662794328524,0.11916423093765023,-0.07704417703465781,-0.3493745015999012,0.2627166521515033,-0.7042804640807814,1.0,0.0,0.0,1.0,0.0,0.0,0.0,0.0,1
0.75577141241731,1.8146072571561027,1.5786812016382805,1.5186983043033462,-0.041880423247224415,0.8099713668080862,-1.0772921669385251,-0.7689676130950892,-0.3524361008429601,-0.7042804640807814,0.0,1.0,0.0,0.0,1.0,0.0,0.0,1.0,0
1.2070680360741433,2.542451732325259,-1.2878494049604787,2.344491452643983,0.5204581044888729,1.8461820706137402,-1.0772921669385251,-0.8002808163194076,0.9126893722965967,-0.7042804640807814,1.0,0.0,0.0,0.0,0.0,0.0,0.0,3.0,0
1.4327163479025598,2.3604906135329697,0.3469548873973936,-0.6922348233857155,1.3339903719728319,-0.5716429049327858,0.4191426087462313,0.7042776227192971,0.8720660772875284,-0.7042804640807814,0.0,1.0,0.0,0.0,0.0,1.0,0.0,3.0,0
1.1318519321313376,1.7236266977599581,-1.2955172260010508,2.1037158260437545,-1.6039875941139414,-1.2624500408032218,-1.0772921669385251,-0.7860631354884025,-1.2983785417684086,0.7127828439288392,1.0,0.0,1.0,0.0,0.0,0.0,0.0,0.0,1
1.2822841400169487,0.995782222590802,1.267093412266055,-0.6922348233857155,-1.5869692090388696,-0.22623933699756776,-0.04185089596711643,-0.849852113693998,1.07518255233287,-0.7042804640807814,1.0,0.0,0.0,0.0,0.0,0.0,0.0,3.0,0
0.45490699664608797,0.7228405444023683,-1.2286455233904496,-0.6922348233857155,-0.9315350658575521,-1.2624500408032218,-1.0772921669385251,0.20280896584877622,0.8546560937122134,-0.7042804640807814,1.0,0.0,0.0,0.0,0.0,1.0,0.0,2.0,0
-0.8989828743244115,-0.8238289653320887,0.7704604691478967,-0.6922348233857155,-0.10532662603495307,0.8099713668080862,0.9257093096144198,-0.39124614340381325,0.2337000128593116,-0.7042804640807814,1.0,0.0,0.0,0.0,0.0,0.0,0.0,2.0,0
-0.29725404278196726,0.7228405444023683,-0.7930312004561062,0.3322966992024113,-0.04825415001356023,-0.5716429049327858,0.17842999168438506,-0.020271401613577326,-0.9849988374127385,0.7127828439288392,1.0,0.0,0.0,0.0,1.0,0.0,0.0,0.0,1
0.9814197242457267,0.7228405444023683,-0.9419624267621827,-0.6922348233857155,1.6239812776122555,0.11916423093765023,0.27678863533920706,0.13732377639122417,1.2666923716613352,-0.7042804640807814,1.0,0.0,0.0,1.0,0.0,0.0,0.0,3.0,0
-0.22203793883916176,-0.6418678465397997,0.4691368036337136,-0.6922348233857155,0.6316662713375518,-0.9170464728680038,-1.0772921669385251,0.6762806077853204,-0.8341123130933419,-0.7042804640807814,1.0,0.0,0.0,0.0,0.0,1.0,0.0,0.0,1
0.75577141241731,1.8146072571561027,-1.5358898915743937,-0.6922348233857155,1.2882171532253663,-0.9170464728680038,-0.5400182172704098,1.2639129845445467,-0.6774224609155068,2.1298461519384597,0.0,1.0,0.0,0.0,0.0,0.0,0.0,0.0,1
0.45490699664608797,0.9048016631946574,-0.21816163621622783,-0.6922348233857155,1.2511640005477804,-0.5716429049327858,-1.0772921669385251,0.3715343390349544,-0.3640427565598368,-0.7042804640807814,1.0,0.0,0.0,0.0,1.0,0.0,0.0,1.0,1
-0.7485506664388004,0.08597662862935661,1.2602889287462529,-0.6922348233857155,0.11145730531399903,0.11916423093765023,-0.5406087986460665,-0.4671182444604241,-0.5671592316051784,0.7127828439288392,1.0,0.0,0.0,0.0,0.0,0.0,0.0,2.0,1
-1.4254956019240501,-0.6418678465397997,0.6635795985893387,-0.6922348233857155,-1.2801856421054747,0.8099713668080862,-1.0772921669385251,-1.0291168669063773,-0.06226970792104343,-0.7042804640807814,0.0,1.0,0.0,0.0,0.0,0.0,0.0,2.0,1
0.75577141241731,1.2687239007792355,-1.1799400776831892,-0.6922348233857155,-0.6849852959008564,1.8461820706137402,-1.0772921669385251,-0.9775444214255461,-1.5943482625487637,0.7127828439288392,1.0,0.0,0.0,0.0,0.0,0.0,1.0,0.0,1
-0.5229023546103838,-1.0057900841243779,0.6879873611756228,1.3435956826083146,-1.297659038802449,1.8461820706137402,1.4276736515803947,-0.5785917232547262,-0.8863422638192869,-0.7042804640807814,1.0,0.0,0.0,0.0,1.0,0.0,0.0,0.0,1
1.6583646597309762,2.906373969909837,1.3092963067012142,-0.6922348233857155,-1.7652149628345752,-1.2624500408032218,1.5639846054567097,-0.5074842605463075,-0.8631289523855336,0.7127828439288392,0.0,1.0,0.0,1.0,0.0,0.0,0.0,0.0,1
0.37969089270328243,-0.36892616835136605,-0.21743511174519742,-0.20217382870458558,-0.603257842883794,-0.22623933699756776,-1.0772921669385251,-0.6903510803499198,0.9649193230225417,-0.7042804640807814,1.0,0.0,0.0,0.0,1.0,0.0,0.0,3.0,0
1.2070680360741433,2.4514711729291143,1.6144554552994734,-0.6922348233857155,-1.0759507649658058,-0.5716429049327858,0.056009631072884,-0.5479265108457619,-0.32341946155076845,-0.7042804640807814,1.0,0.0,0.0,0.0,0.0,0.0,1.0,2.0,0
0.8309875163601156,-0.8238289653320887,1.5613719920005493,-0.6922348233857155,0.7380593935293885,0.11916423093765023,0.42293962940891294,-0.09469505261233774,-1.495691688955312,0.7127828439288392,0.0,0.0,0.0,1.0,0.0,0.0,0.0,0.0,1
-1.5759278098096612,-1.1877512029166668,0.489386707558949,0.116832656597127,1.1081941216584699,0.8099713668080862,0.05439298912537935,-0.30641652225260135,1.4930221581404302,-0.7042804640807814,1.0,0.0,1.0,0.0,0.0,0.0,0.0,3.0,0
-0.823766770381606,-0.2779456089552215,1.27969908360757,-0.6922348233857155,0.5930995813066927,0.8099713668080862,-1.0772921669385251,-0.6355767978991035,-1.3796251317865453,2.1298461519384597,0.0,1.0,0.0,0.0,0.0,1.0,0.0,0.0,1
-0.29725404278196726,-0.6418678465397997,-1.50846123394731,1.2944851157256052,0.7767318173313948,-0.22623933699756776,-0.9329308134011123,-0.15484384711991464,-0.6193891823311235,0.7127828439288392,1.0,0.0,0.0,0.0,0.0,0.0,0.0,0.0,1
1.4327163479025598,-0.5508872871436551,0.6425198243121971,-0.6922348233857155,0.2018929442019359,0.8099713668080862,-1.0772921669385251,-0.7177572801287206,0.5412763893565433,-0.7042804640807814,1.0,0.0,0.0,0.0,0.0,0.0,1.0,3.0,0
0.07882647693206032,0.26793774742164567,-0.025626361138005073,-0.6922348233857155,0.3238645713494039,-1.2624500408032218,1.5245081180485471,2.55690242237013,-0.6832257887739451,0.7127828439288392,0.0,0.0,0.0,0.0,0.0,0.0,1.0,0.0,1
-0.14682183489635625,-0.36892616835136605,1.1563110109442363,-0.6922348233857155,0.3319193462749876,-0.9170464728680038,0.35098713180807384,0.7347331910409409,-1.5014950168137502,2.1298461519384597,0.0,1.0,0.0,0.0,1.0,0.0,0.0,0.0,1
0.37969089270328243,1.0867627819869465,-1.4065418021465463,1.8429608064019454,0.018967580018048245,0.11916423093765023,-0.950069604232038,-0.574246373081175,-0.9037522473946019,2.1298461519384597,1.0,0.0,0.0,0.0,1.0,0.0,0.0,0.0,1
-1.5007117058668558,-1.0967706435205222,0.631367201912743,-0.28982851876446264,1.2237551934226858,-0.9170464728680038,0.11277106328877624,1.3439779673475667,0.4542264714799683,-0.7042804640807814,1.0,0.0,0.0,0.0,1.0,0.0,0.0,3.0,1
0.8309875163601156,0.6318599850062238,0.0533194862530541,0.17265743127213248,-1.6622575941950672,0.8099713668080862,0.16288398092720005,-0.8672525729415956,1.5858754038754435,-0.7042804640807814,1.0,0.0,0.0,0.0,0.0,1.0,0.0,3.0,0
0.45490699664608797,0.44989886621393477,1.4549974869824065,0.29977033438689643,-1.4223868721191433,-0.22623933699756776,-1.0772921669385251,-0.9914952825090525,0.8894760608628434,-0.7042804640807814,1.0,0.0,0.0,0.0,0.0,1.0,0.0,2.0,0
1.5079324518453652,-0.8238289653320887,0.13030906428921749,-0.6922348233857155,-1.0065466423769265,0.8099713668080862,-1.0772921669385251,-0.9716362698737878,-0.7180457559245752,2.1298461519384597,1.0,0.0,0.0,0.0,1.0,0.0,0.0,0.0,1
-0.7485506664388004,-0.5508872871436551,1.4736103520021382,1.6301519772509887,0.5376630086883276,1.8461820706137402,1.7181233617688834,-0.25198529376285494,-1.2403452631840253,-0.7042804640807814,0.0,1.0,0.0,0.0,0.0,0.0,0.0,0.0,1
0.8309875163601156,1.1777433413830911,-1.2984201787575922,1.3341392051828604,1.4093381581240558,-1.2624500408032218,0.5706416452732728,3.966892319473918,0.291733291443695,-0.7042804640807814,1.0,0.0,0.0,0.0,0.0,0.0,1.0,1.0,1
1.3575002439597543,-0.45990672774751057,1.068602838114689,-0.6922348233857155,-1.5152638919026662,1.8461820706137402,-0.09627983002258682,-0.9081331699690837,-0.7760790345089585,-0.7042804640807814,1.0,0.0,0.0,1.0,0.0,0.0,0.0,0.0,1
0.003610372989254802,0.26793774742164567,0.08866285743575708,-0.6922348233857155,-0.5426367514195223,-0.9170464728680038,-1.0772921669385251,-0.187148095120657,-0.12030298650542677,-0.7042804640807814,0.0,0.0,0.0,0.0,1.0,0.0,0.0,1.0,1
-1.275063394038439,-1.0057900841243779,-0.767829293155817,1.4516215185145094,1.0170801234073312,-1.2624500408032218,0.95875800477743,3.4658238922246456,1.6729253217520186,-0.7042804640807814,1.0,0.0,0.0,1.0,0.0,0.0,0.0,3.0,0
1.0566358281885322,-1.0967706435205222,1.5001001890465266,-0.6922348233857155,0.9271850335741348,-0.5716429049327858,-1.0772921669385251,0.21271941361301577,1.1158058473419383,-0.7042804640807814,1.0,0.0,0.0,0.0,1.0,0.0,0.0,3.0,0
-0.22203793883916176,0.8138211037985129,-1.3896902085717369,1.8966527046956057,0.6216013667402738,-0.22623933699756776,-0.5981248626197423,-0.14651525928727488,0.10602679997366826,0.7127828439288392,1.0,0.0,0.0,0.0,0.0,1.0,0.0,1.0,1
0.22925868481767137,-0.186965049559077,1.6118465719716824,-0.6922348233857155,-0.20125329290313304,-0.9170464728680038,0.35870048250225656,0.3442234320231174,-0.28279616654170014,-0.7042804640807814,1.0,0.0,0.0,0.0,0.0,0.0,1.0,2.0,0
1.2822841400169487,-0.2779456089552215,0.37483958852360894,-0.6922348233857155,-0.23314925119252428,-0.9170464728680038,0.5624003506220636,0.3605375537273271,1.022952601606925,-0.7042804640807814,1.0,0.0,0.0,0.0,0.0,1.0,0.0,3.0,0
0.6805553084745045,1.0867627819869465,1.5489503106224771,-0.6922348233857155,-0.5918504757989186,-0.9170464728680038,-0.8893948247188651,-0.18665257273244504,-0.07967969149635844,-0.7042804640807814,1.0,0.0,0.0,0.0,0.0,0.0,0.0,0.0,1
1.5831485557881708,1.9055878165522473,-1.7309286882064703,-0.6922348233857155,0.35589596390745537,-0.9170464728680038,-1.0772921669385251,0.4735166582396579,0.639932962949995,-0.7042804640807814,1.0,0.0,1.0,0.0,0.0,0.0,0.0,2.0,0
-1.4254956019240501,-1.0967706435205222,0.6062722289501813,-0.6922348233857155,-1.4249791315420965,-0.22623933699756776,0.6722783138364113,-0.6508808162734965,-0.0912863472132351,0.7127828439288392,1.0,0.0,0.0,0.0,0.0,0.0,0.0,1.0,1
-1.124631186152828,-1.0967706435205222,0.8132483573129764,1.4599897937045831,0.9882480684414032,-0.5716429049327858,0.5448767870766948,0.5593563827206866,0.6341296350915566,-0.7042804640807814,1.0,0.0,0.0,0.0,0.0,1.0,0.0,2.0,0
-1.5007117058668558,-1.0057900841243779,1.3398606565257754,-0.6922348233857155,-1.0492226932437139,0.11916423093765023,1.8655032423374305,-0.33870171169995095,0.14084676712429828,-0.7042804640807814,1.0,0.0,0.0,0.0,0.0,0.0,0.0,0.0,1
1.1318519321313376,1.7236266977599581,1.446070042345957,-0.6922348233857155,-0.29755062198027793,-0.22623933699756776,1.0599472632074953,-0.16069482301149454,-1.1010653945815052,2.1298461519384597,1.0,0.0,0.0,1.0,0.0,0.0,0.0,0.0,1
-1.5759278098096612,-1.0057900841243779,-0.28403318825631957,-0.6922348233857155,1.1162667168825617,-0.22623933699756776,1.2081235338129128,0.3880009291663063,0.5064564222059134,-0.7042804640807814,1.0,0.0,0.0,0.0,0.0,1.0,0.0,2.0,0
1.0566358281885322,-0.5508872871436551,-0.5264879282877669,1.315117430108414,0.29536516195562385,-0.9170464728680038,0.23603852041889595,0.6854096548604564,1.2260690766522668,-0.7042804640807814,0.0,0.0,0.0,0.0,0.0,0.0,1.0,3.0,0
-1.4254956019240501,-0.8238289653320887,-0.4172780907560573,-0.6922348233857155,1.5084392141664482,-0.22623933699756776,-0.505818186698291,0.19754880511237216,0.9765259787394184,-0.7042804640807814,0.0,1.0,0.0,0.0,0.0,0.0,0.0,2.0,0
0.9062036203029211,0.26793774742164567,1.4086949187464328,0.9318743668522069,-0.40111625680885665,0.11916423093765023,-0.11663997381163992,-0.5350619873056432,-0.0390563964872901,0.7127828439288392,1.0,0.0,1.0,0.0,0.0,0.0,0.0,1.0,1
-0.14682183489635625,0.3589183068177902,0.018809573879108966,1.6916789316393865,0.1745411620320665,1.8461820706137402,-1.0772921669385251,-0.8511480953247064,-0.8863422638192869,0.7127828439288392,1.0,0.0,1.0,0.0,0.0,0.0,0.0,0.0,1
0.003610372989254802,0.6318599850062238,-0.09341015074686955,-0.6922348233857155,-0.725103539921806,-0.9170464728680038,0.7103141406160781,0.027698977276020616,-0.13771297008074176,-0.7042804640807814,0.0,0.0,0.0,0.0,0.0,0.0,0.0,1.0,1
-0.5229023546103838,0.26793774742164567,-0.29637781400867635,-0.6922348233857155,-1.529823075783644,-1.2624500408032218,0.4300355541194546,-0.3827269700372458,-1.1590986731658885,0.7127828439288392,1.0,0.0,0.0,0.0,0.0,0.0,1.0,1.0,1
-0.8989828743244115,-0.5508872871436551,1.3642951526964913,-0.6922348233857155,-0.36006304112619114,-0.5716429049327858,1.7922174625400331,0.14195500486566687,-1.2229352796087103,0.7127828439288392,1.0,0.0,1.0,0.0,0.0,0.0,0.0,0.0,1
-0.823766770381606,-0.005003930766787923,-0.6253959004304716,-0.6922348233857155,-1.6103031079051515,1.8461820706137402,-1.0772921669385251,-1.113622492649912,-0.6484058216233152,2.1298461519384597,1.0,0.0,0.0,0.0,0.0,0.0,1.0,0.0,1
-1.5007117058668558,-0.8238289653320887,-1.077130574777224,-0.6922348233857155,-0.12189475156772461,-0.5716429049327858,-1.0772921669385251,-0.3015184740306599,1.4756121745651152,-0.7042804640807814,1.0,0.0,0.0,0.0,0.0,0.0,1.0,3.0,0
0.75577141241731,-0.09598449016293245,-1.0418689769116065,2.143652848082209,1.4389697504830397,-0.5716429049327858,1.2563961044372955,0.9192009293295458,0.2511099964346266,0.7127828439288392,1.0,0.0,0.0,0.0,1.0,0.0,0.0,1.0,1
-0.823766770381606,-0.2779456089552215,0.8896718123847005,-0.6922348233857155,0.7762185927343664,-0.5716429049327858,-0.7491377134688441,0.2027708487419907,-0.6542091494817535,2.1298461519384597,0.0,1.0,0.0,1.0,0.0,0.0,0.0,0.0,1
-1.6511439137524666,-1.0967706435205222,1.1617174852546315,-0.6922348233857155,-0.1488865637077339,-0.5716429049327858,-1.0772921669385251,-0.3147451100852411,-1.687201508283777,0.7127828439288392,1.0,0.0,0.0,0.0,0.0,0.0,0.0,0.0,1
-1.4254956019240501,-0.9148095247282333,0.23877193402062527,2.3924376431348353,-0.24180397616787497,0.8099713668080862,1.8944864707579152,-0.23077312383670376,0.0015668985217782447,-0.7042804640807814,0.0,1.0,0.0,1.0,0.0,0.0,0.0,1.0,0
0.605339204531699,0.9048016631946574,0.9579729754805109,-0.6922348233857155,0.5547158463405149,1.8461820706137402,-1.0772921669385251,-0.7952493582237168,-0.45689600229485017,0.7127828439288392,1.0,0.0,0.0,0.0,0.0,0.0,0.0,1.0,1
-1.275063394038439,-0.45990672774751057,0.6013988537646331,0.16558411674216103,-1.4836459302699987,1.8461820706137402,-1.0772921669385251,-1.0950022859851773,-0.5497492480298635,-0.7042804640807814,1.0,0.0,0.0,0.0,0.0,0.0,0.0,2.0,0
0.8309875163601156,-0.005003930766787923,1.4393520498346106,2.437249811187793,0.4284210147750234,1.8461820706137402,0.5577800953145272,-0.49460067845279604,0.7153762251096933,-0.7042804640807814,1.0,0.0,0.0,1.0,0.0,0.0,0.0,2.0,0
0.9814197242457267,0.5408794256100793,-1.6412721088409776,-0.4574007809906633,-0.7055974411750272,0.11916423093765023,0.03008967069684073,-0.5959731239489309,-1.373821803928107,0.7127828439288392,1.0,0.0,0.0,1.0,0.0,0.0,0.0,1.0,1
0.605339204531699,1.1777433413830911,-0.5977423661814023,-0.6922348233857155,1.4052834462035517,0.8099713668080862,-1.0772921669385251,-0.46496462792704124,0.4716364550552833,2.1298461519384597,1.0,0.0,0.0,0.0,1.0,0.0,0.0,2.0,1
0.15404258087486586,0.7228405444023683,-0.907689971520544,-0.6922348233857155,-0.05847349719790705,-1.2624500408032218,-1.0772921669385251,1.486688415152616,0.5818996843656117,-0.7042804640807814,1.0,0.0,0.0,0.0,0.0,1.0,0.0,2.0,0
-1.6511439137524666,-1.0057900841243779,1.2690213754727289,-0.6922348233857155,0.9215443150864252,-0.22623933699756776,-0.32916276975565134,0.016263845240359603,-0.28279616654170014,-0.7042804640807814,0.0,1.0,0.0,0.0,0.0,0.0,0.0,2.0,0
-1.124631186152828,-0.2779456089552215,0.980366283851665,-0.6922348233857155,-1.7134196712113303,-0.9170464728680038,0.8101671341153647,-0.6794877049160418,-1.5537249675396954,0.7127828439288392,1.0,0.0,0.0,0.0,0.0,1.0,0.0,0.0,1
-0.5229023546103838,-0.09598449016293245,1.1104503331332833,0.7649876720342959,-1.5101257058328803,-0.9170464728680038,-1.0772921669385251,-0.8985086005057357,-0.3640427565598368,0.7127828439288392,0.0,1.0,0.0,0.0,0.0,0.0,0.0,0.0,1
1.0566358281885322,0.6318599850062238,-0.22229118872905443,0.3427434406620614,1.4984016340268822,0.11916423093765023,-0.18688933017258022,0.009879229853782206,-1.391231787503422,0.7127828439288392,1.0,0.0,0.0,0.0,0.0,1.0,0.0,0.0,1
1.3575002439597543,1.9965683759483919,1.4841559647786102,1.4903941641611067,1.414209039716223,0.8099713668080862,-1.0772921669385251,-0.4630778311411572,0.14084676712429828,-0.7042804640807814,0.0,1.0,0.0,0.0,0.0,0.0,1.0,1.0,0
0.15404258087486586,0.3589183068177902,1.3383745837441223,0.8110621546802945,-0.292837747034881,1.8461820706137402,0.4007033457951727,-0.6313457990459089,-1.408641771078737,0.7127828439288392,1.0,0.0,0.0,0.0,1.0,0.0,0.0,0.0,1
0.8309875163601156,0.17695718802550114,-0.10296190320799249,-0.023480139632799057,0.4498683380392658,1.8461820706137402,1.2187629467773946,-0.362391493567162,-0.6193891823311235,-0.7042804640807814,1.0,0.0,1.0,0.0,0.0,0.0,0.0,0.0,1
1.2070680360741433,-0.8238289653320887,-0.5437751220324367,-0.6922348233857155,1.1364986957885632,0.8099713668080862,0.45189899595563376,-0.2228638241787049,-0.5149292808792335,0.7127828439288392,1.0,0.0,0.0,0.0,1.0,0.0,0.0,1.0,1
-0.6733345624959949,-0.9148095247282333,1.3740057341004153,-0.6922348233857155,1.6748665459916954,0.11916423093765023,1.8147042958282944,0.4525713080610055,-0.3292227894092068,-0.7042804640807814,0.0,0.0,0.0,0.0,1.0,0.0,0.0,0.0,1
0.5301231005888934,0.8138211037985129,0.24942919882619494,2.45117879980066,0.6865100220255531,-0.22623933699756776,-1.0772921669385251,-0.21619333049123596,1.0345592573238018,-0.7042804640807814,1.0,0.0,0.0,1.0,0.0,0.0,0.0,3.0,0
-0.6733345624959949,-0.005003930766787923,-1.483334809708946,-0.6922348233857155,-0.68879171166215,0.8099713668080862,0.6830847599172405,-0.5611912640071287,1.7193519446195251,-0.7042804640807814,1.0,0.0,0.0,0.0,0.0,1.0,0.0,3.0,0
-0.29725404278196726,-0.2779456089552215,-0.26770525842361637,0.9273692095977328,0.6965963109810407,0.11916423093765023,-1.0772921669385251,-0.3997843753237735,0.2511099964346266,-0.7042804640807814,1.0,0.0,0.0,0.0,1.0,0.0,0.0,0.0,1
0.6805553084745045,0.8138211037985129,-0.6684212457278578,2.3113992226660702,-0.8742867628908809,0.11916423093765023,-1.0772921669385251,-0.8617827681178711,1.3595456173963485,-0.7042804640807814,1.0,0.0,0.0,0.0,1.0,0.0,0.0,3.0,0
1.5079324518453652,-1.1877512029166668,0.9351959615445701,0.8457975700336313,-1.4527027639408314,0.8099713668080862,0.5342761496570795,-0.7507285774982099,0.953312667305665,-0.7042804640807814,1.0,0.0,0.0,0.0,0.0,1.0,0.0,3.0,0
1.3575002439597543,2.3604906135329697,1.402258415153516,-0.6922348233857155,-1.7129919840471401,-1.2624500408032218,-1.0104013693098548,-0.9333095190009307,-1.652381541133147,0.7127828439288392,0.0,1.0,0.0,0.0,0.0,0.0,0.0,0.0,1
-1.5759278098096612,-0.9148095247282333,-0.6024553398603594,0.07490422446792697,0.8215866966957518,-0.9170464728680038,0.5990909642682901,1.1432151659081449,-0.2537795272495085,0.7127828439288392,1.0,0.0,0.0,0.0,0.0,1.0,0.0,1.0,1
-1.275063394038439,-0.6418678465397997,1.242597586107525,-0.6922348233857155,1.682889244379965,-0.9170464728680038,1.604343982194137,1.972776819435173,-1.2751652303346552,0.7127828439288392,1.0,0.0,1.0,0.0,0.0,0.0,0.0,0.0,1
-1.275063394038439,-0.6418678465397997,1.3547748515111706,-0.42068483756893454,1.7108374125398997,-0.9170464728680038,0.3096404700436651,1.7405292877908978,0.2162900292839966,-0.7042804640807814,1.0,0.0,0.0,1.0,0.0,0.0,0.0,0.0,1
0.8309875163601156,0.08597662862935661,-0.3903982578917218,-0.6922348233857155,1.6582307033245938,0.11916423093765023,1.8429567543647594,0.45318118176957406,-1.3099851974852852,0.7127828439288392,0.0,0.0,0.0,0.0,0.0,0.0,1.0,0.0,1
1.0566358281885322,-0.186965049559077,0.2894163508810902,0.7073020715367901,1.1337698140770491,-0.9170464728680038,-1.0772921669385251,1.045463845556636,-1.2983785417684086,0.7127828439288392,0.0,1.0,0.0,0.0,1.0,0.0,0.0,0.0,1
0.15404258087486586,0.3589183068177902,0.4031614623834746,0.3238631318782146,1.643394710806793,0.8099713668080862,0.0342505849344219,-0.19793523634096388,-1.4376584103709287,-0.7042804640807814,0.0,1.0,0.0,1.0,0.0,0.0,0.0,0.0,1
-0.07160573095355072,0.5408794256100793,0.8317134013364379,-0.6922348233857155,-0.1650745228723363,-1.2624500408032218,0.36168619945696534,1.6108548905065019,1.162232470209445,-0.7042804640807814,0.0,1.0,0.0,0.0,1.0,0.0,0.0,3.0,0
0.15404258087486586,0.7228405444023683,0.7220223592849548,1.210628251467205,-0.5633427502658349,0.8099713668080862,-0.5651209084700393,-0.7785350068982589,0.5064564222059134,0.7127828439288392,1.0,0.0,0.0,1.0,0.0,0.0,0.0,2.0,0
-0.14682183489635625,-1.0057900841243779,-1.7505983160931553,-0.6922348233857155,0.4247001364465679,-0.5716429049327858,-0.7744342823928053,0.025526302189245023,-0.6426024937648769,0.7127828439288392,1.0,0.0,1.0,0.0,0.0,0.0,0.0,0.0,1
0.3044747887604769,-1.0057900841243779,0.5494869504893402,-0.6922348233857155,1.1830441274713723,0.11916423093765023,-1.0772921669385251,-0.2567118150042615,-1.6813981804253386,0.7127828439288392,1.0,0.0,1.0,0.0,0.0,0.0,0.0,0.0,1
0.9814197242457267,0.17695718802550114,1.6522410180482159,1.697598751799855,-0.94676904504203,-0.9170464728680038,0.4948384377937833,-0.17735199867677406,-0.8863422638192869,-0.7042804640807814,0.0,0.0,1.0,0.0,0.0,0.0,0.0,0.0,1
-0.22203793883916176,-1.0057900841243779,0.597045997193611,0.9322770016792976,1.3231092977038905,-0.22623933699756776,0.3845518399912286,0.30324754222866546,-1.1184753781568202,-0.7042804640807814,1.0,0.0,0.0,0.0,0.0,0.0,0.0,1.0,1
-0.07160573095355072,-0.09598449016293245,0.388730044481643,-0.6922348233857155,0.35434322189746453,1.8461820706137402,-1.0772921669385251,-0.8247138817689367,-0.9443755424036703,0.7127828439288392,0.0,1.0,0.0,0.0,1.0,0.0,0.0,0.0,1
0.605339204531699,1.0867627819869465,0.32010650580886024,2.3267537562072853,1.0781764228318145,1.8461820706137402,-0.1707915135846049,-0.5412941342650786,0.5818996843656117,-0.7042804640807814,1.0,0.0,0.0,0.0,0.0,1.0,0.0,2.0,0
-0.7485506664388004,-0.7328484059359441,-1.607331464559052,-0.6922348233857155,0.508842833921405,0.8099713668080862,-0.13629320959043728,-0.4695767978480912,-1.3448051646359154,2.1298461519384597,1.0,0.0,0.0,0.0,0.0,1.0,0.0,0.0,1
1.5831485557881708,2.4514711729291143,0.2125620133308762,0.404836260212857,0.31702989286166294,1.8461820706137402,0.8226468940938877,-0.4592661204626035,1.0925925359081852,-0.7042804640807814,1.0,0.0,0.0,0.0,0.0,0.0,1.0,3.0,0
0.75577141241731,1.1777433413830911,-1.5423688543896434,-0.6922348233857155,0.00012320835586395582,0.8099713668080862,1.8124374178207232,-0.19597220534150875,-1.2461485910424637,-0.7042804640807814,0.0,0.0,0.0,0.0,0.0,0.0,0.0,0.0,1
-0.8989828743244115,-1.1877512029166668,0.8509379936705221,-0.6922348233857155,-0.13906282715026308,1.8461820706137402,-0.7390620372720347,-0.8312509655826562,-0.21895956009887846,-0.7042804640807814,0.0,1.0,0.0,0.0,0.0,0.0,1.0,0.0,1
1.1318519321313376,0.08597662862935661,1.1554052142011335,2.1673212467017287,1.5947868765766662,0.11916423093765023,0.03146172843826535,0.08085328268845154,-1.6059549182656403,0.7127828439288392,0.0,1.0,0.0,0.0,1.0,0.0,0.0,0.0,1
-1.124631186152828,-1.0057900841243779,0.5126449260146632,2.1232164101017683,-0.7605790021714898,0.11916423093765023,-0.742137236253358,-0.7629260516695816,0.848852765853775,-0.7042804640807814,0.0,1.0,0.0,0.0,0.0,0.0,1.0,2.0,0
-0.14682183489635625,-1.0967706435205222,-1.0257847944663703,1.4827658664910912,1.4373980001546403,-1.2624500408032218,-1.0772921669385251,3.686426647745939,-0.30600947797545347,-0.7042804640807814,1.0,0.0,0.0,0.0,1.0,0.0,0.0,1.0,1
0.9814197242457267,1.4506850195715246,-0.25559022698461553,-0.6922348233857155,1.3466617922318698,-0.9170464728680038,0.3040866189251159,1.4717083921859002,0.5993096679409267,-0.7042804640807814,1.0,0.0,0.0,0.0,0.0,1.0,0.0,3.0,0
-0.7485506664388004,-0.005003930766787923,0.7798219413904164,0.7508845710637682,-0.7659749885596906,-0.5716429049327858,-1.0772921669385251,-0.6172424695352604,-1.3796251317865453,0.7127828439288392,1.0,0.0,0.0,0.0,1.0,0.0,0.0,0.0,1
-0.823766770381606,-0.9148095247282333,1.2330505513377723,2.318059020346597,0.8381785826265339,0.8099713668080862,0.8644767588020156,-0.20500595964968094,0.5760963565071733,-0.7042804640807814,1.0,0.0,1.0,0.0,0.0,0.0,0.0,2.0,0
0.003610372989254802,0.5408794256100793,-0.6469070005153745,-0.6922348233857155,-0.30923836176167807,0.11916423093765023,-0.6285278725291794,-0.6079990711397677,0.10602679997366826,-0.7042804640807814,0.0,1.0,0.0,0.0,0.0,0.0,0.0,1.0,0
0.07882647693206032,0.26793774742164567,0.777365596750266,-0.6922348233857155,-1.1044002775237638,0.11916423093765023,0.474654275323739,-0.6264668093773602,1.4407922074144852,-0.7042804640807814,0.0,1.0,0.0,0.0,0.0,0.0,1.0,3.0,0
-0.823766770381606,-0.5508872871436551,0.12023364808598822,1.3201775705029322,0.4559189233926579,0.11916423093765023,-1.0772921669385251,-0.4705678426245152,-1.6988081640006536,0.7127828439288392,1.0,0.0,0.0,1.0,0.0,0.0,0.0,1.0,1
0.9814197242457267,1.6326461383638138,0.9137068773527286,-0.6922348233857155,0.2796702310497408,0.8099713668080862,-0.788903526096394,-0.6451251331488804,1.6032853874507584,-0.7042804640807814,1.0,0.0,0.0,0.0,0.0,0.0,1.0,3.0,0
-0.29725404278196726,-0.5508872871436551,0.11915015163460302,2.134566359416784,1.027206805039437,0.8099713668080862,-0.6933844454194769,-0.4694433879743418,1.6497120103182652,-0.7042804640807814,1.0,0.0,0.0,0.0,0.0,0.0,1.0,3.0,0
0.07882647693206032,0.995782222590802,-1.5104096404832552,-0.6922348233857155,0.40791103921229804,0.11916423093765023,-1.0772921669385251,-0.4846902306885565,-1.147492017449012,2.1298461519384597,1.0,0.0,0.0,0.0,0.0,1.0,0.0,0.0,1
-0.22203793883916176,-1.0967706435205222,1.1814846120963034,0.021669371113126428,0.39646684351050626,1.8461820706137402,-1.0772921669385251,-0.818519851916287,-0.34663277298452183,-0.7042804640807814,0.0,1.0,0.0,1.0,0.0,0.0,0.0,0.0,1
1.2822841400169487,-0.2779456089552215,-0.8664982356024251,-0.6922348233857155,-0.7602035878829227,1.8461820706137402,0.6173065221528121,-0.6577800126016786,-0.08548301935479677,-0.7042804640807814,0.0,1.0,0.0,1.0,0.0,0.0,0.0,2.0,0
-0.29725404278196726,0.26793774742164567,-1.1567777856186716,1.873680755506729,-1.4959645086185795,-0.5716429049327858,1.6613022748685813,-0.44039815260376286,-0.9675888538374235,0.7127828439288392,1.0,0.0,0.0,0.0,1.0,0.0,0.0,0.0,1
1.5831485557881708,-0.36892616835136605,-0.012457711959631116,-0.6922348233857155,0.07807038204944443,-0.22623933699756776,1.7052349672021534,0.10338049279870373,-1.199721968174957,0.7127828439288392,1.0,0.0,0.0,1.0,0.0,0.0,0.0,0.0,1
0.5301231005888934,0.6318599850062238,-1.7685538494486215,-0.6922348233857155,-1.3272644947236212,0.8099713668080862,1.1333911279185787,-0.6074082559845919,0.37297988146183164,0.7127828439288392,0.0,0.0,0.0,0.0,0.0,0.0,1.0,2.0,1
-0.6733345624959949,-0.6418678465397997,1.4781802223761955,1.143388235343061,-0.10837627311960994,0.11916423093765023,1.618589520831189,-0.11020871507405117,1.1274125030588151,-0.7042804640807814,0.0,0.0,0.0,0.0,0.0,0.0,0.0,3.0,0
-1.5007117058668558,-0.9148095247282333,-1.6774772449806605,0.42674177121106094,0.4075094884859194,-0.22623933699756776,-1.0772921669385251,-0.31876646485111526,0.7908194872693917,-0.7042804640807814,1.0,0.0,0.0,1.0,0.0,0.0,0.0,2.0,0
1.4327163479025598,0.3589183068177902,-1.1692120475070646,-0.6922348233857155,-0.5437130974494012,-1.2624500408032218,0.9820829863816485,1.1751763599478176,-0.7702757066505201,-0.7042804640807814,1.0,0.0,1.0,0.0,0.0,0.0,0.0,0.0,1
0.37969089270328243,0.8138211037985129,-1.1570514117181507,2.2457370997832276,-1.4030197717007262,-0.9170464728680038,1.0792634500193776,-0.39871709633377844,0.8894760608628434,-0.7042804640807814,0.0,1.0,0.0,0.0,0.0,0.0,0.0,3.0,0
-1.124631186152828,-0.6418678465397997,-0.9130634219913469,-0.6922348233857155,-0.6505588552233393,-0.22623933699756776,-1.0772921669385251,-0.7077324810441246,-1.147492017449012,-0.7042804640807814,0.0,0.0,0.0,1.0,0.0,0.0,0.0,0.0,1
-1.0494150822100226,-1.0057900841243779,-0.8426330075237287,-0.42624555099172745,1.2497882735029684,0.8099713668080862,1.212027932907532,-0.05066979427504285,-0.48591264158704184,-0.7042804640807814,1.0,0.0,0.0,0.0,0.0,1.0,0.0,2.0,1
1.2822841400169487,-0.005003930766787923,-1.2130881498149,-0.6922348233857155,-1.0937080984190066,1.8461820706137402,0.15364048757790685,-0.7973457990969213,0.3323565864527633,2.1298461519384597,0.0,1.0,0.0,1.0,0.0,0.0,0.0,2.0,1
-0.5229023546103838,-1.0057900841243779,-0.14800327528429855,-0.6922348233857155,1.198407600825008,0.8099713668080862,1.8964998163567448,0.07216258234134917,-1.5943482625487637,2.1298461519384597,1.0,0.0,0.0,0.0,0.0,0.0,0.0,0.0,1
-0.6733345624959949,0.26793774742164567,-0.5405891077936756,-0.6922348233857155,-0.3187199485877966,0.8099713668080862,-1.0772921669385251,-0.8271343180498182,-0.3292227894092068,-0.7042804640807814,1.0,0.0,0.0,1.0,0.0,0.0,0.0,2.0,0
1.3575002439597543,1.8146072571561027,-1.7052738825346296,-0.6922348233857155,-0.21442486954029338,-0.9170464728680038,-1.0772921669385251,0.05419036649196862,1.6264986988845118,-0.7042804640807814,1.0,0.0,0.0,0.0,0.0,0.0,1.0,3.0,0
1.5831485557881708,1.5416655789676692,-1.3034256493015097,-0.08930549285094878,-1.7226505858384373,-0.5716429049327858,-0.8583415787493616,-1.043448899057739,0.6109163236578034,-0.7042804640807814,1.0,0.0,0.0,0.0,0.0,1.0,0.0,2.0,0
0.75577141241731,1.2687239007792355,0.8684799427491896,0.3964897490674907,-0.40878254922696755,-1.2624500408032218,1.832839319888863,1.5396902521379048,-0.5439459201714252,2.1298461519384597,0.0,1.0,1.0,0.0,0.0,0.0,0.0,2.0,1
0.22925868481767137,0.995782222590802,-1.3487831066996276,2.0213933269372406,-0.6022717863663553,-1.2624500408032218,0.31143607604439905,0.9581375539109716,-1.0662454274308752,0.7127828439288392,1.0,0.0,0.0,0.0,0.0,1.0,0.0,0.0,1
1.5079324518453652,-0.186965049559077,-0.9970414735107553,0.30823654777815457,1.7041322282213165,-1.2624500408032218,0.03689627018799502,4.29618600499417,1.35374228953791,-0.7042804640807814,0.0,1.0,0.0,0.0,0.0,1.0,0.0,3.0,0
-0.8989828743244115,-0.186965049559077,-0.012146344329189505,-0.6922348233857155,-1.2031152270984842,1.8461820706137402,0.29529948391155736,-0.7857581986341181,-0.13771297008074176,-0.7042804640807814,1.0,0.0,0.0,1.0,0.0,0.0,0.0,1.0,1
1.3575002439597543,1.4506850195715246,1.5841552961916505,2.3758316770229335,1.0333643121838765,-0.9170464728680038,1.3712164582549924,1.4496767044638599,-1.1416886895905736,2.1298461519384597,1.0,0.0,1.0,0.0,0.0,0.0,0.0,0.0,1
-0.5981184585531893,-1.1877512029166668,-1.494399368536154,-0.6922348233857155,-1.7301517434903748,-0.9170464728680038,0.15035053173270826,-0.8206162927894914,-0.8631289523855336,-0.7042804640807814,0.0,1.0,0.0,1.0,0.0,0.0,0.0,0.0,1
0.9814197242457267,1.1777433413830911,-0.3040047483907057,1.9002764181394218,-0.19717125652491685,-0.5716429049327858,-0.6740265003285079,-0.25968494933353337,1.231872404510705,-0.7042804640807814,0.0,1.0,0.0,1.0,0.0,0.0,0.0,3.0,0
-0.823766770381606,-0.45990672774751057,-1.4819289376805886,-0.6922348233857155,-1.4479269239407067,-0.22623933699756776,-1.0772921669385251,-1.0008911493316872,0.09442014425679159,-0.7042804640807814,1.0,0.0,1.0,0.0,0.0,0.0,0.0,1.0,0
0.07882647693206032,0.44989886621393477,0.21966371140700908,-0.6922348233857155,-0.5826053049330052,-0.22623933699756776,0.49558113861468484,-0.3756943638353143,-0.5903725430389318,0.7127828439288392,1.0,0.0,1.0,0.0,0.0,0.0,0.0,1.0,1
-0.974198978267217,-0.6418678465397997,-1.627158348824748,1.5018529336996604,1.3774635841928742,1.8461820706137402,-1.0772921669385251,-0.6742656612864233,0.23950334071774995,-0.7042804640807814,1.0,0.0,0.0,0.0,1.0,0.0,0.0,1.0,0
-1.1998472900956336,-0.9148095247282333,0.9841608802771984,-0.6922348233857155,-1.492929117772729,-0.9170464728680038,-0.9101636030961251,-0.8532445361979109,-0.3756494122767135,0.7127828439288392,1.0,0.0,0.0,0.0,1.0,0.0,0.0,1.0,1
0.5301231005888934,-0.7328484059359441,-1.1544566814644706,-0.6922348233857155,1.3838111745213983,1.8461820706137402,0.7284640783477494,-0.3207866715107487,-1.3854284596449835,0.7127828439288392,0.0,0.0,0.0,0.0,0.0,0.0,1.0,0.0,1
-0.29725404278196726,-0.2779456089552215,0.806975400354231,-0.6922348233857155,-0.16569704530021326,-0.5716429049327858,-0.8138719942561016,-0.2715774866506208,-0.5497492480298635,-0.7042804640807814,1.0,0.0,0.0,0.0,0.0,0.0,1.0,0.0,1
-0.974198978267217,-0.5508872871436551,1.2891454742947557,0.2142376386860108,0.8790856718614344,-0.5716429049327858,0.40170852722747724,0.4779001255199946,-0.17833626508981013,0.7127828439288392,1.0,0.0,0.0,0.0,0.0,1.0,0.0,2.0,1
1.6583646597309762,-0.005003930766787923,0.37720000677256277,0.9415702487694447,-0.018744923704330906,-0.22623933699756776,-0.11280417760409196,-0.2871673833259053,-0.2073529043820018,0.7127828439288392,0.0,1.0,0.0,0.0,0.0,0.0,0.0,2.0,1
0.45490699664608797,0.17695718802550114,-1.1600754518865306,-0.6922348233857155,-1.0948046407871943,-1.2624500408032218,1.3950813147531191,0.4454052919853246,-0.43368269086109684,-0.7042804640807814,1.0,0.0,0.0,1.0,0.0,0.0,0.0,0.0,1
1.5831485557881708,2.542451732325259,-1.2305577609592224,-0.6922348233857155,-0.5016999616871086,1.8461820706137402,-0.8458230432259721,-0.9054077968339178,-0.5787658873220551,2.1298461519384597,0.0,1.0,0.0,1.0,0.0,0.0,0.0,1.0,1
-1.275063394038439,-0.7328484059359441,-0.9766956431943232,2.155525134470207,-1.5390587424903532,-0.9170464728680038,1.2182797438336754,-0.4715970045077246,0.5935063400824884,-0.7042804640807814,0.0,0.0,0.0,0.0,0.0,0.0,0.0,2.0,0
1.5831485557881708,0.8138211037985129,-0.36863869272798155,-0.6922348233857155,-0.421170032729779,-0.5716429049327858,-1.0772921669385251,-0.44821215949479787,-1.547921639681257,0.7127828439288392,1.0,0.0,0.0,0.0,0.0,0.0,1.0,0.0,1
-0.29725404278196726,0.3589183068177902,1.3747322585714457,1.1216133086131028,0.11715148469723251,-0.9170464728680038,1.7193940065468114,0.8439958776416818,1.371152273113225,-0.7042804640807814,1.0,0.0,0.0,0.0,0.0,0.0,1.0,3.0,0
-1.5759278098096612,-1.0057900841243779,1.3790426559201348,-0.6922348233857155,0.6237362385015236,-0.5716429049327858,0.16724473835755396,0.3069449015868625,-0.14931962579761845,-0.7042804640807814,0.0,0.0,0.0,0.0,0.0,0.0,0.0,1.0,1
-1.5759278098096612,-1.0057900841243779,-1.398408502224102,-0.6922348233857155,0.558982025803313,0.11916423093765023,-1.0772921669385251,-0.4402456841766207,-0.36984608441827516,2.1298461519384597,0.0,1.0,1.0,0.0,0.0,0.0,0.0,2.0,1
-0.3724701467247728,-1.0967706435205222,-0.33766862144557214,-0.6922348233857155,0.14409577604122062,-0.5716429049327858,0.8057109291899552,0.19648152612237713,0.13504343926585993,0.7127828439288392,1.0,0.0,0.0,0.0,0.0,1.0,0.0,1.0,1
-1.5759278098096612,-1.0057900841243779,-0.8475850108987825,-0.6922348233857155,-0.8534286974973008,1.8461820706137402,-0.49839117848927517,-0.8893033192170285,1.162232470209445,-0.7042804640807814,0.0,1.0,0.0,0.0,0.0,0.0,1.0,3.0,0
-0.5981184585531893,-1.1877512029166668,1.3678601548086686,0.6748192348106905,-1.1411635533456206,-0.5716429049327858,1.4622166965878696,-0.3053301847092135,0.16986340641648995,-0.7042804640807814,0.0,1.0,0.0,0.0,1.0,0.0,0.0,2.0,0
-1.124631186152828,-0.7328484059359441,-1.3064606974164203,1.7824023520030359,1.1286910290022896,-1.2624500408032218,-0.6206981952003977,3.3215887601481744,-0.8167023295180269,2.1298461519384597,0.0,1.0,1.0,0.0,0.0,0.0,0.0,0.0,1
0.6805553084745045,-0.186965049559077,0.5686879543665728,0.525833466764784,0.0940741981294649,-0.5716429049327858,-0.6491683933349585,-0.11207645330654246,-0.7006357723492602,2.1298461519384597,0.0,1.0,0.0,0.0,1.0,0.0,0.0,0.0,1
0.22925868481767137,0.995782222590802,-1.5712741494156395,1.3409295871316331,1.2550797141399228,-0.9170464728680038,1.882140933819314,1.7124369800899573,1.197052437360075,-0.7042804640807814,0.0,1.0,0.0,0.0,1.0,0.0,0.0,3.0,0
-0.5229023546103838,-0.2779456089552215,-0.6775122369984787,-0.6922348233857155,-1.3492678113013108,1.8461820706137402,1.2334648437501814,-0.624103548756657,0.23950334071774995,-0.7042804640807814,1.0,0.0,0.0,0.0,1.0,0.0,0.0,1.0,0
1.6583646597309762,0.26793774742164567,-1.072290223431268,-0.6922348233857155,-1.5514664223314736,-0.22623933699756776,-1.0772921669385251,-1.0389510804570457,-0.7644723787920819,2.1298461519384597,1.0,0.0,0.0,0.0,0.0,0.0,1.0,0.0,1
0.003610372989254802,-0.9148095247282333,1.3777547261760354,-0.6922348233857155,1.0890206684838393,0.8099713668080862,0.3639918530094028,-0.2500222627633998,-1.3157885253437236,2.1298461519384597,1.0,0.0,0.0,0.0,1.0,0.0,0.0,1.0,1
-0.14682183489635625,-0.9148095247282333,-1.2954527508856564,1.667509959991592,-0.98960785463519,0.8099713668080862,1.761528110145429,-0.4138305291742438,-1.199721968174957,0.7127828439288392,1.0,0.0,0.0,1.0,0.0,0.0,0.0,0.0,1
-1.5759278098096612,-1.0967706435205222,1.0790383714258533,0.10311042640898237,-0.14156479706077627,-0.9170464728680038,0.6855872739282302,0.4519233172456513,1.4582021909898002,-0.7042804640807814,1.0,0.0,0.0,0.0,0.0,1.0,0.0,3.0,0
-0.22203793883916176,-1.0967706435205222,0.806643589394518,-0.6922348233857155,0.6549728457461215,-0.9170464728680038,0.2899245968462375,0.9603483461045327,-1.2345419353255869,0.7127828439288392,1.0,0.0,0.0,1.0,0.0,0.0,0.0,0.0,1
0.605339204531699,-1.0967706435205222,-0.41984294229772534,1.1902788696655948,-1.3831014300484643,-0.22623933699756776,0.19566124727614592,-0.7285253627956347,1.0461659130406784,-0.7042804640807814,1.0,0.0,0.0,1.0,0.0,0.0,0.0,3.0,0
-1.275063394038439,-0.6418678465397997,-0.5654230351670793,1.7016686281601772,0.04931554837705075,-0.9170464728680038,0.32787690706773054,0.5224399647988942,1.0113459458900484,-0.7042804640807814,0.0,1.0,0.0,0.0,0.0,0.0,1.0,3.0,0
1.0566358281885322,-0.6418678465397997,-1.2195561046836187,-0.6922348233857155,0.906613280976582,-0.22623933699756776,-0.8567309022702978,-0.09221744067127785,0.5470797172149816,0.7127828439288392,1.0,0.0,0.0,0.0,0.0,0.0,0.0,2.0,1
1.5831485557881708,1.5416655789676692,-0.23061476887010213,-0.6922348233857155,-1.397955242864773,-0.22623933699756776,0.7390945431095697,-0.6278962008818179,1.3189223223872801,-0.7042804640807814,0.0,1.0,0.0,0.0,1.0,0.0,0.0,2.0,0
-0.974198978267217,-0.09598449016293245,1.1769163142860364,0.4791278268222649,-0.7355509869270542,1.8461820706137402,0.2766902051099309,-0.7206351216910287,-1.286771886051532,2.1298461519384597,1.0,0.0,0.0,0.0,0.0,1.0,0.0,0.0,1
-0.974198978267217,-0.8238289653320887,0.3241417044942803,-0.6922348233857155,-1.457466723741951,-1.2624500408032218,0.6791505334804164,-0.2276856381870753,0.1814700621333666,0.7127828439288392,0.0,1.0,0.0,0.0,0.0,0.0,1.0,1.0,1
1.6583646597309762,1.8146072571561027,0.9826968233886068,0.3791546874578837,-1.0529150590945568,0.11916423093765023,1.8914053063081508,-0.3347375325942551,-1.1590986731658885,2.1298461519384597,0.0,1.0,0.0,0.0,0.0,0.0,0.0,0.0,1
-0.29725404278196726,-0.186965049559077,0.9252872371030924,2.2958161666554253,1.0589625769805657,0.11916423093765023,-0.1860750437303869,-0.1192234108288306,0.639932962949995,-0.7042804640807814,0.0,1.0,0.0,0.0,0.0,0.0,1.0,3.0,0
1.5831485557881708,-1.0057900841243779,0.8257093527858012,-0.6922348233857155,-0.1395748637273909,0.8099713668080862,0.43883760280411555,-0.4934952823560155,-0.15512295365605677,0.7127828439288392,0.0,1.0,0.0,0.0,0.0,1.0,0.0,2.0,1
-0.22203793883916176,0.17695718802550114,-1.137042110052802,-0.6922348233857155,-0.655489137810533,-0.9170464728680038,-1.0772921669385251,-0.2701290365927704,0.8778694051459667,-0.7042804640807814,1.0,0.0,1.0,0.0,0.0,0.0,0.0,3.0,0
-0.3724701467247728,0.5408794256100793,-1.1959456319389201,0.7314492791398773,0.23751453289938476,0.8099713668080862,-1.0772921669385251,-0.7102863271987555,0.465833127196845,0.7127828439288392,0.0,1.0,0.0,0.0,0.0,0.0,1.0,2.0,0
-1.3502794979812447,-0.6418678465397997,-0.8901448773142963,-0.6922348233857155,0.8210924804171319,0.11916423093765023,1.6897694902689215,0.1770608602151462,-0.5613559037467402,0.7127828439288392,1.0,0.0,0.0,1.0,0.0,0.0,0.0,1.0,1
-1.4254956019240501,-0.7328484059359441,-0.4715755733009458,2.1739157522481327,0.7256208251708544,-0.22623933699756776,-1.0772921669385251,-0.20180412267969586,-1.5711349511150103,0.7127828439288392,0.0,0.0,0.0,0.0,1.0,0.0,0.0,0.0,1
-0.823766770381606,-0.5508872871436551,0.5220850264466884,1.0011384391341582,1.6411030204186732,-1.2624500408032218,-0.8921777157465807,4.022124007206161,-0.7876856902258352,2.1298461519384597,0.0,0.0,1.0,0.0,0.0,0.0,0.0,0.0,1
-0.5981184585531893,-0.6418678465397997,-0.010040681414233362,-0.6922348233857155,0.7662558578485338,-1.2624500408032218,1.8034116640695257,3.261897370922024,-0.9675888538374235,0.7127828439288392,0.0,1.0,0.0,0.0,1.0,0.0,0.0,0.0,1
-0.5981184585531893,-0.36892616835136605,0.03147972033601833,-0.6922348233857155,0.08456409882573364,1.8461820706137402,-0.36499137321215674,-0.7253425843790424,1.0171492737484866,-0.7042804640807814,1.0,0.0,1.0,0.0,0.0,0.0,0.0,3.0,0
1.2822841400169487,-0.6418678465397997,-1.73640278275984,-0.6922348233857155,1.5090807449127335,1.8461820706137402,0.8096302419556768,-0.2865193925105512,-0.0738763636379201,-0.7042804640807814,1.0,0.0,1.0,0.0,0.0,0.0,0.0,2.0,1
-0.07160573095355072,0.6318599850062238,0.3596769284593766,-0.6922348233857155,-0.49010845151765126,0.8099713668080862,-1.0772921669385251,-0.8631359254087576,0.018976882097093247,-0.7042804640807814,0.0,0.0,0.0,0.0,1.0,0.0,0.0,1.0,0
-1.4254956019240501,-0.6418678465397997,0.8804911849780432,-0.6922348233857155,1.600767368755927,-0.9170464728680038,0.5081295014802791,1.698371767686094,0.0015668985217782447,-0.7042804640807814,0.0,1.0,0.0,0.0,1.0,0.0,0.0,1.0,1
-1.5007117058668558,-0.8238289653320887,-0.5322214958665049,0.7940535537413016,1.6284838730352587,0.11916423093765023,-1.0772921669385251,-0.12570331898237183,0.37878320932027,-0.7042804640807814,1.0,0.0,0.0,0.0,1.0,0.0,0.0,1.0,1
-0.823766770381606,-0.5508872871436551,-0.9409701390106238,-0.6922348233857155,0.994226184580863,1.8461820706137402,-1.0772921669385251,-0.7306218036688393,0.23950334071774995,-0.7042804640807814,1.0,0.0,0.0,0.0,0.0,1.0,0.0,1.0,0
-0.22203793883916176,-0.2779456089552215,0.6666822669472241,1.2030543639089588,0.5194993724291462,1.8461820706137402,1.6622865771613424,-0.26557404233189874,1.7135486167610867,-0.7042804640807814,1.0,0.0,0.0,1.0,0.0,0.0,0.0,3.0,0
-1.3502794979812447,-0.9148095247282333,1.5161890891831333,1.7029418247755719,0.8487590878606414,-0.5716429049327858,1.6242746122554397,0.7017237765646661,-0.8573256245270953,-0.7042804640807814,1.0,0.0,0.0,0.0,0.0,0.0,1.0,0.0,1
1.0566358281885322,1.4506850195715246,-0.840186098266319,0.5543878934211611,-1.3887053199192576,-0.22623933699756776,-0.49442712471024625,-0.865327659048926,0.10602679997366826,-0.7042804640807814,0.0,1.0,1.0,0.0,0.0,0.0,0.0,2.0,0
-0.6733345624959949,-0.7328484059359441,-0.7398565284573556,-0.6922348233857155,-1.3526786164357285,-0.9170464728680038,0.29556494725718085,-0.5147265108355594,0.6457362908084333,-0.7042804640807814,0.0,1.0,0.0,0.0,0.0,0.0,0.0,2.0,0
0.15404258087486586,0.3589183068177902,-0.46956740934097646,-0.6922348233857155,-1.7212368421568083,-0.5716429049327858,1.0691460155434813,-0.6664325958419955,-1.7278248032928454,0.7127828439288392,1.0,0.0,0.0,0.0,0.0,0.0,0.0,0.0,1
-0.22203793883916176,-0.09598449016293245,1.5350472741541221,-0.6922348233857155,-0.9591339561667315,-1.2624500408032218,-0.1378651105246346,0.34561470642078945,0.953312667305665,-0.7042804640807814,1.0,0.0,0.0,1.0,0.0,0.0,0.0,3.0,0
0.8309875163601156,-0.45990672774751057,0.47573528129701154,-0.6922348233857155,0.6511379175072153,-0.5716429049327858,1.7889573340370393,0.6370009292428248,0.6457362908084333,-0.7042804640807814,1.0,0.0,0.0,0.0,0.0,1.0,0.0,3.0,0
-1.0494150822100226,-1.1877512029166668,1.543602021172316,1.6169194380687653,1.4502072307221394,1.8461820706137402,0.9552174992577105,-0.2667366140888576,-0.23636954367419347,0.7127828439288392,1.0,0.0,0.0,1.0,0.0,0.0,0.0,1.0,1
-1.4254956019240501,-0.7328484059359441,-1.6546530541310163,0.18602055472260162,0.28537629063197956,-0.22623933699756776,-0.25699551529093706,-0.20350033393165226,1.0635758966159934,-0.7042804640807814,0.0,1.0,0.0,0.0,0.0,0.0,1.0,3.0,0
1.6583646597309762,-1.1877512029166668,0.20124112660588048,-0.6922348233857155,-1.2882071524738437,0.8099713668080862,0.8467294901901102,-0.6551689907868694,-0.9385722145452319,0.7127828439288392,0.0,1.0,0.0,0.0,0.0,0.0,0.0,0.0,1
1.2822841400169487,-0.5508872871436551,-1.0839696547004085,-0.6922348233857155,1.2432232755326476,-0.9170464728680038,-1.0772921669385251,1.1259481165342968,-0.5555525758883019,-0.7042804640807814,1.0,0.0,1.0,0.0,0.0,0.0,0.0,1.0,1
-1.5007117058668558,-1.0967706435205222,1.3855027479699031,-0.4589786742319646,-1.727852924982852,0.8099713668080862,-1.0772921669385251,-1.1231517693462962,1.6555153381767034,-0.7042804640807814,1.0,0.0,0.0,1.0,0.0,0.0,0.0,3.0,0
-1.275063394038439,-1.0967706435205222,-1.1167717627982952,-0.6922348233857155,1.4192949529103858,-0.9170464728680038,-1.0772921669385251,1.255412869731372,0.007370226380216578,-0.7042804640807814,0.0,1.0,0.0,0.0,0.0,0.0,1.0,2.0,0
-1.5007117058668558,-1.0057900841243779,0.27769131526203644,-0.6922348233857155,-1.2138561150191631,-1.2624500408032218,-0.6146193828590425,-0.12204407673096032,-0.7412590673583285,0.7127828439288392,0.0,1.0,0.0,1.0,0.0,0.0,0.0,0.0,1
-0.3724701467247728,-1.0057900841243779,0.6728797408440442,-0.6922348233857155,-0.8801591452591937,-1.2624500408032218,0.3804147876274113,0.562939390758527,-0.13771297008074176,0.7127828439288392,0.0,1.0,0.0,0.0,0.0,0.0,1.0,1.0,1
0.3044747887604769,1.0867627819869465,-0.6848246586224862,-0.14000483499731342,-0.9971280206055358,-1.2624500408032218,-1.0772921669385251,0.1063536271279756,1.1158058473419383,-0.7042804640807814,0.0,1.0,0.0,0.0,0.0,0.0,1.0,2.0,0
-0.823766770381606,-0.09598449016293245,0.5803846838374046,-0.6922348233857155,1.6192458302887485,1.8461820706137402,-1.0772921669385251,-0.6387024006555175,-0.9791955095543002,0.7127828439288392,0.0,1.0,0.0,0.0,1.0,0.0,0.0,0.0,1
0.45490699664608797,0.26793774742164567,0.28778874735832727,2.5196484844507836,1.0820125390906212,0.8099713668080862,1.0475540025213665,-0.1180227219650862,0.25691332429306496,-0.7042804640807814,1.0,0.0,0.0,0.0,0.0,0.0,0.0,1.0,0
-1.1998472900956336,-0.9148095247282333,1.3938514891315927,1.7212453863746673,-1.0506495051442488,1.8461820706137402,-1.0772921669385251,-1.0313276590999383,-1.4318550825124903,-0.7042804640807814,1.0,0.0,0.0,0.0,0.0,0.0,0.0,0.0,1
0.605339204531699,-0.2779456089552215,-1.291068443038832,-0.6922348233857155,-0.19369035821636812,-0.9170464728680038,-1.0772921669385251,0.06941815065279053,-1.4550683939462437,0.7127828439288392,0.0,1.0,1.0,0.0,0.0,0.0,0.0,0.0,1
0.22925868481767137,-1.0057900841243779,1.2432360470063093,-0.6922348233857155,1.0640033454185085,-0.22623933699756776,-1.0772921669385251,-0.07740894468509683,0.9010827165797201,-0.7042804640807814,0.0,1.0,0.0,1.0,0.0,0.0,0.0,3.0,0
1.4327163479025598,1.0867627819869465,0.9348421346917954,-0.4736367583425362,-1.3384568302065007,1.8461820706137402,-1.0772921669385251,-1.073637647631884,0.05379684924772325,0.7127828439288392,1.0,0.0,0.0,0.0,0.0,0.0,0.0,1.0,1
1.5079324518453652,0.7228405444023683,0.6116724130054161,-0.6922348233857155,-0.6805991264281049,1.8461820706137402,1.352723506087965,-0.5024718610040094,1.057772568757555,-0.7042804640807814,1.0,0.0,0.0,0.0,0.0,0.0,1.0,3.0,0
0.45490699664608797,0.08597662862935661,-1.770374878317568,1.191258251677437,0.9377144539525196,0.11916423093765023,-1.0772921669385251,-0.32886749814928246,-1.4840850332384352,2.1298461519384597,1.0,0.0,1.0,0.0,0.0,0.0,0.0,0.0,1
-1.1998472900956336,-0.9148095247282333,-0.5478637878867205,1.766993408350052,-0.7171176701504529,-0.22623933699756776,-1.0772921669385251,-0.7322036636004391,-1.112672050298382,2.1298461519384597,1.0,0.0,0.0,0.0,0.0,1.0,0.0,1.0,1
1.5831485557881708,1.35970446017538,1.231978062832918,-0.6922348233857155,0.7209922996383951,-0.9170464728680038,1.2551344078620288,1.197341457543607,-1.4666750496631202,0.7127828439288392,1.0,0.0,0.0,0.0,0.0,0.0,1.0,0.0,1
0.605339204531699,-0.186965049559077,-0.6395002250639605,-0.6922348233857155,-1.1516656492662931,-1.2624500408032218,0.8483759594798198,0.2550484606983543,0.15825675069961326,-0.7042804640807814,0.0,0.0,0.0,0.0,0.0,0.0,1.0,1.0,1
1.6583646597309762,0.3589183068177902,0.8394095285252321,-0.6922348233857155,-0.32553918281683064,-0.22623933699756776,0.8370027938970979,-0.21451617779267235,1.2899056830950884,-0.7042804640807814,0.0,1.0,0.0,0.0,0.0,1.0,0.0,3.0,0
-0.14682183489635625,0.3589183068177902,-0.35131533001613924,1.1832490832250386,1.6299451375129088,-0.5716429049327858,1.1743858270449699,0.9968073587448985,-0.6948324444908218,0.7127828439288392,0.0,1.0,0.0,0.0,1.0,0.0,0.0,0.0,1
-1.124631186152828,-0.45990672774751057,1.3835637768166986,-0.6922348233857155,1.533007465709379,0.8099713668080862,1.7482102018509487,0.11350058465026373,1.4175788959807318,-0.7042804640807814,0.0,1.0,0.0,0.0,0.0,0.0,1.0,3.0,0
-1.6511439137524666,-1.1877512029166668,0.7272825851628699,-0.1516485989158818,-0.7952846275256311,-0.5716429049327858,-1.0772921669385251,-0.6315935602400149,-0.2653861829663851,-0.7042804640807814,1.0,0.0,0.0,0.0,0.0,1.0,0.0,2.0,1
-0.6733345624959949,-1.0967706435205222,0.580936653727733,-0.6922348233857155,-1.2807321312597177,0.11916423093765023,-1.0772921669385251,-0.981337073550707,-0.42207603514422015,0.7127828439288392,0.0,1.0,0.0,0.0,1.0,0.0,0.0,1.0,1
0.75577141241731,0.44989886621393477,-1.4749955039299973,-0.6922348233857155,0.1397713836032966,-0.22623933699756776,0.6793712558127325,-0.07422616626850452,-1.4318550825124903,-0.7042804640807814,0.0,1.0,0.0,0.0,1.0,0.0,0.0,0.0,1
0.45490699664608797,0.9048016631946574,-0.48899171727640456,-0.6922348233857155,-0.8271984061135302,-0.5716429049327858,1.0876330022420677,-0.22457909398405404,-1.3099851974852852,-0.7042804640807814,0.0,1.0,0.0,0.0,0.0,0.0,1.0,1.0,1
-1.124631186152828,-0.6418678465397997,0.0561060692891275,-0.6922348233857155,-1.1432711006491583,-0.9170464728680038,-1.0772921669385251,-0.6287728943378852,-1.722021475434407,0.7127828439288392,1.0,0.0,0.0,0.0,0.0,0.0,0.0,0.0,1
-1.5007117058668558,-1.0057900841243779,-1.449431906957983,-0.6922348233857155,1.3247677734850285,0.11916423093765023,1.4230683099439607,0.27313502786809146,1.6497120103182652,-0.7042804640807814,1.0,0.0,0.0,0.0,1.0,0.0,0.0,3.0,0
-0.14682183489635625,-0.7328484059359441,1.648955932290678,2.4073895418489597,-0.9972515746751908,-0.22623933699756776,-0.7598964358021454,-0.7732367290550693,0.32074993073588665,-0.7042804640807814,1.0,0.0,0.0,0.0,0.0,0.0,0.0,2.0,0
-0.07160573095355072,-0.6418678465397997,1.3472029568617951,-0.6922348233857155,1.4440271511995897,-1.2624500408032218,0.3464116175138448,3.9741155112097775,-0.32341946155076845,2.1298461519384597,1.0,0.0,0.0,1.0,0.0,0.0,0.0,1.0,1
-0.5229023546103838,-0.2779456089552215,0.7305959770686299,-0.6922348233857155,-1.2264479379448654,-0.22623933699756776,-0.1628842851660904,-0.740932481054327,-1.6059549182656403,2.1298461519384597,0.0,0.0,1.0,0.0,0.0,0.0,0.0,0.0,1
0.75577141241731,1.35970446017538,1.4260057009479543,0.6237390218819429,-0.19528943300247958,0.11916423093765023,-1.0772921669385251,-0.6620872456684443,-0.7586690509336436,2.1298461519384597,0.0,1.0,0.0,1.0,0.0,0.0,0.0,0.0,1
-1.6511439137524666,-1.0967706435205222,-0.37880217250345694,-0.6922348233857155,0.3224187511304606,1.8461820706137402,1.5445461265417875,-0.3175276588805853,0.83144278227846,-0.7042804640807814,0.0,1.0,0.0,1.0,0.0,0.0,0.0,2.0,0
1.5831485557881708,1.4506850195715246,0.40306710855606803,-0.056692071856603486,-1.5209687634650044,-0.9170464728680038,0.7507987921907657,-0.54956554643754,-0.3988627237104668,2.1298461519384597,1.0,0.0,1.0,0.0,0.0,0.0,0.0,1.0,1
1.3575002439597543,0.6318599850062238,-1.6734561993693513,0.20037394220726676,0.8736528568563172,-1.2624500408032218,-1.0772921669385251,2.8574176922673016,-1.3796251317865453,2.1298461519384597,1.0,0.0,0.0,0.0,1.0,0.0,0.0,0.0,1
0.003610372989254802,-0.9148095247282333,0.12684156113202683,-0.6922348233857155,-0.2897762197512189,0.11916423093765023,1.8508729309859353,-0.11819424894562111,0.848852765853775,-0.7042804640807814,0.0,0.0,0.0,1.0,0.0,0.0,0.0,2.0,0
0.605339204531699,0.08597662862935661,-0.8853186790424513,-0.6922348233857155,0.927918041852761,-0.5716429049327858,1.0708402085807187,0.6324649935353459,0.465833127196845,2.1298461519384597,1.0,0.0,0.0,0.0,1.0,0.0,0.0,3.0,1
-0.974198978267217,-1.1877512029166668,0.8144230624641878,-0.6922348233857155,-1.3672021597196902,-0.5716429049327858,-1.0772921669385251,-0.9119448806476373,0.291733291443695,-0.7042804640807814,1.0,0.0,0.0,0.0,0.0,1.0,0.0,1.0,0
-0.974198978267217,-0.9148095247282333,-0.11782892127968432,0.5601009551569074,1.5520454846153495,1.8461820706137402,-1.0772921669385251,-0.6485937898663643,1.5104321417157451,-0.7042804640807814,1.0,0.0,0.0,0.0,0.0,0.0,0.0,3.0,0
-1.3502794979812447,-1.0967706435205222,-0.13137655833147457,2.304978829477327,-0.14277895339911648,-0.5716429049327858,-0.3139359115600586,-0.16273408822452073,-1.1590986731658885,0.7127828439288392,1.0,0.0,0.0,0.0,0.0,1.0,0.0,1.0,1
-0.14682183489635625,-0.2779456089552215,0.2313116914003475,-0.6922348233857155,-1.0320106609248558,0.11916423093765023,-0.058094866531895675,-0.7091999896553677,0.7908194872693917,-0.7042804640807814,1.0,0.0,0.0,0.0,0.0,0.0,0.0,3.0,0
-0.5229023546103838,-0.005003930766787923,0.04006277350243403,-0.6922348233857155,-1.1221469187978597,0.8099713668080862,0.4536498609430604,-0.6970215740373887,0.9939359623147334,-0.7042804640807814,0.0,1.0,0.0,0.0,1.0,0.0,0.0,3.0,0
0.6805553084745045,-0.186965049559077,-1.244182453636728,-0.6922348233857155,-1.0937651233742318,0.11916423093765023,1.7246585324459731,-0.37929643042654754,-1.2983785417684086,2.1298461519384597,1.0,0.0,0.0,0.0,0.0,1.0,0.0,0.0,1
1.3575002439597543,2.178529494740681,0.8873255472098576,-0.6922348233857155,-0.7312135262702244,-1.2624500408032218,1.7485860263627302,1.0491040292546547,1.4523988631313618,-0.7042804640807814,1.0,0.0,0.0,0.0,0.0,0.0,0.0,3.0,0
0.07882647693206032,0.995782222590802,0.13450938217259903,2.3844611207494983,0.7519592263655729,-1.2624500408032218,-1.0143385784808994,2.6907315842941495,-0.33502611726764514,0.7127828439288392,1.0,0.0,0.0,0.0,0.0,0.0,1.0,0.0,1
1.5831485557881708,1.7236266977599581,-0.8590065417063452,-0.6922348233857155,-0.8987160161054502,0.11916423093765023,-0.5902116687327869,-0.7738847198704234,1.1216091752003767,-0.7042804640807814,1.0,0.0,0.0,0.0,0.0,0.0,0.0,2.0,0
-0.5981184585531893,-0.5508872871436551,-1.3702454573070373,0.8605535923453871,-1.5780709399839106,0.8099713668080862,1.4279242012549158,-0.6025864419762215,0.3903898650371466,-0.7042804640807814,0.0,1.0,0.0,0.0,0.0,1.0,0.0,1.0,0
-1.5007117058668558,-1.0057900841243779,-1.1040119802053496,-0.6922348233857155,0.8065760652525732,0.8099713668080862,-1.0772921669385251,-0.5907320217659195,-0.1899429208066868,-0.7042804640807814,0.0,0.0,1.0,0.0,0.0,0.0,0.0,1.0,1
1.4327163479025598,2.178529494740681,-1.2714632902675413,-0.6922348233857155,0.08383346658690856,-0.9170464728680038,1.5085415417662733,0.7783201026502021,0.29753661930213327,-0.7042804640807814,1.0,0.0,0.0,0.0,0.0,0.0,0.0,2.0,0
-1.6511439137524666,-1.0967706435205222,1.1166226460094617,-0.03478656085839958,0.7725345430228273,0.8099713668080862,-0.4628966412654645,-0.4779435027875165,-0.8167023295180269,0.7127828439288392,1.0,0.0,1.0,0.0,0.0,0.0,0.0,0.0,1
1.5079324518453652,0.7228405444023683,-1.03730539679271,-0.6922348233857155,0.5945121369684211,-0.22623933699756776,0.9769168907117628,0.15104593483401738,0.6863595858175017,-0.7042804640807814,1.0,0.0,0.0,0.0,0.0,1.0,0.0,3.0,0
-1.0494150822100226,-1.0057900841243779,-0.8962511425112901,-0.6922348233857155,-1.5960967659346308,0.11916423093765023,-0.23972846688853033,-0.9105536062499653,-0.6832257887739451,0.7127828439288392,1.0,0.0,0.0,0.0,0.0,1.0,0.0,0.0,1
1.3575002439597543,2.6334322917214035,0.08474717359838531,-0.6922348233857155,-0.712114918349327,-0.22623933699756776,-1.0772921669385251,-0.7303740424747333,1.1100025194835001,-0.7042804640807814,1.0,0.0,0.0,0.0,0.0,0.0,0.0,3.0,0
1.2070680360741433,2.178529494740681,-0.5851917345725413,-0.6922348233857155,0.7539170831616441,-0.5716429049327858,-1.0772921669385251,0.12779449969484,0.2801266357268183,2.1298461519384597,1.0,0.0,0.0,0.0,0.0,1.0,0.0,2.0,1
-0.5981184585531893,-0.8238289653320887,-1.0687566725948927,2.507634731772186,0.7218001531707545,0.8099713668080862,-1.0772921669385251,-0.608551769188158,-1.182311984599642,-0.7042804640807814,1.0,0.0,0.0,0.0,0.0,0.0,1.0,0.0,1
-1.5007117058668558,-0.8238289653320887,1.534998524676629,-0.6922348233857155,-1.3270233266838138,-0.22623933699756776,0.8399765799149247,-0.5821175556323883,1.4523988631313618,-0.7042804640807814,0.0,1.0,0.0,0.0,1.0,0.0,0.0,2.0,0
0.37969089270328243,-0.186965049559077,-1.4983543664682786,-0.6922348233857155,0.34607103933008404,-0.9170464728680038,-1.0772921669385251,0.46629346650379866,0.5122597500643516,-0.7042804640807814,1.0,0.0,0.0,0.0,0.0,0.0,1.0,1.0,1
-1.1998472900956336,-0.8238289653320887,1.3622681179710405,-0.6922348233857155,-1.3737255769934926,-0.5716429049327858,-1.0772921669385251,-0.9151467176176225,0.674752930100625,-0.7042804640807814,1.0,0.0,0.0,0.0,0.0,0.0,0.0,2.0,0
-1.6511439137524666,-1.1877512029166668,1.6433859113461113,0.6973776671501225,1.6357022819508704,1.8461820706137402,-0.7141144482518705,-0.5653841457535377,-0.8341123130933419,0.7127828439288392,1.0,0.0,1.0,0.0,0.0,0.0,0.0,0.0,1
0.9062036203029211,0.9048016631946574,0.0326795865078716,-0.6922348233857155,0.18909915789314366,1.8461820706137402,1.4039281044510874,-0.3646022857607231,1.556858764583252,-0.7042804640807814,1.0,0.0,0.0,0.0,0.0,1.0,0.0,3.0,0
0.9814197242457267,0.26793774742164567,0.2377607755035851,-0.6922348233857155,0.19246600629124164,0.8099713668080862,-1.0772921669385251,-0.7197393696815686,-1.0488354438555603,2.1298461519384597,1.0,0.0,0.0,0.0,0.0,1.0,0.0,0.0,1
-1.1998472900956336,-0.6418678465397997,0.44740711718198545,-0.6922348233857155,1.2682560428566851,0.8099713668080862,-1.0772921669385251,-0.49374304355012144,-0.7992923459427118,0.7127828439288392,1.0,0.0,0.0,0.0,1.0,0.0,0.0,0.0,1
-0.974198978267217,-0.36892616835136605,1.0868021188576222,1.0264173770620408,-0.68631944224915,-0.5716429049327858,1.2184795870264482,-0.12997243494235194,0.5296697336396666,2.1298461519384597,1.0,0.0,0.0,1.0,0.0,0.0,0.0,2.0,1
0.8309875163601156,-0.9148095247282333,-0.6288099364187986,-0.6922348233857155,0.39597975535128954,-1.2624500408032218,-1.0772921669385251,2.154976589870038,1.3247256502457185,-0.7042804640807814,1.0,0.0,0.0,0.0,0.0,1.0,0.0,3.0,0
1.2070680360741433,0.08597662862935661,-0.6669886401150683,-0.6922348233857155,0.0011722299280306895,-0.9170464728680038,-0.5550392668047889,0.31466361571093365,-1.2403452631840253,2.1298461519384597,1.0,0.0,0.0,0.0,1.0,0.0,0.0,0.0,1
1.5079324518453652,2.178529494740681,-0.46365614205395617,-0.6922348233857155,-1.4494677857516922,-1.2624500408032218,1.5477257212208282,-0.04632444410149166,1.5684654203001285,-0.7042804640807814,1.0,0.0,0.0,0.0,0.0,0.0,0.0,2.0,0
0.003610372989254802,-0.45990672774751057,-0.2922624145699607,-0.6922348233857155,-0.8220792283621526,-0.22623933699756776,-0.2308190397719318,-0.6055405177521006,-0.7122424280661368,0.7127828439288392,0.0,0.0,0.0,0.0,0.0,0.0,1.0,1.0,1
0.75577141241731,-0.5508872871436551,1.6006766513705373,-0.6922348233857155,0.8889462370358215,1.8461820706137402,0.33734708821778087,-0.469919851809161,0.4890464386305983,-0.7042804640807814,1.0,0.0,0.0,0.0,0.0,0.0,0.0,2.0,0
0.5301231005888934,-1.0967706435205222,1.394118824975911,-0.08918579060505696,0.11544667613997399,0.8099713668080862,-0.3283305869081351,-0.5897028598827101,0.12343678354898326,-0.7042804640807814,0.0,1.0,0.0,0.0,0.0,1.0,0.0,1.0,1
-1.6511439137524666,-1.0057900841243779,-0.14740570104405706,1.8014241270774822,1.5655984156405796,0.8099713668080862,1.8655897416298246,0.1432700450497679,-0.6948324444908218,0.7127828439288392,0.0,1.0,1.0,0.0,0.0,0.0,0.0,0.0,1
-0.3724701467247728,-0.6418678465397997,1.5064391936844568,-0.6922348233857155,-0.6210876455509269,0.8099713668080862,-1.0772921669385251,-0.8906564765079151,-0.5265359365961102,-0.7042804640807814,1.0,0.0,0.0,0.0,0.0,1.0,0.0,0.0,1
0.003610372989254802,-0.9148095247282333,-0.9941699720300161,-0.6922348233857155,1.576133776118467,0.8099713668080862,1.3428029320706207,0.0434222838250545,1.4640055188482384,-0.7042804640807814,1.0,0.0,0.0,0.0,0.0,0.0,1.0,2.0,0
0.07882647693206032,0.17695718802550114,0.027221217592402768,-0.6922348233857155,0.7555541745845724,-0.5716429049327858,0.7561259555085578,0.4865336502069187,-0.9908021652711769,-0.7042804640807814,0.0,1.0,0.0,0.0,0.0,0.0,1.0,0.0,1
0.9062036203029211,0.8138211037985129,0.8120170398653209,-0.6922348233857155,-0.9203664907726828,-0.22623933699756776,0.3914598524458795,-0.5201772571058911,0.12343678354898326,-0.7042804640807814,1.0,0.0,0.0,1.0,0.0,0.0,0.0,2.0,0
0.15404258087486586,-0.2779456089552215,0.6001958424651996,-0.6922348233857155,-0.49731498023425763,-0.9170464728680038,-0.2048573211168017,0.016511606434465594,1.0461659130406784,-0.7042804640807814,1.0,0.0,0.0,0.0,0.0,0.0,0.0,2.0,0
0.07882647693206032,-0.005003930766787923,-0.3962324695530267,-0.6922348233857155,0.0638058271037978,-0.5716429049327858,-0.4848406169255969,-0.09482846248608712,1.6439086824598268,-0.7042804640807814,1.0,0.0,0.0,0.0,0.0,0.0,1.0,3.0,0
1.5831485557881708,-0.6418678465397997,-0.004332274856137176,-0.6922348233857155,0.9758308844410786,-0.22623933699756776,1.4547509128339875,0.3845132138954297,-0.8631289523855336,0.7127828439288392,1.0,0.0,0.0,0.0,0.0,0.0,1.0,1.0,1
0.6805553084745045,1.8146072571561027,0.2976125533551391,-0.6922348233857155,-0.2963364656419377,-0.5716429049327858,-1.0772921669385251,-0.3870342031040115,-1.4724783775215586,0.7127828439288392,1.0,0.0,0.0,0.0,0.0,0.0,0.0,0.0,1
-0.6733345624959949,0.17695718802550114,-1.149676087542539,-0.6922348233857155,-0.12381577974687932,-0.5716429049327858,0.6961580840056406,0.043784396339517105,-0.22476288795731678,-0.7042804640807814,0.0,1.0,1.0,0.0,0.0,0.0,0.0,1.0,1
1.5831485557881708,-0.09598449016293245,-0.6336408523820138,-0.6922348233857155,-0.3732001651862361,-0.5716429049327858,0.4772313576902409,-0.12120550038167852,0.9010827165797201,-0.7042804640807814,0.0,0.0,1.0,0.0,0.0,0.0,0.0,2.0,0
1.2822841400169487,2.4514711729291143,-0.8294737937280955,-0.6922348233857155,1.400577699377558,1.8461820706137402,0.8676086297335283,-0.2911506209849939,1.6439086824598268,-0.7042804640807814,1.0,0.0,1.0,0.0,0.0,0.0,0.0,3.0,0
-1.275063394038439,-0.9148095247282333,0.28280372014368127,1.1876780663230362,-0.4585890955367276,0.11916423093765023,1.7288999805075076,-0.19164591372135034,0.8894760608628434,-0.7042804640807814,1.0,0.0,0.0,0.0,1.0,0.0,0.0,3.0,0
1.1318519321313376,1.35970446017538,0.945727421246931,-0.3428022035827719,-1.1683181242120022,0.8099713668080862,1.893869044774274,-0.42553248095740354,-1.2809685581930936,0.7127828439288392,1.0,0.0,0.0,0.0,0.0,1.0,0.0,0.0,1
-1.3502794979812447,-0.5508872871436551,-1.4298424798245934,1.7904768125895572,0.8195813191036595,1.8461820706137402,0.8857257573887742,-0.3730452249137195,-0.8283089852349036,-0.7042804640807814,0.0,0.0,0.0,1.0,0.0,0.0,0.0,0.0,1
-0.22203793883916176,-0.36892616835136605,1.138136891221945,-0.6922348233857155,-1.1372383355942741,0.11916423093765023,1.0278649739319234,-0.5281246738706755,0.3671765536033933,0.7127828439288392,1.0,0.0,0.0,0.0,0.0,1.0,0.0,2.0,0
0.5301231005888934,0.3589183068177902,1.149247054399066,0.5354531745255453,1.1526795268337626,0.11916423093765023,0.9412374239662818,0.12844249051019413,1.59748205959232,-0.7042804640807814,0.0,0.0,0.0,0.0,0.0,0.0,1.0,3.0,0
1.3575002439597543,0.8138211037985129,1.3920178797523253,-0.6922348233857155,-1.3451418181867751,-0.22623933699756776,-0.23488748924867783,-0.7986417807276296,-0.8283089852349036,0.7127828439288392,1.0,0.0,1.0,0.0,0.0,0.0,0.0,1.0,1
0.003610372989254802,0.3589183068177902,-1.7300071658254663,-0.6922348233857155,0.6598722398159014,1.8461820706137402,1.347885511182333,-0.3063021709322447,0.8024261429862684,-0.7042804640807814,1.0,0.0,0.0,0.0,0.0,0.0,1.0,2.0,0
-0.5981184585531893,0.3589183068177902,0.6796197492484519,2.019227804488834,0.17563532836045329,-0.9170464728680038,-1.0772921669385251,0.34098347794634676,0.5644897007902967,0.7127828439288392,0.0,1.0,0.0,0.0,0.0,1.0,0.0,2.0,0
0.37969089270328243,0.26793774742164567,0.008304847761179894,2.5603037199645886,-0.45186371487983534,-0.22623933699756776,-1.0772921669385251,-0.6347001044430362,-0.6716191330570686,-0.7042804640807814,0.0,1.0,0.0,0.0,0.0,1.0,0.0,1.0,1
1.2822841400169487,2.3604906135329697,1.4602467049137908,-0.3639459730162097,-1.0332343214224005,-1.2624500408032218,-0.7275934241942571,0.1215242356286192,-0.07967969149635844,-0.7042804640807814,1.0,0.0,0.0,0.0,0.0,0.0,0.0,0.0,1
-0.5981184585531893,-1.1877512029166668,1.4706916736076956,1.9230198448588685,-0.2388208581976477,1.8461820706137402,-1.0772921669385251,-0.9119448806476373,0.9997392901731718,-0.7042804640807814,1.0,0.0,0.0,0.0,0.0,0.0,1.0,3.0,0
-0.07160573095355072,0.995782222590802,-0.8212980345833181,1.7642946668063089,-1.4356772507463564,0.11916423093765023,1.7539430170227273,-0.47415085066235557,-0.2653861829663851,0.7127828439288392,1.0,0.0,0.0,0.0,0.0,0.0,1.0,0.0,1
-0.5229023546103838,0.08597662862935661,-0.15463005909581848,-0.6922348233857155,-1.6244025280846246,-0.9170464728680038,-1.0772921669385251,-0.9825377624144513,-1.1939186403165185,0.7127828439288392,1.0,0.0,0.0,0.0,0.0,0.0,1.0,0.0,1
0.15404258087486586,-0.36892616835136605,0.34599876861300727,-0.23391668791062672,0.9471295116642087,0.11916423093765023,0.949583114315208,0.06960873618671821,0.018976882097093247,-0.7042804640807814,0.0,1.0,0.0,1.0,0.0,0.0,0.0,0.0,1
-1.124631186152828,-0.6418678465397997,0.35556467414824117,1.100632769514972,1.1221141508329633,-1.2624500408032218,-1.0772921669385251,3.2227892193600636,-1.6988081640006536,2.1298461519384597,1.0,0.0,0.0,0.0,0.0,0.0,1.0,0.0,1
1.6583646597309762,0.9048016631946574,-1.1946734278327218,2.3775945646442493,-1.3359358519775792,0.8099713668080862,1.3281517415795823,-0.571197004538332,-1.3970351153618603,-0.7042804640807814,1.0,0.0,0.0,0.0,0.0,0.0,0.0,0.0,1
-1.1998472900956336,-0.9148095247282333,0.30428808664415236,-0.6922348233857155,1.4208358147213713,1.8461820706137402,-1.0772921669385251,-0.6678810458998459,0.8546560937122134,-0.7042804640807814,1.0,0.0,1.0,0.0,0.0,0.0,0.0,2.0,0
1.6583646597309762,2.997354529305982,-0.8961976753424263,-0.2493038675189031,0.6268381584618037,0.8099713668080862,0.6500002719435843,-0.2912649723053505,1.1564291423510067,-0.7042804640807814,1.0,0.0,0.0,0.0,0.0,0.0,1.0,3.0,0
0.9062036203029211,1.4506850195715246,0.031122748355663553,-0.6922348233857155,1.1917903299790638,1.8461820706137402,0.6137302238224467,-0.3714061893219414,-0.8341123130933419,0.7127828439288392,1.0,0.0,0.0,0.0,0.0,0.0,0.0,0.0,1
0.07882647693206032,0.995782222590802,1.5523360404625821,0.5839325841117342,-1.6981025306338153,0.11916423093765023,-1.0772921669385251,-1.1040741574001351,-0.33502611726764514,-0.7042804640807814,1.0,0.0,1.0,0.0,0.0,0.0,0.0,2.0,0
0.15404258087486586,0.7228405444023683,1.496874860713013,-0.6922348233857155,-1.0233571239694057,0.11916423093765023,0.9570399498664288,-0.5084753053227314,0.15825675069961326,-0.7042804640807814,1.0,0.0,1.0,0.0,0.0,0.0,0.0,1.0,0
-1.5007117058668558,-1.0967706435205222,-0.6065974728835068,-0.6922348233857155,-0.7844391938537058,-1.2624500408032218,-0.9479548456697118,0.4443570715487223,1.6381053546013884,-0.7042804640807814,0.0,1.0,0.0,0.0,0.0,0.0,1.0,3.0,1
1.5079324518453652,2.3604906135329697,-0.09674241341811082,0.7846950145170317,1.2280344411043898,0.8099713668080862,1.8331853170584398,0.06604478670227054,-0.5149292808792335,-0.7042804640807814,1.0,0.0,0.0,1.0,0.0,0.0,0.0,0.0,1
0.5301231005888934,-0.9148095247282333,0.59573447899266,-0.6922348233857155,0.2812788099950565,1.8461820706137402,-1.0772921669385251,-0.835462905882458,-1.408641771078737,2.1298461519384597,0.0,1.0,1.0,0.0,0.0,0.0,0.0,0.0,1
-1.3502794979812447,-1.0967706435205222,-0.3608293409462996,-0.6922348233857155,-1.3074447587231028,-1.2624500408032218,0.1577029715862119,-0.10887461633655739,-0.6251925101895618,-0.7042804640807814,0.0,1.0,0.0,0.0,1.0,0.0,0.0,0.0,1
1.3575002439597543,1.9965683759483919,0.9536138286543283,-0.6922348233857155,1.3908299960937212,0.11916423093765023,1.1498468726130127,0.23922986138235655,0.7850161594109534,-0.7042804640807814,0.0,0.0,1.0,0.0,0.0,0.0,0.0,1.0,0
-0.823766770381606,-0.45990672774751057,0.441305569676362,-0.6922348233857155,0.8689993829059468,0.11916423093765023,-1.0772921669385251,-0.3490695647456169,0.11763345569054492,-0.7042804640807814,1.0,0.0,0.0,0.0,0.0,0.0,1.0,0.0,0
0.3044747887604769,-0.005003930766787923,0.34855575733572475,-0.6922348233857155,1.0147219039047821,0.11916423093765023,0.6734743902588272,0.03560827693401948,-0.24217287153263178,-0.7042804640807814,0.0,1.0,0.0,0.0,0.0,1.0,0.0,1.0,1
-1.6511439137524666,-1.0057900841243779,-1.6773372868033407,-0.6922348233857155,-0.28733008677603056,-1.2624500408032218,-1.0772921669385251,1.1501334207897198,-0.4801093137286035,0.7127828439288392,0.0,1.0,1.0,0.0,0.0,0.0,0.0,2.0,1
0.9814197242457267,2.0875489353445364,-0.7643963864020088,2.1519558311381597,-0.019178550968023837,-0.9170464728680038,1.7349459827724374,0.7467781967851705,1.7077452889026485,-0.7042804640807814,1.0,0.0,0.0,0.0,0.0,1.0,0.0,3.0,0
-0.22203793883916176,-0.09598449016293245,-0.35068944962767584,-0.6922348233857155,-0.17346788346957068,1.8461820706137402,1.5350282216442095,-0.3923134223938083,1.6729253217520186,-0.7042804640807814,1.0,0.0,0.0,0.0,0.0,0.0,1.0,2.0,0
1.2070680360741433,-1.0057900841243779,0.7317408035078293,-0.155544362918543,-0.12514636203547133,-0.5716429049327858,1.6667815576316183,0.23261654335506593,-1.0372287881386835,2.1298461519384597,0.0,1.0,0.0,0.0,0.0,0.0,1.0,0.0,1
1.2070680360741433,2.4514711729291143,0.7379461402236001,2.5171673833541166,-1.586174423725416,-0.5716429049327858,-0.02526092823276054,-0.8138886234418442,1.231872404510705,-0.7042804640807814,0.0,0.0,0.0,0.0,0.0,0.0,0.0,3.0,0
-1.4254956019240501,-0.9148095247282333,1.154334298260069,-0.6922348233857155,1.07506499871233,0.11916423093765023,-0.14113418723028978,-0.10569183791996507,0.58770301222405,-0.7042804640807814,0.0,1.0,0.0,1.0,0.0,0.0,0.0,3.0,0
-1.275063394038439,-1.1877512029166668,0.8481246770500169,1.799117138338476,0.7091608094490309,-0.22623933699756776,-0.6256405858037468,-0.11969987466364981,1.1041991916250617,-0.7042804640807814,1.0,0.0,0.0,0.0,1.0,0.0,0.0,3.0,0
0.22925868481767137,-0.6418678465397997,1.672973699057015,-0.06584385265615117,-0.46464443296972174,1.8461820706137402,1.8428911342119088,-0.3750273144665674,1.6671219938935802,-0.7042804640807814,0.0,1.0,0.0,0.0,0.0,0.0,1.0,3.0,0
0.37969089270328243,-0.6418678465397997,0.330664699095653,-0.3364906306175666,-0.27249528227813025,-0.9170464728680038,1.4633769801996397,0.5074980589389638,0.8720660772875284,-0.7042804640807814,1.0,0.0,1.0,0.0,0.0,0.0,0.0,3.0,0
-1.5007117058668558,-1.0967706435205222,-0.46777940431162235,-0.6922348233857155,-1.0140905687452828,1.8461820706137402,-1.0772921669385251,-1.0259531470431777,-1.0836554110061902,2.1298461519384597,0.0,0.0,0.0,0.0,1.0,0.0,0.0,0.0,1
-0.974198978267217,-0.8238289653320887,-1.694283234205557,0.1602736898335055,-0.27100431730296687,-0.22623933699756776,-0.3937628275029868,-0.4347568207995034,1.4407922074144852,-0.7042804640807814,0.0,1.0,0.0,0.0,0.0,0.0,1.0,3.0,0
0.8309875163601156,1.9965683759483919,1.4010852825660947,-0.6922348233857155,-1.0870587510357481,0.8099713668080862,0.130416918937185,-0.7527678427112361,1.7077452889026485,-0.7042804640807814,0.0,1.0,0.0,0.0,1.0,0.0,0.0,2.0,0
-1.5007117058668558,-1.1877512029166668,0.08843483568619125,1.0731447810492676,-1.5268625301915268,-0.22623933699756776,-1.0772921669385251,-1.0298982675954806,-1.356411820352792,0.7127828439288392,1.0,0.0,0.0,0.0,1.0,0.0,0.0,0.0,1
-1.1998472900956336,-0.6418678465397997,-0.26012078326391996,-0.6922348233857155,0.7426320821265231,0.8099713668080862,-1.0772921669385251,-0.6041683019078213,1.1274125030588151,-0.7042804640807814,1.0,0.0,0.0,1.0,0.0,0.0,0.0,2.0,0
-1.275063394038439,-0.45990672774751057,1.235925197946092,-0.6922348233857155,-1.684306055528977,-1.2624500408032218,-1.0772921669385251,-0.9041689908633879,0.059600177106161584,-0.7042804640807814,1.0,0.0,0.0,0.0,0.0,1.0,0.0,1.0,0
-1.5759278098096612,-1.0057900841243779,0.5591409195968202,-0.6922348233857155,-0.6143931534114484,0.11916423093765023,-1.0772921669385251,-0.78535796901287,-0.22476288795731678,0.7127828439288392,1.0,0.0,1.0,0.0,0.0,0.0,0.0,0.0,1
0.9814197242457267,0.08597662862935661,-0.7842264157952851,1.766710475768853,1.482054480195609,-0.9170464728680038,-1.0772921669385251,1.3015536274952644,1.3421356338210335,-0.7042804640807814,0.0,0.0,0.0,1.0,0.0,0.0,0.0,2.0,1
1.3575002439597543,1.1777433413830911,-0.199490586336262,-0.6922348233857155,0.3336574193894609,-0.5716429049327858,0.6484373192120485,0.2587077029497658,-0.973392181695862,0.7127828439288392,0.0,1.0,0.0,0.0,0.0,0.0,0.0,1.0,1
1.5831485557881708,-0.45990672774751057,0.25323008550688875,-0.6922348233857155,0.8186974322976663,-0.9170464728680038,-1.0772921669385251,0.8138071290675368,-0.8921455916777252,0.7127828439288392,0.0,1.0,0.0,0.0,0.0,0.0,1.0,0.0,1
-0.14682183489635625,0.3589183068177902,-1.0040047859733587,0.3556495191736709,-1.6444681842045523,1.8461820706137402,-1.0772921669385251,-1.1186539507456028,0.7037695693928167,-0.7042804640807814,1.0,0.0,1.0,0.0,0.0,0.0,0.0,1.0,0
0.45490699664608797,0.3589183068177902,-0.7825846591984111,-0.6922348233857155,-1.2593489610701039,-0.9170464728680038,0.8665825691616803,-0.3346041227205057,-0.16672960937293343,-0.7042804640807814,0.0,1.0,0.0,0.0,0.0,1.0,0.0,1.0,1
-0.5981184585531893,-1.1877512029166668,0.5847548386101179,2.2445618413690167,-1.1232387090864453,0.11916423093765023,0.984138090259565,-0.5325462582577978,0.465833127196845,-0.7042804640807814,1.0,0.0,0.0,0.0,0.0,0.0,0.0,2.0,0
-1.0494150822100226,-0.9148095247282333,-1.5722853079326797,-0.6922348233857155,-1.7165667359278305,-0.5716429049327858,1.0522309297790922,-0.6674426991718122,-0.5497492480298635,0.7127828439288392,1.0,0.0,0.0,0.0,0.0,0.0,1.0,2.0,1
1.2822841400169487,0.6318599850062238,1.2330143823706,-0.6922348233857155,0.33909261043437916,-0.22623933699756776,1.530724136164045,0.16526361566502257,0.5064564222059134,0.7127828439288392,1.0,0.0,0.0,1.0,0.0,0.0,0.0,2.0,1
1.2070680360741433,2.542451732325259,-1.5308482520633038,-0.6922348233857155,0.45895075017880677,-0.22623933699756776,-1.0772921669385251,-0.2998413213320963,-0.2944028222585768,-0.7042804640807814,1.0,0.0,0.0,1.0,0.0,0.0,0.0,1.0,1
0.9814197242457267,-0.9148095247282333,-0.5326476606536245,1.7963422226382566,-0.2738139843677169,1.8461820706137402,0.27383572846092363,-0.6533012525543781,-0.0042364293366600895,-0.7042804640807814,1.0,0.0,1.0,0.0,0.0,0.0,0.0,2.0,0
-0.974198978267217,-0.2779456089552215,1.1944504005457535,2.381805907295171,-1.2274565668404143,-0.9170464728680038,-1.0772921669385251,-0.6906750757575968,1.4930221581404302,-0.7042804640807814,1.0,0.0,0.0,0.0,0.0,0.0,0.0,3.0,0
-0.14682183489635625,-0.7328484059359441,1.2075262684605108,-0.6922348233857155,-0.7851710141124313,-0.22623933699756776,1.115965994602486,-0.3290199665764246,-0.7818823623673968,2.1298461519384597,1.0,0.0,0.0,1.0,0.0,0.0,0.0,1.0,1
0.45490699664608797,-0.7328484059359441,1.6701352214158678,-0.6922348233857155,0.7582093990622538,0.11916423093765023,0.14292948899213337,-0.14342777363764642,-1.495691688955312,2.1298461519384597,0.0,1.0,0.0,0.0,0.0,1.0,0.0,0.0,1
1.5079324518453652,-0.2779456089552215,-0.8310620831561056,-0.18185709297003683,0.2993592848612009,-0.5716429049327858,-1.0772921669385251,-0.09501904802001479,0.8952793887212817,-0.7042804640807814,0.0,1.0,1.0,0.0,0.0,0.0,0.0,3.0,0
-1.124631186152828,-0.9148095247282333,-1.7615622308377963,-0.6922348233857155,-0.530150662264967,-1.2624500408032218,0.512099520727749,1.1033446722104736,1.4756121745651152,-0.7042804640807814,0.0,1.0,0.0,0.0,0.0,0.0,1.0,2.0,0
0.6805553084745045,1.5416655789676692,1.2079084014615074,-0.6922348233857155,-1.3957134493124757,0.11916423093765023,1.7116239839024394,-0.47064407683808623,1.4988254859988686,-0.7042804640807814,1.0,0.0,0.0,0.0,0.0,0.0,0.0,3.0,0
0.9814197242457267,-0.005003930766787923,-1.4622058426250397,-0.160441272977754,1.4638421351205058,-0.5716429049327858,-0.9460309820974969,0.501399321853278,1.6787286496104568,-0.7042804640807814,0.0,1.0,0.0,1.0,0.0,0.0,0.0,2.0,0
-0.07160573095355072,-1.0967706435205222,-1.0666635901902575,-0.6922348233857155,-0.9031853469712386,-0.9170464728680038,1.0196564893571396,-0.04285578738400782,1.6497120103182652,-0.7042804640807814,0.0,0.0,0.0,0.0,1.0,0.0,0.0,3.0,0
0.5301231005888934,0.9048016631946574,-1.5484704018952669,1.232969043359561,-0.18278789958921737,-0.5716429049327858,-1.0772921669385251,-0.33136416864373514,0.7850161594109534,-0.7042804640807814,0.0,1.0,0.0,0.0,0.0,0.0,1.0,1.0,0
-0.29725404278196726,-0.9148095247282333,0.02514700595324881,1.8860209688559408,0.82288639046693,-0.9170464728680038,-0.8654882099416514,0.8582326170260798,-1.1068687224399436,0.7127828439288392,1.0,0.0,0.0,0.0,1.0,0.0,0.0,0.0,1
-1.275063394038439,-0.8238289653320887,1.0318991992535416,-0.6922348233857155,-0.21434527220695795,-0.5716429049327858,0.9018056775714266,0.03955339748632253,0.3497665700280783,2.1298461519384597,1.0,0.0,0.0,0.0,0.0,0.0,0.0,2.0,1
0.8309875163601156,1.6326461383638138,1.4636009834780936,-0.6922348233857155,1.2452369692640435,-0.9170464728680038,-0.44209803554599963,1.2514486906256763,-1.7452347868681604,-0.7042804640807814,0.0,1.0,0.0,0.0,1.0,0.0,0.0,0.0,1
-0.6733345624959949,-0.005003930766787923,0.9460718127169648,1.5202653155222938,1.001121452083531,1.8461820706137402,0.9561451296002823,-0.3326029746142651,-0.5555525758883019,-0.7042804640807814,0.0,1.0,0.0,0.0,1.0,0.0,0.0,1.0,0
-0.22203793883916176,0.3589183068177902,0.3516757238953013,-0.6922348233857155,-1.2241431793378401,0.8099713668080862,1.218172365401738,-0.5691767978786986,1.6264986988845118,-0.7042804640807814,1.0,0.0,1.0,0.0,0.0,0.0,0.0,3.0,0
-0.823766770381606,-0.005003930766787923,0.444101588095176,-0.6922348233857155,0.5959745894659718,-0.22623933699756776,0.4584699594433695,0.05035959726002218,-0.8283089852349036,0.7127828439288392,1.0,0.0,0.0,1.0,0.0,0.0,0.0,0.0,1
-0.07160573095355072,-0.005003930766787923,-1.4153528770625279,-0.6922348233857155,-0.2997769712738685,0.11916423093765023,0.6889189880525156,-0.34800228575562187,1.4291855516976084,-0.7042804640807814,1.0,0.0,0.0,0.0,1.0,0.0,0.0,3.0,0
1.5831485557881708,0.8138211037985129,-1.3481367829818929,-0.6922348233857155,-0.3938728994753339,1.8461820706137402,0.12614564353344573,-0.6997850642793401,1.42338222383917,-0.7042804640807814,1.0,0.0,0.0,1.0,0.0,0.0,0.0,2.0,0
1.2070680360741433,2.2695100541368256,-1.0141808462591548,-0.6922348233857155,-0.2552416692627537,0.8099713668080862,-1.0772921669385251,-0.8137933306748804,-0.13771297008074176,-0.7042804640807814,1.0,0.0,1.0,0.0,0.0,0.0,0.0,1.0,0
0.07882647693206032,-0.36892616835136605,-0.35924734177344975,-0.6922348233857155,-0.919307965041312,-1.2624500408032218,-1.0772921669385251,0.22078118169815678,-0.5555525758883019,2.1298461519384597,1.0,0.0,1.0,0.0,0.0,0.0,0.0,1.0,1
0.605339204531699,-0.36892616835136605,-0.5302652265116091,2.2837588858874125,0.8178123574717725,-0.5716429049327858,1.67919271472307,0.6972640750707583,-1.1707053288827654,2.1298461519384597,0.0,0.0,1.0,0.0,0.0,0.0,0.0,0.0,1
-0.6733345624959949,0.08597662862935661,0.7715927150767753,-0.6922348233857155,0.8114196223870282,-1.2624500408032218,-0.9097579512421388,2.7986029964972183,-1.2345419353255869,0.7127828439288392,0.0,1.0,0.0,1.0,0.0,0.0,0.0,0.0,1
0.8309875163601156,0.5408794256100793,-1.6365890138740327,-0.6922348233857155,-0.23599931093389234,0.8099713668080862,-0.4452567510854967,-0.6863678426908312,-0.05066305220416676,-0.7042804640807814,0.0,1.0,0.0,0.0,0.0,1.0,0.0,1.0,1
1.5079324518453652,-0.36892616835136605,-0.7460508572265956,-0.3875599615239605,1.3127010553553597,0.11916423093765023,0.6493589840861793,0.11853204274595458,0.32655325859432494,-0.7042804640807814,1.0,0.0,0.0,0.0,0.0,0.0,0.0,2.0,0
1.0566358281885322,-0.8238289653320887,0.2689226995683879,-0.6922348233857155,-0.10347450301002903,0.11916423093765023,-0.9567867216965776,-0.6115630206242154,1.0461659130406784,-0.7042804640807814,1.0,0.0,0.0,0.0,0.0,0.0,1.0,2.0,0
-1.1998472900956336,-1.0967706435205222,1.0280212569471325,2.069034820802187,1.2796657859813616,-0.5716429049327858,-0.42773617027434846,0.5123198729473343,1.4175788959807318,-0.7042804640807814,1.0,0.0,1.0,0.0,0.0,0.0,0.0,3.0,0
1.0566358281885322,1.4506850195715246,-1.1433370829046088,-0.6922348233857155,1.619314735442979,0.8099713668080862,-1.0772921669385251,-0.4200055004735007,1.04036258518224,-0.7042804640807814,1.0,0.0,0.0,0.0,1.0,0.0,0.0,3.0,0
-0.974198978267217,-0.36892616835136605,-0.08279849029121306,-0.6922348233857155,0.16230455705662214,-0.9170464728680038,-1.0772921669385251,0.33118738150246385,0.21048670142555828,0.7127828439288392,0.0,1.0,0.0,0.0,1.0,0.0,0.0,0.0,1
0.6805553084745045,1.5416655789676692,-1.0402838326111765,2.1569289153538476,-0.9402919605443482,-0.5716429049327858,-0.649025222092375,-0.6190720906609661,1.2666923716613352,-0.7042804640807814,1.0,0.0,1.0,0.0,0.0,0.0,0.0,3.0,0
-0.14682183489635625,-1.0057900841243779,0.2078490396519191,-0.6922348233857155,0.2058538025502982,0.11916423093765023,-0.2852927148407095,-0.3894927564916786,1.5046288138573067,-0.7042804640807814,1.0,0.0,0.0,0.0,0.0,0.0,1.0,3.0,0
0.15404258087486586,-0.6418678465397997,1.0589079823486662,-0.6922348233857155,0.37794917732096733,0.11916423093765023,-0.3088652633852285,-0.3434854086015358,-0.7238490837830135,0.7127828439288392,1.0,0.0,1.0,0.0,0.0,0.0,0.0,1.0,1
0.6805553084745045,1.4506850195715246,0.36126679045117693,-0.6922348233857155,0.427093996546133,-0.9170464728680038,-1.0772921669385251,0.5258705044095925,-1.339001836777477,0.7127828439288392,1.0,0.0,1.0,0.0,0.0,0.0,0.0,0.0,1
0.15404258087486586,0.6318599850062238,-1.3793395937052384,0.31796507576245375,1.102536770892153,1.8461820706137402,-1.0772921669385251,-0.714688853032485,-0.8805389359608485,0.7127828439288392,1.0,0.0,0.0,0.0,1.0,0.0,0.0,0.0,1
0.15404258087486586,0.08597662862935661,-0.49428496699391195,1.3316907501532549,-0.2978250545773,0.11916423093765023,1.9029246258676766,-0.11041835916137162,0.83144278227846,-0.7042804640807814,0.0,1.0,0.0,0.0,1.0,0.0,0.0,2.0,0
-1.275063394038439,-0.45990672774751057,0.8811437989509385,-0.6922348233857155,-0.32548453390140636,-1.2624500408032218,-1.0772921669385251,1.09402503960141,-1.4376584103709287,-0.7042804640807814,1.0,0.0,1.0,0.0,0.0,0.0,0.0,0.0,1
-1.124631186152828,-1.1877512029166668,-0.23325982116506572,-0.6922348233857155,1.1493554471520835,-0.22623933699756776,0.14975696762283108,0.1935465088998908,0.65734294652531,-0.7042804640807814,0.0,1.0,0.0,0.0,1.0,0.0,0.0,2.0,0
-0.6733345624959949,0.17695718802550114,-0.867592740000341,1.7196348470663045,0.0039022996594453596,1.8461820706137402,1.6821217597275897,-0.33752008138959927,-1.008212148846492,-0.7042804640807814,0.0,1.0,0.0,0.0,0.0,0.0,1.0,1.0,1
-0.974198978267217,-0.5508872871436551,1.0957562970785035,-0.6922348233857155,-1.114822776111101,-1.2624500408032218,0.25317432851560123,0.19303192795828605,0.953312667305665,-0.7042804640807814,0.0,1.0,0.0,0.0,0.0,1.0,0.0,2.0,0
0.37969089270328243,0.08597662862935661,1.5751397879829547,-0.6922348233857155,0.45115852765123987,-0.22623933699756776,0.2810599107429463,-0.03751939243403268,-1.7104148197175304,0.7127828439288392,0.0,1.0,1.0,0.0,0.0,0.0,0.0,0.0,1
0.75577141241731,1.9055878165522473,0.6355989710719268,-0.2585644685419888,1.039660817656678,-0.22623933699756776,0.7673947253935626,0.2738020772368383,1.1100025194835001,-0.7042804640807814,1.0,0.0,0.0,0.0,1.0,0.0,0.0,2.0,0
-0.974198978267217,-0.45990672774751057,0.058137821705948514,-0.6922348233857155,-1.4015454390041704,0.11916423093765023,0.430184690830479,-0.7225600355836983,-1.2925752139099702,0.7127828439288392,0.0,1.0,0.0,0.0,0.0,0.0,0.0,0.0,1
-0.22203793883916176,-0.2779456089552215,-1.7137405659805773,-0.6922348233857155,0.7631753222464632,-0.22623933699756776,-1.0772921669385251,-0.18800573002333157,0.7501961922603233,-0.7042804640807814,0.0,1.0,0.0,0.0,0.0,0.0,0.0,2.0,0
-0.29725404278196726,0.5408794256100793,0.22072833709291298,-0.6922348233857155,1.0175196907705268,-0.5716429049327858,0.7607402453476532,0.6158459349768519,-0.7470623952167669,0.7127828439288392,1.0,0.0,0.0,1.0,0.0,0.0,0.0,0.0,1
1.2822841400169487,1.6326461383638138,-1.2406441851089824,-0.036081521518502045,-0.40688409342592285,-0.5716429049327858,-0.1866894869798075,-0.2673464877974262,-0.22476288795731678,-0.7042804640807814,1.0,0.0,0.0,0.0,0.0,1.0,0.0,2.0,1
1.1318519321313376,1.35970446017538,0.6540467168936971,-0.6922348233857155,-0.4895821587017171,1.8461820706137402,-0.4819622784028257,-0.8326041228735428,1.3827589288301019,-0.7042804640807814,0.0,1.0,0.0,0.0,1.0,0.0,0.0,2.0,0
-1.275063394038439,-1.0057900841243779,1.48631509486243,-0.6922348233857155,0.2663026311289933,1.8461820706137402,0.32926686121447807,-0.5630590022396199,-0.7586690509336436,0.7127828439288392,0.0,0.0,0.0,0.0,0.0,0.0,1.0,0.0,1
-1.4254956019240501,-0.6418678465397997,-1.0197886087346841,2.1727513758562758,0.19552990961470484,-0.22623933699756776,1.3058438723445505,0.06857957430350872,1.4117755681222934,-0.7042804640807814,0.0,1.0,1.0,0.0,0.0,0.0,0.0,3.0,0
0.605339204531699,1.8146072571561027,1.0825593417519077,2.086065185785887,0.1121130922990908,0.8099713668080862,-1.0772921669385251,-0.7366252479875613,-1.5072983446721886,-0.7042804640807814,1.0,0.0,1.0,0.0,0.0,0.0,0.0,0.0,1
0.37969089270328243,0.6318599850062238,0.013090159374482014,1.0492152138932564,-1.3016769221060367,-0.5716429049327858,0.3947080500119912,-0.5924472915712687,-0.31761613369233016,0.7127828439288392,0.0,1.0,0.0,0.0,1.0,0.0,0.0,1.0,1
0.8309875163601156,-0.186965049559077,0.28140256580669404,-0.6922348233857155,1.5611338368543932,-1.2624500408032218,-0.7419016002499395,3.933844787890858,1.3653489452547867,-0.7042804640807814,1.0,0.0,0.0,1.0,0.0,0.0,0.0,3.0,0
0.003610372989254802,-0.36892616835136605,-0.12340680504320145,-0.339385248563678,1.2950233192354945,-1.2624500408032218,-1.0772921669385251,3.477049380172986,-0.4626993301532885,2.1298461519384597,1.0,0.0,0.0,1.0,0.0,0.0,0.0,1.0,1
-1.275063394038439,-1.0057900841243779,0.6948846259590414,-0.6922348233857155,1.4370796108212986,0.11916423093765023,-1.0772921669385251,-0.18200228570460955,-0.6600124773401919,0.7127828439288392,0.0,1.0,0.0,0.0,0.0,1.0,0.0,0.0,1
1.3575002439597543,0.3589183068177902,1.0314368654992496,-0.6922348233857155,1.5351102609333147,1.8461820706137402,1.3943684412744224,-0.16850882990252955,-1.3157885253437236,0.7127828439288392,1.0,0.0,1.0,0.0,0.0,0.0,0.0,1.0,1
-0.07160573095355072,-0.45990672774751057,-0.03918657870011621,-0.0786628749889302,0.6588267823034362,-0.9170464728680038,0.9713630395932136,1.0962167732415782,1.1680357980678835,-0.7042804640807814,0.0,0.0,0.0,0.0,0.0,0.0,0.0,3.0,1
0.37969089270328243,0.6318599850062238,-1.084062435964025,-0.6922348233857155,-0.5008243910204191,-1.2624500408032218,0.7394852812924536,1.1908806079434586,-0.2653861829663851,0.7127828439288392,1.0,0.0,0.0,1.0,0.0,0.0,0.0,2.0,1
-0.974198978267217,-1.1877512029166668,-1.5353080429720534,-0.6922348233857155,-0.46375104200452427,-0.9170464728680038,0.17646735256730375,0.11563514263025379,1.6613186660351418,-0.7042804640807814,0.0,1.0,0.0,0.0,1.0,0.0,0.0,3.0,0
0.605339204531699,-0.8238289653320887,-0.29522197962294616,2.2757388354126604,-1.1874345524314076,0.11916423093765023,-1.0772921669385251,-0.9538927566651205,0.37878320932027,-0.7042804640807814,1.0,0.0,0.0,0.0,0.0,0.0,0.0,2.0,0
1.3575002439597543,2.542451732325259,-1.1868436327217684,1.4655613891497299,-1.3904719055113435,1.8461820706137402,-1.0772921669385251,-1.081299186095777,-0.03325306862885176,-0.7042804640807814,0.0,0.0,0.0,0.0,0.0,0.0,1.0,2.0,0
0.15404258087486586,-0.36892616835136605,0.7881911258813773,-0.6922348233857155,1.3509303477344687,0.8099713668080862,1.721150837002679,0.06997084870118081,0.848852765853775,-0.7042804640807814,0.0,1.0,1.0,0.0,0.0,0.0,0.0,2.0,0
-1.5007117058668558,-0.7328484059359441,-0.2118619456730506,-0.6922348233857155,-1.4774943632250617,1.8461820706137402,0.5153566664965222,-0.7831471768193089,1.4175788959807318,-0.7042804640807814,1.0,0.0,0.0,0.0,0.0,0.0,0.0,2.0,0
-1.5759278098096612,-1.1877512029166668,0.44266269222722615,-0.6922348233857155,-1.578040051466497,-0.22623933699756776,0.9975305669095574,-0.6436385659842445,1.35374228953791,-0.7042804640807814,1.0,0.0,0.0,1.0,0.0,0.0,0.0,3.0,0
-0.974198978267217,-0.9148095247282333,-1.3097457831739583,0.33322167110248446,0.6447404303428689,0.8099713668080862,1.8237509287190352,-0.05835039129232849,-1.4840850332384352,0.7127828439288392,0.0,1.0,0.0,1.0,0.0,0.0,0.0,0.0,1
-0.823766770381606,0.08597662862935661,0.24227403358119834,-0.6922348233857155,-1.306582256275319,-0.22623933699756776,0.8010906738824188,-0.5821937898459594,-1.373821803928107,2.1298461519384597,0.0,1.0,0.0,0.0,0.0,0.0,0.0,1.0,1
1.2070680360741433,0.08597662862935661,-1.3686037007101632,-0.6922348233857155,0.33239455423519904,-0.5716429049327858,-0.033382913515150166,0.12495477523931751,-1.0372287881386835,2.1298461519384597,0.0,1.0,0.0,0.0,1.0,0.0,0.0,0.0,1
-0.14682183489635625,-0.6418678465397997,-1.4841855667193953,-0.6922348233857155,-0.11959474504030129,-1.2624500408032218,1.321864137842793,1.8652103440863883,0.7153762251096933,-0.7042804640807814,0.0,1.0,0.0,1.0,0.0,0.0,0.0,3.0,0
0.9814197242457267,0.17695718802550114,-1.5164231244166326,1.6713404318601301,-1.0053087256405757,-1.2624500408032218,-1.024873595747664,0.1045430645556626,-0.6890291166323835,2.1298461519384597,1.0,0.0,0.0,0.0,0.0,0.0,1.0,0.0,1
-0.29725404278196726,0.17695718802550114,-0.9479067178887952,1.071251309159706,0.8151167403174732,-0.22623933699756776,-0.5015439285603313,-0.056501711613229956,-1.530511656105942,0.7127828439288392,1.0,0.0,0.0,0.0,0.0,0.0,1.0,0.0,1
-1.275063394038439,-0.8238289653320887,0.5095108063809757,-0.6922348233857155,0.9876421782921336,-0.9170464728680038,0.6107952133494862,1.2676103439027437,-1.1881153124580803,0.7127828439288392,0.0,1.0,0.0,0.0,0.0,1.0,0.0,0.0,1
0.75577141241731,-0.005003930766787923,0.03839271075733812,0.16827197626355017,-1.0478434021392002,0.8099713668080862,-0.5477971881174433,-0.8769343180651219,-1.495691688955312,-0.7042804640807814,1.0,0.0,0.0,0.0,0.0,0.0,1.0,0.0,1
0.37969089270328243,0.5408794256100793,1.204010015825827,-0.17531699753540167,0.886241115722318,-0.9170464728680038,-1.0772921669385251,0.8634737192090911,1.1274125030588151,-0.7042804640807814,1.0,0.0,0.0,0.0,0.0,1.0,0.0,3.0,0
-0.5229023546103838,0.44989886621393477,0.3651856194161289,-0.6922348233857155,1.5813182949643736,-0.5716429049327858,-1.0772921669385251,0.5333605158929505,0.1814700621333666,-0.7042804640807814,0.0,1.0,0.0,0.0,0.0,1.0,0.0,1.0,1
-0.7485506664388004,-0.5508872871436551,-1.2998779453910234,-0.6922348233857155,0.622381895814921,-1.2624500408032218,1.854616262432648,3.0603150516867133,0.9475093394472267,-0.7042804640807814,1.0,0.0,0.0,0.0,0.0,0.0,1.0,3.0,0
-1.0494150822100226,-0.9148095247282333,0.5803280715409607,-0.6922348233857155,-0.7837822188487135,-0.5716429049327858,0.731106780867102,-0.2729115853881146,-1.3970351153618603,0.7127828439288392,1.0,0.0,0.0,0.0,0.0,1.0,0.0,1.0,1
0.5301231005888934,0.7228405444023683,-0.33475308817870975,-0.6922348233857155,1.2164856996513513,-0.9170464728680038,-1.0772921669385251,1.1062796894329598,-0.7412590673583285,0.7127828439288392,1.0,0.0,0.0,0.0,1.0,0.0,0.0,0.0,1
-1.275063394038439,-0.45990672774751057,1.441893312919427,-0.6922348233857155,-0.7128657469264611,0.11916423093765023,-1.0772921669385251,-0.8143079116164851,-0.09708967507167343,-0.7042804640807814,1.0,0.0,0.0,0.0,0.0,0.0,1.0,1.0,0
-0.5229023546103838,0.44989886621393477,-0.31791407511422104,-0.6922348233857155,1.1573674533612484,-0.9170464728680038,-1.0772921669385251,1.062826187697448,0.72698288082657,-0.7042804640807814,1.0,0.0,0.0,0.0,0.0,0.0,0.0,1.0,0
0.605339204531699,1.7236266977599581,-1.563110970781183,-0.6922348233857155,0.17348263630069552,-0.22623933699756776,-1.0772921669385251,-0.4047967748660716,0.93590268373035,-0.7042804640807814,0.0,1.0,0.0,0.0,1.0,0.0,0.0,3.0,0
0.9814197242457267,1.1777433413830911,-0.34693573986068527,1.2129787682956263,-0.6001535468837128,0.8099713668080862,1.0450246439023925,-0.4719019413620089,0.059600177106161584,-0.7042804640807814,0.0,1.0,0.0,1.0,0.0,0.0,0.0,1.0,0
1.1318519321313376,1.4506850195715246,1.2740126929425353,-0.6922348233857155,1.712280856719042,-0.22623933699756776,-1.0772921669385251,0.1609182654914714,0.44842314362152996,-0.7042804640807814,1.0,0.0,0.0,0.0,0.0,1.0,0.0,2.0,0
1.3575002439597543,0.7228405444023683,-1.5690882857473878,1.0646350395685942,1.6869677166984796,0.11916423093765023,-0.3995910901698209,0.0237919738305031,-1.2751652303346552,0.7127828439288392,1.0,0.0,0.0,0.0,0.0,0.0,0.0,0.0,1
0.75577141241731,0.9048016631946574,-1.4447676827565195,1.611206376333019,0.527432969324876,0.11916423093765023,-0.49929494695808313,-0.33668150504031746,1.5684654203001285,-0.7042804640807814,0.0,0.0,0.0,1.0,0.0,0.0,0.0,3.0,1
-0.6733345624959949,-0.2779456089552215,-0.21088852868697305,-0.6922348233857155,1.4427227053488094,-0.22623933699756776,-1.0772921669385251,0.06183284640246873,1.6961386331857717,-0.7042804640807814,1.0,0.0,0.0,0.0,1.0,0.0,0.0,2.0,0
-0.5981184585531893,-0.45990672774751057,1.5365600805202073,-0.6922348233857155,-0.4103899401523827,-1.2624500408032218,0.3675025311869175,1.2512390465383558,1.1332158309172533,-0.7042804640807814,1.0,0.0,0.0,1.0,0.0,0.0,0.0,3.0,0
0.605339204531699,0.44989886621393477,1.1962981629991316,-0.6922348233857155,1.5636488749838122,0.8099713668080862,1.7172881961871467,0.11391987282490464,0.9649193230225417,-0.7042804640807814,0.0,1.0,0.0,1.0,0.0,0.0,0.0,3.0,0
-0.823766770381606,-1.0967706435205222,-1.063515317482459,0.164539442596196,1.682120595504323,-0.9170464728680038,-0.40862877485790045,1.5791795747677209,1.3421356338210335,-0.7042804640807814,1.0,0.0,0.0,0.0,0.0,0.0,1.0,2.0,0
-0.29725404278196726,0.7228405444023683,-0.9140384115412146,-0.6922348233857155,0.3020905426125161,-0.22623933699756776,-0.13571157641744205,-0.17369275642536255,-0.6309958380480002,-0.7042804640807814,1.0,0.0,0.0,0.0,1.0,0.0,0.0,0.0,1
0.8309875163601156,1.1777433413830911,0.47612842224453883,-0.6922348233857155,-0.16542380072309168,-0.22623933699756776,0.6106938003859895,-0.19984109168024072,1.5046288138573067,-0.7042804640807814,0.0,1.0,0.0,0.0,0.0,0.0,0.0,3.0,0
1.0566358281885322,0.5408794256100793,-0.6521200494795864,-0.6922348233857155,-0.6613460759201388,-0.22623933699756776,-1.0772921669385251,-0.711715718703213,-1.4724783775215586,-0.7042804640807814,1.0,0.0,1.0,0.0,0.0,0.0,0.0,0.0,1
1.2822841400169487,1.9055878165522473,0.09656656304484562,0.5258769948541993,1.6610783870261607,0.8099713668080862,-0.6817935402386593,-0.33401330756532993,-1.5072983446721886,2.1298461519384597,0.0,0.0,0.0,0.0,0.0,1.0,0.0,0.0,1
-0.44768625066757833,-0.6418678465397997,-1.5560627398739137,-0.6922348233857155,-0.07802117664120427,-0.9170464728680038,-0.5389235538114906,0.25958439640583314,1.4175788959807318,-0.7042804640807814,1.0,0.0,1.0,0.0,0.0,0.0,0.0,3.0,0
0.22925868481767137,0.995782222590802,-0.8259402428917202,-0.6922348233857155,-0.19576226492288995,-0.9170464728680038,-1.0772921669385251,0.06791252493476184,1.4930221581404302,-0.7042804640807814,0.0,0.0,0.0,1.0,0.0,0.0,0.0,2.0,0
1.4327163479025598,1.5416655789676692,0.12678023114421258,-0.6922348233857155,1.067454543229544,0.8099713668080862,-1.0772921669385251,-0.5359386807617106,0.8720660772875284,-0.7042804640807814,0.0,1.0,0.0,0.0,0.0,1.0,0.0,3.0,0
0.605339204531699,-0.45990672774751057,-1.0139732678388604,1.8168221887081124,1.2856783546979367,1.8461820706137402,-0.7582201391702309,-0.6254757646009363,0.18727338999180493,-0.7042804640807814,0.0,0.0,0.0,0.0,0.0,1.0,0.0,1.0,1
0.8309875163601156,0.3589183068177902,-0.49396101885314947,2.066880180376134,1.5823685045564408,0.8099713668080862,-1.0772921669385251,-0.42776233170435746,0.58770301222405,-0.7042804640807814,1.0,0.0,0.0,1.0,0.0,0.0,0.0,3.0,0
1.2070680360741433,-0.9148095247282333,0.5966497111185035,1.9652203275469136,0.05045367144175713,-0.22623933699756776,0.031315574461461416,-0.23359378973883346,0.3323565864527633,-0.7042804640807814,0.0,1.0,1.0,0.0,0.0,0.0,0.0,2.0,0
-1.275063394038439,-0.5508872871436551,0.9564177098920928,-0.6922348233857155,-0.35314282520561213,-0.9170464728680038,-1.0772921669385251,-0.04781101126612759,0.7676061758356384,-0.7042804640807814,1.0,0.0,0.0,0.0,1.0,0.0,0.0,2.0,0
-1.0494150822100226,-0.36892616835136605,-1.217110767989999,1.2554295374978088,0.573575662261406,1.8461820706137402,-1.0772921669385251,-0.7924668094283726,-1.3622151482112304,2.1298461519384597,0.0,1.0,0.0,0.0,0.0,0.0,0.0,0.0,1
-1.275063394038439,-0.8238289653320887,0.9491902067127512,2.1619346456365967,1.0384977461740605,1.8461820706137402,1.5556031222971376,-0.21007553485215733,0.5122597500643516,-0.7042804640807814,1.0,0.0,0.0,0.0,0.0,1.0,0.0,2.0,0
1.1318519321313376,1.9965683759483919,1.2719746502705538,-0.4606436236520963,-1.0238929209445442,-0.5716429049327858,-1.0772921669385251,-0.7436578541894928,1.0519692408991168,-0.7042804640807814,1.0,0.0,1.0,0.0,0.0,0.0,0.0,3.0,0
0.3044747887604769,1.4506850195715246,-0.17053811439656255,1.1070096346143001,0.6654464291891814,-1.2624500408032218,-1.0772921669385251,2.551242032012478,1.7019419610442101,-0.7042804640807814,1.0,0.0,0.0,0.0,0.0,0.0,0.0,3.0,0
-0.44768625066757833,0.17695718802550114,-0.996113660874591,-0.37450153469939784,-0.4981299618860202,-0.9170464728680038,-0.047625469417981764,0.046605062241646816,0.9881326344562951,-0.7042804640807814,0.0,1.0,0.0,0.0,0.0,0.0,0.0,2.0,0
0.003610372989254802,-0.45990672774751057,0.5973007525276087,-0.6922348233857155,-0.017541459545095457,-1.2624500408032218,0.9509163965117663,1.9428548906085266,-1.2983785417684086,0.7127828439288392,1.0,0.0,1.0,0.0,0.0,0.0,0.0,0.0,1
-1.1998472900956336,-1.0057900841243779,0.34298888151873835,-0.6922348233857155,1.6217525522788638,1.8461820706137402,1.135511851949346,-0.20632099983378197,0.4019965207540233,-0.7042804640807814,1.0,0.0,1.0,0.0,0.0,0.0,0.0,2.0,0
-1.6511439137524666,-1.0057900841243779,0.6754650357149836,-0.6922348233857155,0.26155292756667997,-0.5716429049327858,-0.5640769514928684,-0.013372205285395181,1.2376757323691434,-0.7042804640807814,1.0,0.0,0.0,0.0,0.0,1.0,0.0,3.0,0
0.9814197242457267,1.8146072571561027,-1.0331616912057722,-0.6922348233857155,-1.4106848760989368,-1.2624500408032218,-1.0772921669385251,-0.5018048116352625,1.0983958637666233,-0.7042804640807814,0.0,1.0,0.0,0.0,0.0,1.0,0.0,3.0,0
-1.0494150822100226,-0.36892616835136605,1.6655417625849591,-0.6922348233857155,-0.08699904302949872,-0.9170464728680038,1.2809261106665912,0.6082796892799229,-1.0488354438555603,0.7127828439288392,0.0,1.0,0.0,0.0,1.0,0.0,0.0,0.0,1
1.6583646597309762,-0.45990672774751057,-0.4007944771081333,-0.026135353087126802,0.325386424841981,0.8099713668080862,1.3754787854560702,-0.21295337641446535,1.1216091752003767,-0.7042804640807814,1.0,0.0,0.0,1.0,0.0,0.0,0.0,3.0,0
-0.7485506664388004,-1.0967706435205222,1.3091123167377714,0.9689167709445498,-1.575713908501262,-1.2624500408032218,1.3124834387193574,-0.2779049263770199,-1.182311984599642,2.1298461519384597,1.0,0.0,1.0,0.0,0.0,0.0,0.0,0.0,1
1.1318519321313376,-0.186965049559077,0.5337849010451005,0.35584539557603934,-0.4092423129284721,0.11916423093765023,1.6270843478911396,-0.19702042577811102,1.2202657487938284,-0.7042804640807814,0.0,0.0,1.0,0.0,0.0,0.0,0.0,3.0,0
-0.5229023546103838,-1.0057900841243779,-1.1311827373708554,-0.6922348233857155,-1.7216989818981139,0.11916423093765023,-1.0772921669385251,-1.1110305293884957,-0.07967969149635844,-0.7042804640807814,1.0,0.0,0.0,0.0,0.0,1.0,0.0,0.0,1
-1.1998472900956336,-0.45990672774751057,1.3462688539704701,0.5816038313280205,0.39943689326182774,0.8099713668080862,0.062285303872791374,-0.453796315638879,0.500653094347475,-0.7042804640807814,0.0,0.0,0.0,1.0,0.0,0.0,0.0,2.0,0
-1.124631186152828,-0.7328484059359441,-0.9695216071838454,-0.6922348233857155,0.7983775399190255,-0.9170464728680038,-1.0772921669385251,0.7988652232076064,-0.0390563964872901,-0.7042804640807814,0.0,1.0,0.0,0.0,0.0,0.0,1.0,2.0,1
0.6805553084745045,0.44989886621393477,1.2290625295660556,-0.6922348233857155,-0.23667767029709416,0.8099713668080862,0.22635954787341145,-0.5553974637757271,-0.027449740770413428,2.1298461519384597,1.0,0.0,0.0,0.0,0.0,0.0,1.0,1.0,1
0.605339204531699,0.9048016631946574,-0.6022540516952255,2.3304101157181627,1.557613733889127,-1.2624500408032218,1.0122235156796828,4.271162124389465,-1.2461485910424637,-0.7042804640807814,0.0,0.0,0.0,0.0,0.0,0.0,1.0,0.0,1
-1.1998472900956336,-1.0057900841243779,-1.3580470799871607,0.6612493529354991,-0.10400792394536636,-0.9170464728680038,-1.0772921669385251,0.13536074539176904,0.6457362908084333,-0.7042804640807814,0.0,1.0,0.0,0.0,0.0,0.0,0.0,3.0,0
0.6805553084745045,0.3589183068177902,0.8550125064506949,1.8328731716799707,0.6230056062626985,0.11916423093765023,0.3744612501233167,-0.13799608592070742,-1.112672050298382,-0.7042804640807814,1.0,0.0,1.0,0.0,0.0,0.0,0.0,0.0,1
1.3575002439597543,-1.0967706435205222,-1.1279007967408976,-0.6922348233857155,-1.4514042581895537,-0.22623933699756776,-0.48732225179704314,-0.8869972342565036,0.5180630779227899,-0.7042804640807814,0.0,0.0,0.0,0.0,1.0,0.0,0.0,2.0,0
1.2822841400169487,-0.8238289653320887,1.644618801357557,-0.6922348233857155,0.5307665531657593,-0.9170464728680038,0.485851459587452,0.9072893334590656,1.2434790602275818,-0.7042804640807814,0.0,1.0,1.0,0.0,0.0,0.0,0.0,3.0,0
0.9062036203029211,-1.0057900841243779,1.0540141638338465,-0.6922348233857155,-1.1977465651679957,-0.22623933699756776,0.1295728051527868,-0.6732936750633921,0.8778694051459667,-0.7042804640807814,1.0,0.0,0.0,0.0,0.0,0.0,1.0,3.0,0
-0.823766770381606,-0.005003930766787923,0.21396002254028323,-0.6922348233857155,-0.9734650402268077,-0.22623933699756776,1.1910473804006174,-0.3835846049399204,0.5586863729318583,-0.7042804640807814,1.0,0.0,0.0,0.0,0.0,0.0,1.0,3.0,0
1.5079324518453652,1.9055878165522473,1.3139683937216284,-0.6922348233857155,-1.012497434058674,0.11916423093765023,0.499742052852266,-0.5945437324444732,0.4890464386305983,-0.7042804640807814,1.0,0.0,0.0,1.0,0.0,0.0,0.0,2.0,0
-0.14682183489635625,0.44989886621393477,-1.4872725094393795,1.615885645945154,-0.05295752079975287,1.8461820706137402,1.3457737353542272,-0.41154350276711155,0.27432330786837994,-0.7042804640807814,1.0,0.0,0.0,0.0,1.0,0.0,0.0,1.0,1
0.3044747887604769,0.7228405444023683,-0.17397731140553124,1.3060309414429894,1.1611536727842329,-1.2624500408032218,-0.09381609155646349,3.4721894490578302,-1.0720487552893136,0.7127828439288392,1.0,0.0,0.0,0.0,1.0,0.0,0.0,1.0,1
-1.5007117058668558,-0.9148095247282333,1.6103935230296216,-0.6922348233857155,-0.46284220678061994,-1.2624500408032218,-0.9779193936487373,0.9114250395452963,0.1292401114074216,-0.7042804640807814,1.0,0.0,0.0,0.0,1.0,0.0,0.0,1.0,1
-1.1998472900956336,-1.0967706435205222,-0.42673234426219353,2.39385230604083,1.5341550929332897,-0.5716429049327858,0.0889062067906494,0.7379159694575332,0.8372461101368983,-0.7042804640807814,0.0,1.0,0.0,0.0,0.0,1.0,0.0,2.0,0
-1.3502794979812447,-0.9148095247282333,0.1104774623321511,1.2217061502233757,1.0664245299757857,-0.22623933699756776,-0.7598576602572791,-0.01455383559574682,1.6845319774688952,-0.7042804640807814,0.0,1.0,0.0,0.0,0.0,1.0,0.0,3.0,0
-0.3724701467247728,0.26793774742164567,1.3499156293997332,-0.6922348233857155,-0.06073311104871241,1.8461820706137402,-0.10340259934111286,-0.6956302996397166,1.2434790602275818,-0.7042804640807814,1.0,0.0,0.0,1.0,0.0,0.0,0.0,2.0,0
1.5079324518453652,-0.09598449016293245,0.9478723982566398,-0.6922348233857155,1.3227612078730357,0.11916423093765023,0.6651018553019166,0.12455454561806938,-0.6832257887739451,2.1298461519384597,1.0,0.0,0.0,0.0,0.0,0.0,1.0,0.0,1
-0.823766770381606,-0.9148095247282333,1.2973259511309034,2.564732703062586,1.2702329079711647,1.8461820706137402,-1.0772921669385251,-0.6900270849422427,-1.3970351153618603,0.7127828439288392,1.0,0.0,0.0,0.0,0.0,0.0,1.0,0.0,1
-0.5229023546103838,-0.36892616835136605,1.0868760293557573,-0.6922348233857155,-1.4703448594636808,0.8099713668080862,-1.0772921669385251,-1.0690635948176197,-0.16672960937293343,0.7127828439288392,1.0,0.0,0.0,0.0,0.0,1.0,0.0,1.0,1
1.5831485557881708,1.0867627819869465,-0.21187452618337146,0.6203438309075565,-1.653334376722197,-0.9170464728680038,0.7034568346431755,-0.6561409770099006,0.8372461101368983,-0.7042804640807814,0.0,1.0,1.0,0.0,0.0,0.0,0.0,2.0,0
-0.7485506664388004,-0.8238289653320887,-1.5926515815783833,1.1101763031192566,1.4907198973500644,0.11916423093765023,-0.9153804052477592,-0.13462272197018743,1.1332158309172533,-0.7042804640807814,1.0,0.0,0.0,0.0,0.0,1.0,0.0,3.0,0
-1.275063394038439,-0.8238289653320887,-1.3654931695333274,-0.6922348233857155,0.23669955124762215,-0.5716429049327858,-0.7650207731929443,-0.0647921823390842,0.605112995799365,-0.7042804640807814,1.0,0.0,0.0,0.0,1.0,0.0,0.0,1.0,0
-0.5229023546103838,0.26793774742164567,-0.9891299050827163,-0.6922348233857155,1.1008010738174807,1.8461820706137402,1.7191195949985265,-0.16898529373734877,-1.217131951750272,0.7127828439288392,1.0,0.0,0.0,0.0,0.0,0.0,0.0,1.0,1
-0.07160573095355072,0.9048016631946574,0.7871752496729668,-0.6922348233857155,-0.6157213596602393,-0.22623933699756776,-0.49964989233032125,-0.5821556727391738,-0.4801093137286035,2.1298461519384597,0.0,1.0,0.0,0.0,0.0,1.0,0.0,1.0,1
1.1318519321313376,1.9055878165522473,0.6866176581144376,-0.6922348233857155,-1.2285044003926804,-0.5716429049327858,1.0878835519165888,-0.42124430644403066,-0.2885994944001385,2.1298461519384597,1.0,0.0,0.0,0.0,0.0,0.0,0.0,0.0,1
0.07882647693206032,-0.186965049559077,0.24777486171900012,-0.27599746835278,1.5084225818878407,1.8461820706137402,1.4196113209824148,-0.1675177851261056,-0.3292227894092068,-0.7042804640807814,1.0,0.0,0.0,1.0,0.0,0.0,0.0,1.0,1
1.6583646597309762,2.724412851117548,-0.9798219000090602,-0.6922348233857155,-0.6135104546253557,1.8461820706137402,1.7980129151304418,-0.4056734683221389,0.5818996843656117,-0.7042804640807814,1.0,0.0,0.0,0.0,0.0,0.0,1.0,1.0,0
-0.22203793883916176,-0.5508872871436551,0.17688054093329975,0.43954991152148615,0.3953501048040094,0.8099713668080862,-1.0772921669385251,-0.6771244442953386,0.6631462743837483,-0.7042804640807814,1.0,0.0,1.0,0.0,0.0,0.0,0.0,2.0,0
-1.275063394038439,-0.5508872871436551,1.3223643117970212,-0.6922348233857155,-0.13345418519986768,0.8099713668080862,-1.0772921669385251,-0.7882167520217852,-1.1590986731658885,2.1298461519384597,0.0,1.0,0.0,0.0,0.0,0.0,1.0,0.0,1
-1.3502794979812447,-0.7328484059359441,1.2047632738812892,-0.6922348233857155,-1.5317773685200136,0.8099713668080862,0.33933657194284655,-0.8053885086286695,-0.9443755424036703,-0.7042804640807814,1.0,0.0,0.0,0.0,1.0,0.0,0.0,0.0,1
-0.14682183489635625,-0.9148095247282333,-0.7438980173979362,0.2676248403537646,1.1685514727048243,0.8099713668080862,-1.0772921669385251,-0.5146883937287738,0.1466500949827366,-0.7042804640807814,1.0,0.0,0.0,0.0,0.0,0.0,1.0,0.0,0
-0.44768625066757833,0.44989886621393477,0.37579256218041507,-0.6922348233857155,-0.8014563909088771,-1.2624500408032218,0.1832351765135917,0.6402027662128099,0.4890464386305983,2.1298461519384597,1.0,0.0,0.0,0.0,0.0,0.0,1.0,1.0,1
-1.5759278098096612,-0.8238289653320887,-0.2763559318330068,-0.6922348233857155,0.5128428969264847,-0.9170464728680038,-1.0772921669385251,0.5889161990328703,-0.7528657230752052,-0.7042804640807814,0.0,0.0,1.0,0.0,0.0,0.0,0.0,0.0,1
-0.44768625066757833,-0.186965049559077,-0.6627663063386252,-0.6922348233857155,-1.20663414204385,-1.2624500408032218,1.371311905750048,0.276298747731291,0.9417060115887884,-0.7042804640807814,1.0,0.0,0.0,0.0,1.0,0.0,0.0,2.0,0
-1.124631186152828,-0.9148095247282333,-0.5280715000244068,-0.6922348233857155,-0.4649153015070423,-0.5716429049327858,-0.640253000749919,-0.38432788852223837,0.8082294708447066,-0.7042804640807814,1.0,0.0,0.0,0.0,1.0,0.0,0.0,1.0,0
-0.6733345624959949,-0.36892616835136605,-0.5358619810406076,-0.6922348233857155,0.24426010989458602,1.8461820706137402,-0.22865655746207778,-0.6752185889560617,-0.3524361008429601,-0.7042804640807814,0.0,0.0,0.0,0.0,0.0,1.0,0.0,0.0,1
1.1318519321313376,1.4506850195715246,-1.2193485262633244,0.285373418812816,-0.18067441218617702,0.8099713668080862,1.1835786139125146,-0.3567311032095098,0.5238664057812283,0.7127828439288392,0.0,1.0,0.0,0.0,0.0,0.0,1.0,2.0,1
-1.3502794979812447,-1.1877512029166668,-1.4411397780927377,0.8652437439798759,0.5552350110370459,-0.5716429049327858,-1.0772921669385251,0.03040529185779372,-1.4840850332384352,-0.7042804640807814,1.0,0.0,0.0,0.0,0.0,0.0,0.0,0.0,1
-0.22203793883916176,0.7228405444023683,0.6615289754070364,-0.23996709233934077,1.1011360954294296,-0.9170464728680038,0.4939525657302982,1.32823560224514,0.2627166521515033,0.7127828439288392,0.0,0.0,1.0,0.0,0.0,0.0,0.0,2.0,1
0.8309875163601156,0.26793774742164567,-1.014196571897056,0.254947284311585,0.6961436753989393,1.8461820706137402,-1.0772921669385251,-0.7744564764722065,0.8024261429862684,-0.7042804640807814,1.0,0.0,1.0,0.0,0.0,0.0,0.0,2.0,0
1.2822841400169487,0.26793774742164567,1.6249884875656244,0.46668967527186894,-0.21905814715235483,0.8099713668080862,-1.0772921669385251,-0.8061889678711658,-0.8573256245270953,0.7127828439288392,0.0,1.0,0.0,0.0,0.0,0.0,1.0,0.0,1
0.45490699664608797,-0.36892616835136605,-1.424950233873564,-0.26999059201348113,0.5518230178827278,-0.5716429049327858,-1.0772921669385251,0.028728139159230105,0.8372461101368983,-0.7042804640807814,1.0,0.0,0.0,0.0,0.0,1.0,0.0,3.0,0
-1.5007117058668558,-0.7328484059359441,1.4154192015129394,-0.6922348233857155,-1.2308495516763238,1.8461820706137402,-1.0772921669385251,-1.0578190483158862,-1.0198188045633685,0.7127828439288392,1.0,0.0,0.0,0.0,1.0,0.0,0.0,0.0,1
-0.823766770381606,-0.186965049559077,1.5706721342552548,-0.6922348233857155,1.0152327524620093,0.8099713668080862,-1.03456151649581,-0.5385687611299126,1.371152273113225,-0.7042804640807814,0.0,1.0,0.0,0.0,0.0,0.0,0.0,3.0,0
0.3044747887604769,-0.5508872871436551,1.50057982100251,-0.6922348233857155,-0.15370754846407886,-1.2624500408032218,1.081318553897294,1.768068897443448,-1.0314254602802453,0.7127828439288392,0.0,0.0,1.0,0.0,0.0,0.0,0.0,0.0,1
-0.14682183489635625,-1.0057900841243779,1.2507450391040804,-0.6922348233857155,1.49504785384769,-0.22623933699756776,-0.2051406808677481,0.25133204278676446,-1.722021475434407,0.7127828439288392,1.0,0.0,0.0,0.0,0.0,0.0,1.0,1.0,1
0.45490699664608797,-0.45990672774751057,-0.3907300688514348,-0.6922348233857155,1.4158425670794497,-0.5716429049327858,-1.0772921669385251,0.4522473126533284,-1.3331985089190386,0.7127828439288392,1.0,0.0,1.0,0.0,0.0,0.0,0.0,0.0,1
0.22925868481767137,-0.5508872871436551,0.8463178012551815,0.7133742400102119,-0.979462164684676,-0.22623933699756776,1.3062525069327573,-0.36330630413001486,-0.8399156409517802,-0.7042804640807814,1.0,0.0,0.0,0.0,0.0,0.0,1.0,0.0,1
-0.22203793883916176,0.5408794256100793,-0.9189227946732936,0.07375073009842394,0.03962487004843915,0.11916423093765023,1.7217712457205405,-0.04651502963541934,0.55288304507342,-0.7042804640807814,0.0,0.0,0.0,0.0,0.0,1.0,0.0,2.0,1
-1.275063394038439,-0.7328484059359441,-0.5556967281252542,-0.6922348233857155,0.33142631801626826,-1.2624500408032218,0.4022662985267086,2.348897370641456,-0.42207603514422015,-0.7042804640807814,0.0,1.0,0.0,1.0,0.0,0.0,0.0,0.0,1
0.8309875163601156,1.8146072571561027,-1.231013804458354,2.020653349417182,-1.3968183078199672,1.8461820706137402,-0.6477873873908724,-0.9983944788372346,0.030583537813969917,0.7127828439288392,0.0,1.0,0.0,0.0,0.0,0.0,1.0,1.0,1
1.0566358281885322,-0.8238289653320887,-1.4874281932546003,-0.6922348233857155,0.7531519983457037,-0.22623933699756776,1.0194387497590438,0.21767463749513555,1.6264986988845118,-0.7042804640807814,1.0,0.0,0.0,0.0,0.0,0.0,1.0,2.0,0
-0.44768625066757833,0.26793774742164567,-1.6775605908615363,2.1662656905334097,-0.8966880661352479,1.8461820706137402,-1.0772921669385251,-1.0086860976693295,-1.4840850332384352,-0.7042804640807814,1.0,0.0,0.0,0.0,0.0,1.0,0.0,0.0,1
-0.14682183489635625,0.08597662862935661,1.1829062097625622,-0.6922348233857155,-0.47053819969624405,-0.5716429049327858,-0.8028209639691924,-0.41884292871654183,-0.2131562322404401,0.7127828439288392,1.0,0.0,0.0,0.0,0.0,1.0,0.0,2.0,1
-1.5759278098096612,-1.1877512029166668,-1.6971107039001732,2.247521751449251,0.50157215213017,0.8099713668080862,-1.0772921669385251,-0.6548068782724068,1.1390191587756917,-0.7042804640807814,1.0,0.0,0.0,0.0,0.0,0.0,1.0,3.0,0
0.07882647693206032,0.8138211037985129,0.820461707418207,-0.6922348233857155,-1.3547030023462292,-0.9170464728680038,-0.697446929427782,-0.710076683111435,-1.6581848689915852,0.7127828439288392,0.0,1.0,0.0,0.0,0.0,1.0,0.0,1.0,1
-0.6733345624959949,-0.8238289653320887,-0.19012911409374225,-0.6922348233857155,1.328218971296064,1.8461820706137402,-0.10630778247186846,-0.49195153953120124,0.9997392901731718,-0.7042804640807814,1.0,0.0,0.0,0.0,0.0,0.0,0.0,3.0,0
-1.5759278098096612,-1.0967706435205222,1.1520242020523987,-0.6922348233857155,0.5580102255246806,-1.2624500408032218,-0.41775594157259466,2.5220062111079713,-0.0042364293366600895,-0.7042804640807814,1.0,0.0,0.0,0.0,0.0,0.0,1.0,0.0,1
-0.07160573095355072,0.6318599850062238,1.0631255984337389,-0.6922348233857155,0.6786655266223629,0.8099713668080862,0.6861897862407688,-0.2733118150093627,-0.027449740770413428,-0.7042804640807814,1.0,0.0,0.0,0.0,0.0,0.0,0.0,1.0,1
1.1318519321313376,1.6326461383638138,-0.2552584160249025,-0.6922348233857155,0.8411367521788501,-1.2624500408032218,0.6829087785982316,3.1532445580298516,-1.373821803928107,0.7127828439288392,0.0,1.0,0.0,0.0,0.0,0.0,1.0,0.0,1
-1.124631186152828,-0.2779456089552215,0.502325762423967,-0.6922348233857155,0.3823163384753104,-1.2624500408032218,-0.446333518139093,2.2580643051715223,1.0345592573238018,-0.7042804640807814,1.0,0.0,0.0,0.0,0.0,1.0,0.0,3.0,0
0.75577141241731,0.7228405444023683,1.3050566747230798,1.1993000661968969,0.1538054626882407,-0.22623933699756776,0.07927794072691319,-0.18621422600441134,1.0519692408991168,-0.7042804640807814,1.0,0.0,0.0,0.0,1.0,0.0,0.0,3.0,0
1.2822841400169487,-0.7328484059359441,1.4001842035143621,0.6635236956074438,-1.0124819897999673,0.11916423093765023,0.2535769976353671,-0.6426094041010351,1.17964245378476,-0.7042804640807814,1.0,0.0,0.0,0.0,0.0,0.0,1.0,3.0,0
0.9814197242457267,-1.0967706435205222,0.5816238641040107,-0.6922348233857155,-0.012261899107146462,0.8099713668080862,1.640605082112613,-0.23212628112759032,1.2376757323691434,-0.7042804640807814,1.0,0.0,0.0,0.0,0.0,1.0,0.0,3.0,0
-0.07160573095355072,0.5408794256100793,-0.2896598214973301,0.803934430038554,0.6321355391982606,-0.5716429049327858,-1.0772921669385251,0.06808405191529675,-1.478281705379997,2.1298461519384597,1.0,0.0,1.0,0.0,0.0,0.0,0.0,0.0,1
1.6583646597309762,2.2695100541368256,-1.0979638998685899,-0.6922348233857155,0.3902725077491503,1.8461820706137402,-1.0772921669385251,-0.8194346624791398,-1.0952620667230668,2.1298461519384597,0.0,1.0,0.0,0.0,0.0,0.0,1.0,0.0,1
-1.1998472900956336,-1.1877512029166668,1.5612273161318593,0.19897016132362627,-0.7679589817935734,-0.5716429049327858,-1.0772921669385251,-0.6182144557582916,0.8720660772875284,-0.7042804640807814,0.0,1.0,0.0,0.0,0.0,1.0,0.0,3.0,0
-1.1998472900956336,-0.7328484059359441,0.42214230733009195,-0.6922348233857155,-1.1785647958540613,1.8461820706137402,0.252843245017127,-0.7904466027687391,-1.7162181475759686,0.7127828439288392,1.0,0.0,0.0,0.0,0.0,1.0,0.0,0.0,1
-0.29725404278196726,-1.0057900841243779,-0.030276432265357808,1.893159575520035,0.005674825351033997,0.8099713668080862,1.3082807662026894,-0.29322800330480564,1.3943655845469785,-0.7042804640807814,1.0,0.0,0.0,0.0,1.0,0.0,0.0,3.0,0
-1.0494150822100226,-0.6418678465397997,0.9148611391746687,-0.6922348233857155,0.7805774377494058,1.8461820706137402,-0.9543796551806436,-0.7380355809386262,0.8778694051459667,-0.7042804640807814,0.0,1.0,0.0,0.0,1.0,0.0,0.0,3.0,0
0.8309875163601156,-0.7328484059359441,0.446521763768154,0.46292449553745335,0.37156475837552677,-1.2624500408032218,-1.0772921669385251,2.119070275278063,-0.8573256245270953,2.1298461519384597,0.0,0.0,0.0,0.0,0.0,0.0,1.0,1.0,1
1.5079324518453652,0.44989886621393477,0.9807924486387846,-0.6922348233857155,1.6013399943479818,0.8099713668080862,-1.0772921669385251,-0.42377909404526887,0.1118301278321066,2.1298461519384597,0.0,1.0,0.0,0.0,0.0,0.0,0.0,2.0,1
0.8309875163601156,-0.36892616835136605,0.8794344221110899,-0.6922348233857155,-0.7692182828881337,0.11916423093765023,-1.0772921669385251,-0.8308888530681936,0.8720660772875284,-0.7042804640807814,0.0,1.0,0.0,0.0,0.0,0.0,0.0,3.0,0
0.22925868481767137,1.35970446017538,0.2039789601644605,1.4337858838766273,0.15192363916580343,0.8099713668080862,-1.0772921669385251,-0.728258543048136,-1.0024088209880535,0.7127828439288392,0.0,1.0,0.0,0.0,1.0,0.0,0.0,0.0,1
-1.275063394038439,-0.8238289653320887,1.653767977488412,0.4384072991743369,-1.6746735901754912,-1.2624500408032218,-0.29264515469421315,-0.736815833521489,0.05379684924772325,0.7127828439288392,1.0,0.0,0.0,0.0,0.0,0.0,0.0,0.0,1
-1.4254956019240501,-1.0057900841243779,1.5625042379294278,-0.2022717669057698,1.452310025946075,-1.2624500408032218,1.2571507361950789,4.164110229982285,-1.722021475434407,0.7127828439288392,0.0,1.0,0.0,0.0,0.0,0.0,1.0,0.0,1
1.0566358281885322,1.9055878165522473,-0.24251435906985802,1.1487639543858394,1.5318372661073585,1.8461820706137402,-0.6096889231925754,-0.560257394890883,0.4890464386305983,-0.7042804640807814,0.0,1.0,0.0,0.0,1.0,0.0,0.0,2.0,0
0.8309875163601156,0.9048016631946574,1.2116746917388188,1.9541097827236813,0.2618439924423095,-1.2624500408032218,1.731456183734466,2.5060923190250097,-0.9791955095543002,0.7127828439288392,1.0,0.0,0.0,1.0,0.0,0.0,0.0,0.0,1
1.5831485557881708,2.178529494740681,1.6379983078011975,-0.6922348233857155,-0.477418022940205,0.11916423093765023,0.32893876045022435,-0.4705297255177296,1.1564291423510067,-0.7042804640807814,1.0,0.0,0.0,0.0,0.0,0.0,1.0,3.0,0
-0.8989828743244115,-1.0057900841243779,1.4125492725959903,-0.6922348233857155,-1.146666461524869,0.8099713668080862,-1.0772921669385251,-1.0010626763122221,-1.0546387717139987,0.7127828439288392,1.0,0.0,0.0,0.0,0.0,0.0,0.0,0.0,1
-0.8989828743244115,-0.7328484059359441,-1.0015075546746652,-0.6922348233857155,0.24473650587469797,-1.2624500408032218,-0.14173669954282841,2.115201388939331,-1.513101672530627,0.7127828439288392,0.0,0.0,0.0,1.0,0.0,0.0,0.0,1.0,1
0.07882647693206032,0.17695718802550114,-1.600328838001696,-0.6922348233857155,-1.0831109609062917,1.8461820706137402,1.882555533875962,-0.45821790002600127,0.059600177106161584,0.7127828439288392,1.0,0.0,0.0,0.0,0.0,0.0,0.0,1.0,1
-1.6511439137524666,-1.0057900841243779,-1.3392219188557641,-0.6922348233857155,0.2893609093783524,-0.22623933699756776,0.36738918728653897,-0.08015337637365548,0.2511099964346266,0.7127828439288392,1.0,0.0,0.0,0.0,0.0,0.0,0.0,1.0,1
-1.0494150822100226,-0.45990672774751057,1.2553825297211123,-0.6922348233857155,1.5333234790029198,-0.22623933699756776,-1.0772921669385251,0.09512813917963504,0.1814700621333666,-0.7042804640807814,0.0,1.0,0.0,0.0,0.0,1.0,0.0,1.0,1
0.3044747887604769,1.35970446017538,0.82309889689422,-0.21318643532663345,1.5493843200381656,-0.22623933699756776,-0.770577607045714,0.1609182654914714,-0.7702757066505201,2.1298461519384597,1.0,0.0,0.0,0.0,1.0,0.0,0.0,0.0,1
0.9814197242457267,1.9965683759483919,-1.223218605750783,-0.172933834639919,1.050098760502722,0.11916423093765023,-1.0772921669385251,-0.2958199665662221,1.231872404510705,-0.7042804640807814,0.0,1.0,0.0,0.0,0.0,1.0,0.0,2.0,0
1.5079324518453652,-0.186965049559077,-1.659719854662748,0.6995867176879444,-0.5691390993605138,1.8461820706137402,-1.0772921669385251,-0.9605060746924111,1.6903353053273336,-0.7042804640807814,0.0,0.0,0.0,0.0,1.0,0.0,0.0,3.0,0
1.2070680360741433,2.178529494740681,-1.4881610079807912,-0.6922348233857155,-1.6754624353894423,-0.5716429049327858,-0.9722253540218251,-1.0425340884948862,1.3827589288301019,-0.7042804640807814,1.0,0.0,0.0,0.0,0.0,0.0,1.0,3.0,0
-1.275063394038439,-1.0967706435205222,-0.6757399576070257,0.5675877865363232,-0.5179746463044496,1.8461820706137402,0.22634165146808852,-0.6984890826486319,-0.7470623952167669,-0.7042804640807814,1.0,0.0,0.0,1.0,0.0,0.0,0.0,0.0,1
-1.5759278098096612,-1.0057900841243779,0.7871029117386218,0.3381838732958183,0.26568010870111625,-0.5716429049327858,1.541396359204952,0.39972193950285884,-1.0372287881386835,-0.7042804640807814,0.0,1.0,1.0,0.0,0.0,0.0,0.0,0.0,1
1.1318519321313376,1.7236266977599581,1.5422024393991187,0.18197244240698718,-0.44954470003400354,-1.2624500408032218,0.22571527728178598,1.1659901372125032,-1.3622151482112304,0.7127828439288392,1.0,0.0,1.0,0.0,0.0,0.0,0.0,0.0,1
-1.5759278098096612,-0.8238289653320887,-1.115328149238975,0.2418235653528995,-0.2735217314721869,0.11916423093765023,1.599371764248583,-0.16250538558380753,1.2202657487938284,-0.7042804640807814,1.0,0.0,0.0,0.0,0.0,0.0,1.0,3.0,0
0.07882647693206032,-0.7328484059359441,-0.1678270144224144,-0.6922348233857155,0.3201413169811473,0.11916423093765023,1.4941766937604017,-0.008455098510060946,1.00554261803161,-0.7042804640807814,1.0,0.0,0.0,0.0,0.0,0.0,1.0,2.0,0
-0.29725404278196726,-0.7328484059359441,-1.7812837533295551,2.27642440282095,-0.42953606886930124,0.11916423093765023,-1.0772921669385251,-0.7309839161833019,0.5064564222059134,2.1298461519384597,0.0,1.0,1.0,0.0,0.0,0.0,0.0,1.0,1
1.1318519321313376,0.44989886621393477,-1.4848570514577717,-0.07559414468515797,-0.2933260232139983,-1.2624500408032218,1.5500194438363837,1.654270275135228,-0.9211622309699169,2.1298461519384597,0.0,1.0,0.0,0.0,0.0,0.0,1.0,0.0,1
-0.6733345624959949,-0.2779456089552215,0.47509210270685687,-0.6922348233857155,0.46447504271626466,-0.5716429049327858,-0.0415019160633193,0.18811482118295184,0.27432330786837994,-0.7042804640807814,0.0,1.0,0.0,0.0,0.0,1.0,0.0,0.0,1
-1.5759278098096612,-1.0967706435205222,-1.7713608758139663,-0.6922348233857155,-1.7700585199690302,-1.2624500408032218,0.6908368861562896,-0.6850909196135158,1.1506258144925685,-0.7042804640807814,0.0,0.0,0.0,0.0,1.0,0.0,0.0,3.0,1
-1.275063394038439,-1.0967706435205222,-1.5807409834320965,-0.6922348233857155,1.5552103696303576,-0.22623933699756776,1.494606207488152,0.6052874963972582,0.48324311077216,0.7127828439288392,0.0,1.0,0.0,0.0,1.0,0.0,0.0,2.0,1
1.6583646597309762,-0.5508872871436551,1.2669676071628464,0.6264704094927471,0.42391129123261695,-1.2624500408032218,-1.0772921669385251,2.196047772431454,-0.08548301935479677,-0.7042804640807814,0.0,0.0,0.0,0.0,0.0,1.0,0.0,0.0,1
-1.275063394038439,-0.8238289653320887,-0.32621721192599734,2.342728565022667,0.01741246196825634,-1.2624500408032218,1.1545297653391793,2.0340119514861374,-0.5091259530207951,-0.7042804640807814,0.0,1.0,1.0,0.0,0.0,0.0,0.0,0.0,1
0.22925868481767137,-0.45990672774751057,1.5151873660488338,-0.6922348233857155,0.9581175077241975,-0.9170464728680038,-1.0772921669385251,0.9163230877672377,1.6032853874507584,-0.7042804640807814,1.0,0.0,0.0,0.0,1.0,0.0,0.0,3.0,0
-1.0494150822100226,-1.0057900841243779,-0.07243214978681359,-0.6922348233857155,-0.6554499331538155,0.11916423093765023,-1.0772921669385251,-0.7974220333104923,-0.6135858544726852,2.1298461519384597,0.0,1.0,0.0,0.0,1.0,0.0,0.0,1.0,1
1.2822841400169487,1.9965683759483919,1.2091460091643234,1.962216889377264,1.4024999155766134,0.8099713668080862,1.8886194325462147,0.1135196432036565,0.1640600785580516,-0.7042804640807814,1.0,0.0,0.0,0.0,1.0,0.0,0.0,0.0,0
-1.124631186152828,-0.5508872871436551,1.483852459967119,-0.22661485091122544,-0.672476634368191,-1.2624500408032218,-1.0772921669385251,0.5837703896168228,1.4117755681222934,-0.7042804640807814,0.0,1.0,1.0,0.0,0.0,0.0,0.0,3.0,0
0.22925868481767137,-1.0057900841243779,-1.617516960227589,-0.6922348233857155,-0.6670960922386971,0.8099713668080862,-1.0772921669385251,-0.9003191630780487,-0.27118951082482345,-0.7042804640807814,1.0,0.0,0.0,0.0,0.0,0.0,1.0,1.0,1
1.3575002439597543,-1.0967706435205222,1.380902998883834,-0.6922348233857155,-1.671675027946557,0.11916423093765023,-1.0772921669385251,-1.0963173261692785,-0.2653861829663851,-0.7042804640807814,0.0,1.0,0.0,0.0,1.0,0.0,0.0,1.0,1
-1.4254956019240501,-0.8238289653320887,-0.2233495241597979,-0.6922348233857155,1.1981925692230124,0.11916423093765023,-1.0772921669385251,-0.2522521135103537,0.9010827165797201,-0.7042804640807814,0.0,1.0,0.0,0.0,0.0,0.0,1.0,3.0,0
-1.4254956019240501,-0.9148095247282333,0.2814670409220885,-0.6922348233857155,1.6635922371356793,-1.2624500408032218,1.4620973872190501,4.514825729516009,0.8720660772875284,-0.7042804640807814,0.0,0.0,0.0,0.0,0.0,1.0,0.0,3.0,1
1.3575002439597543,-0.6418678465397997,-1.4168845541940942,-0.6922348233857155,-0.3218361247868831,1.8461820706137402,0.8832232433777845,-0.5413894270320423,0.6863595858175017,-0.7042804640807814,1.0,0.0,0.0,0.0,0.0,0.0,1.0,2.0,0
1.5079324518453652,1.4506850195715246,0.7473988211659461,-0.6922348233857155,0.3418333723448986,0.11916423093765023,0.9883705901184379,-0.10083190680480915,-1.600151590407202,0.7127828439288392,0.0,1.0,0.0,0.0,0.0,0.0,0.0,0.0,1
-1.1998472900956336,-0.36892616835136605,-1.3393540142141334,-0.6922348233857155,-0.8266162763622713,0.11916423093765023,-0.24589974399072062,-0.685472090681371,0.3555698978865166,-0.7042804640807814,1.0,0.0,0.0,0.0,0.0,1.0,0.0,2.0,0
-0.823766770381606,-0.09598449016293245,-1.494182354733119,1.3035607223686763,1.1212445202657764,-0.22623933699756776,-1.0772921669385251,-0.056368301739480584,0.37297988146183164,-0.7042804640807814,1.0,0.0,0.0,0.0,0.0,0.0,0.0,1.0,0
-0.974198978267217,-0.36892616835136605,0.47684079364145826,-0.4284872475966107,0.7881772010530871,0.11916423093765023,-0.8681995153480754,-0.33205027656587477,-0.3408294451260835,-0.7042804640807814,1.0,0.0,0.0,0.0,1.0,0.0,0.0,0.0,1
0.37969089270328243,-0.6418678465397997,-0.45738475765900094,-0.6922348233857155,-0.08945705620369235,-0.9170464728680038,1.116350767316929,0.5743364056874024,1.022952601606925,-0.7042804640807814,1.0,0.0,0.0,0.0,1.0,0.0,0.0,3.0,0
1.1318519321313376,0.7228405444023683,0.19144719932108073,-0.6922348233857155,-0.9827541678290406,-1.2624500408032218,-1.0772921669385251,0.1274895628405557,-1.5014950168137502,0.7127828439288392,1.0,0.0,0.0,0.0,0.0,0.0,1.0,0.0,1
-0.5981184585531893,0.08597662862935661,-0.37904434732713377,1.4167990469823424,0.08175561978088408,-0.9170464728680038,-1.0264305830107587,0.2818829038753721,0.4019965207540233,-0.7042804640807814,0.0,1.0,0.0,0.0,0.0,0.0,1.0,2.0,1
-1.124631186152828,-0.5508872871436551,-0.5026164099539102,-0.6922348233857155,0.0020157240574059793,-1.2624500408032218,-0.15890531771595903,1.7549375541558305,-0.7180457559245752,0.7127828439288392,1.0,0.0,0.0,1.0,0.0,0.0,0.0,0.0,1
-0.07160573095355072,-0.5508872871436551,-0.6072390789098714,0.5299795172815828,-0.4869114899653289,-1.2624500408032218,-1.0772921669385251,0.85665075709448,-0.9385722145452319,0.7127828439288392,0.0,1.0,0.0,1.0,0.0,0.0,0.0,0.0,1
-0.07160573095355072,-0.36892616835136605,1.2241671384874457,1.6497722635548941,1.5018718401563262,-0.9170464728680038,-1.0772921669385251,1.316133420840732,0.8256394544200217,-0.7042804640807814,0.0,0.0,0.0,0.0,0.0,0.0,0.0,1.0,1
-1.124631186152828,-1.0057900841243779,-0.5340283716613403,1.683125662069298,1.6685260837825744,-0.5716429049327858,0.9421501406377513,0.9703731451891288,-0.3002061501170151,2.1298461519384597,1.0,0.0,1.0,0.0,0.0,0.0,0.0,0.0,1
-0.7485506664388004,-0.36892616835136605,-0.8049465162937631,-0.17073566612445093,1.3451601350776015,1.8461820706137402,-1.0772921669385251,-0.6790112410812226,1.2666923716613352,-0.7042804640807814,0.0,1.0,1.0,0.0,0.0,0.0,0.0,2.0,0
-0.6733345624959949,0.17695718802550114,-1.3569745914823061,1.7397230603314235,1.422956430243815,1.8461820706137402,0.5754348991655974,-0.3449148001059934,1.00554261803161,-0.7042804640807814,0.0,1.0,0.0,0.0,0.0,0.0,0.0,3.0,0
0.8309875163601156,1.6326461383638138,1.3399534377893918,1.812926424705451,1.3882448647901708,1.8461820706137402,-0.3994240570534736,-0.5403221480420474,-0.4510926744364118,0.7127828439288392,0.0,1.0,0.0,0.0,0.0,0.0,0.0,1.0,1
0.22925868481767137,-0.005003930766787923,0.7023024093569862,-0.6922348233857155,0.07276349715378327,-0.5716429049327858,1.3033264446624582,0.258688644396373,-1.2519519189009019,0.7127828439288392,1.0,0.0,0.0,0.0,0.0,0.0,0.0,0.0,1
1.1318519321313376,1.7236266977599581,0.4337934324510106,-0.6922348233857155,0.5383853247878491,-0.22623933699756776,0.508660428171526,0.03898164088453948,0.1292401114074216,-0.7042804640807814,1.0,0.0,0.0,0.0,0.0,0.0,1.0,2.0,0
-0.5981184585531893,-1.0057900841243779,0.5836430360105108,-0.6922348233857155,-0.3238236820804674,1.8461820706137402,0.965642155358317,-0.5255898862694374,-1.286771886051532,2.1298461519384597,1.0,0.0,0.0,0.0,0.0,0.0,0.0,0.0,1
-1.124631186152828,-1.1877512029166668,-0.46368130307459793,1.40382767633661,-0.5455343319569115,-0.5716429049327858,-1.0772921669385251,-0.5091804717982639,-0.12030298650542677,-0.7042804640807814,1.0,0.0,0.0,0.0,1.0,0.0,0.0,1.0,1
0.9062036203029211,-1.1877512029166668,0.19040930721960872,1.5030499561585786,0.22077533250093712,-0.22623933699756776,-1.0772921669385251,-0.38741537417186683,-1.6813981804253386,0.7127828439288392,0.0,0.0,0.0,0.0,0.0,0.0,0.0,0.0,1
0.22925868481767137,0.9048016631946574,-0.4005696004861477,-0.6922348233857155,0.7789332182070743,0.11916423093765023,-1.0772921669385251,-0.3755609539615649,0.9881326344562951,-0.7042804640807814,1.0,0.0,0.0,0.0,0.0,0.0,0.0,3.0,0
-0.14682183489635625,-0.005003930766787923,0.9701241758866842,2.09262704526523,0.9913119717648664,-1.2624500408032218,1.6852953889381892,3.569788300982197,-0.9908021652711769,0.7127828439288392,0.0,1.0,1.0,0.0,0.0,0.0,0.0,0.0,1
1.5079324518453652,0.7228405444023683,-0.2975713899253692,-0.6922348233857155,1.6257169746869278,1.8461820706137402,-1.0772921669385251,-0.6377494729858791,1.4407922074144852,-0.7042804640807814,0.0,1.0,0.0,0.0,0.0,0.0,1.0,3.0,0
-1.5759278098096612,-1.1877512029166668,-0.8671587123942709,1.4095842661617715,1.0398663450994694,0.8099713668080862,-1.0772921669385251,-0.5417324809931122,1.6555153381767034,-0.7042804640807814,1.0,0.0,0.0,0.0,0.0,0.0,0.0,2.0,0
-0.6733345624959949,-1.0057900841243779,0.7639799337688569,0.14521297089584323,-0.15279277314067186,0.11916423093765023,-0.0946512571382002,-0.45774143619118207,-1.199721968174957,-0.7042804640807814,0.0,0.0,0.0,0.0,0.0,0.0,1.0,0.0,1
-1.5007117058668558,-0.8238289653320887,1.4379351698597223,0.6607487799072242,-1.445113692816255,-0.22623933699756776,-0.13699713486647253,-0.8162709426159402,1.3595456173963485,-0.7042804640807814,0.0,1.0,1.0,0.0,0.0,0.0,0.0,3.0,0
0.07882647693206032,-0.7328484059359441,0.3704615709319451,-0.6922348233857155,0.25590508095956715,-0.22623933699756776,-1.0772921669385251,-0.3744936749715699,-0.9849988374127385,0.7127828439288392,1.0,0.0,0.0,0.0,0.0,1.0,0.0,0.0,1
0.15404258087486586,1.2687239007792355,-0.422964481421092,0.6988467401678858,-0.2478878260784818,-0.22623933699756776,-0.5508574734276642,-0.4569409769486858,1.6613186660351418,-0.7042804640807814,0.0,0.0,0.0,0.0,1.0,0.0,0.0,2.0,0
-0.7485506664388004,0.08597662862935661,0.03189173204902692,0.3395005980006284,0.42966130755117526,-1.2624500408032218,-0.27544372644465714,2.3610567277060426,1.371152273113225,-0.7042804640807814,1.0,0.0,0.0,0.0,0.0,0.0,1.0,3.0,0
0.6805553084745045,-1.0057900841243779,-1.1839689861134488,2.128777123524561,-0.06339665166569748,0.8099713668080862,-1.0772921669385251,-0.7735035488025681,0.570293028648735,-0.7042804640807814,1.0,0.0,0.0,0.0,1.0,0.0,0.0,2.0,0
0.3044747887604769,1.35970446017538,1.065029973183561,-0.6922348233857155,1.4927597275192719,-0.9170464728680038,0.18341414056682098,1.5555469685606882,-1.495691688955312,0.7127828439288392,1.0,0.0,0.0,0.0,1.0,0.0,0.0,0.0,1
1.3575002439597543,2.6334322917214035,-1.3446346834213199,-0.6922348233857155,-0.7088193511452607,-0.22623933699756776,-1.0772921669385251,-0.7291542950575961,1.5336454531494985,-0.7042804640807814,1.0,0.0,0.0,0.0,0.0,0.0,1.0,3.0,0
-1.3502794979812447,-0.7328484059359441,0.9200505996820288,-0.6922348233857155,-0.5318661630013303,-0.9170464728680038,-0.9639035255466627,-0.15709275642026133,-1.321591853202162,0.7127828439288392,0.0,1.0,0.0,0.0,0.0,0.0,0.0,0.0,1
0.15404258087486586,-0.09598449016293245,-0.5026164099539102,-0.413339472480118,-0.5426343753797213,-1.2624500408032218,-1.0772921669385251,0.7746989775055761,0.18727338999180493,-0.7042804640807814,1.0,0.0,0.0,0.0,1.0,0.0,0.0,1.0,1
-1.3502794979812447,-0.9148095247282333,1.1022777191160862,1.1179895951692866,-0.9873054720679656,-0.9170464728680038,-0.4931356007927748,-0.40005119507127224,-0.0042364293366600895,-0.7042804640807814,1.0,0.0,0.0,1.0,0.0,0.0,0.0,0.0,0
-1.3502794979812447,-1.1877512029166668,0.017455596455824993,1.568396500393161,-0.9047202686827215,-0.9170464728680038,1.0638188522256893,-0.035365775900649855,1.4117755681222934,-0.7042804640807814,0.0,1.0,0.0,0.0,1.0,0.0,0.0,3.0,0
1.3575002439597543,2.542451732325259,-1.1068598932292373,1.284484537182461,0.4209673779191071,-1.2624500408032218,1.3683411024664416,2.6691954189603213,0.4890464386305983,0.7127828439288392,0.0,1.0,0.0,0.0,0.0,0.0,0.0,1.0,1
-0.5229023546103838,-1.1877512029166668,0.996474054753753,-0.3915318996830983,-0.11155779041322547,1.8461820706137402,-0.8498885099684977,-0.8488420103641814,-0.4452893465779735,2.1298461519384597,1.0,0.0,0.0,0.0,0.0,1.0,0.0,2.0,1
-0.8989828743244115,-0.45990672774751057,-1.0746034647665186,-0.6922348233857155,-0.18349595944993238,0.11916423093765023,-0.3996746067279946,-0.5263331698517554,1.4640055188482384,-0.7042804640807814,1.0,0.0,0.0,0.0,1.0,0.0,0.0,3.0,0
-1.124631186152828,-1.0967706435205222,0.5670446252059088,-0.38905079858643143,0.21244612497833126,0.8099713668080862,-0.38200787194004243,-0.5798114706718633,0.9707226508809801,-0.7042804640807814,1.0,0.0,1.0,0.0,0.0,0.0,0.0,3.0,0
1.4327163479025598,-1.0057900841243779,-1.340761458806281,-0.6922348233857155,0.2570800326411899,-0.5716429049327858,-0.7290311020885325,-0.04777289415934206,1.4349888795560468,-0.7042804640807814,0.0,1.0,0.0,0.0,0.0,0.0,0.0,3.0,0
-0.8989828743244115,-1.0967706435205222,0.35451420153644825,-0.6922348233857155,1.678299923504223,-0.22623933699756776,-1.0772921669385251,0.1484349130192081,-0.9617855259789853,0.7127828439288392,1.0,0.0,0.0,0.0,1.0,0.0,0.0,0.0,1
1.5079324518453652,0.7228405444023683,-1.6684570190805945,-0.6922348233857155,1.1238082672111172,-0.22623933699756776,1.272649023204736,0.40338118175427035,-0.36984608441827516,-0.7042804640807814,1.0,0.0,0.0,0.0,0.0,0.0,1.0,0.0,1
-0.5981184585531893,-0.9148095247282333,0.2522425154467002,1.9701172376061244,-0.5778140206741735,0.11916423093765023,0.12390262739963855,-0.5400743868479413,1.2086590930769519,-0.7042804640807814,1.0,0.0,0.0,1.0,0.0,0.0,0.0,3.0,0
0.15404258087486586,-1.0967706435205222,-0.21464066589017347,-0.6922348233857155,1.1887775115113233,-0.22623933699756776,-1.0772921669385251,-0.031535006668703416,-0.9559821981205469,0.7127828439288392,1.0,0.0,0.0,0.0,1.0,0.0,0.0,0.0,1
0.8309875163601156,1.1777433413830911,0.11773012653213447,-0.6922348233857155,-0.6502440299496992,1.8461820706137402,-0.2898026089820878,-0.8186913788968219,-0.5323392644545485,-0.7042804640807814,0.0,1.0,0.0,0.0,1.0,0.0,0.0,0.0,1
1.5831485557881708,0.08597662862935661,0.7313429448689318,-0.6922348233857155,-0.8767899208212947,-0.22623933699756776,1.6731496951923608,-0.2539292662089173,1.1680357980678835,-0.7042804640807814,0.0,1.0,0.0,0.0,1.0,0.0,0.0,3.0,0
-1.4254956019240501,-1.0967706435205222,-0.43786924102374647,0.5162790511381458,1.1616478890628528,0.11916423093765023,-0.8029969452882012,-0.20946566114358875,0.779212831552515,-0.7042804640807814,0.0,1.0,0.0,0.0,0.0,1.0,0.0,2.0,0
-0.8989828743244115,-0.9148095247282333,1.0118694542589215,0.9458468835544891,-0.2810561536813391,-0.5716429049327858,0.9404619130689549,0.014396107007868307,-0.5555525758883019,-0.7042804640807814,0.0,1.0,0.0,0.0,0.0,0.0,0.0,0.0,1
0.07882647693206032,-0.7328484059359441,1.3198717981896981,-0.6922348233857155,0.7264488750415228,0.11916423093765023,-0.5599369163948307,-0.2900071077814278,1.1100025194835001,-0.7042804640807814,1.0,0.0,0.0,0.0,1.0,0.0,0.0,3.0,0
0.37969089270328243,0.995782222590802,0.19540534238078544,-0.6922348233857155,-1.0299981552133606,0.11916423093765023,0.1424373378457528,-0.6694438472780528,0.9997392901731718,-0.7042804640807814,0.0,1.0,0.0,0.0,1.0,0.0,0.0,3.0,0
0.15404258087486586,0.17695718802550114,-1.3103653733072613,2.2026660553068784,-0.816146256978913,-0.9170464728680038,1.6474653708197362,0.14370839177780156,1.2202657487938284,-0.7042804640807814,1.0,0.0,0.0,0.0,0.0,1.0,0.0,3.0,0
0.6805553084745045,1.1777433413830911,0.8181689094122279,-0.6922348233857155,0.06796864883524995,-0.22623933699756776,0.7925421576064994,-0.07853339933527018,-1.3331985089190386,0.7127828439288392,1.0,0.0,0.0,0.0,0.0,0.0,1.0,1.0,1
0.15404258087486586,-0.7328484059359441,-0.5037722443396404,-0.6922348233857155,-0.5194501670209061,1.8461820706137402,1.1704217732659408,-0.5143834568744896,1.1506258144925685,-0.7042804640807814,0.0,0.0,0.0,0.0,1.0,0.0,0.0,3.0,0
1.6583646597309762,0.995782222590802,1.0120251380741423,-0.6922348233857155,-0.583757684236518,-0.22623933699756776,-1.0772921669385251,-0.6831850642742389,0.39619319289558497,-0.7042804640807814,1.0,0.0,0.0,1.0,0.0,0.0,0.0,2.0,0
-0.974198978267217,-0.5508872871436551,-0.8128580847218022,0.44639470358202776,-1.7299058233709654,-1.2624500408032218,1.8201984922624337,-0.40554005844838953,0.5296697336396666,-0.7042804640807814,1.0,0.0,0.0,1.0,0.0,0.0,0.0,2.0,0
0.8309875163601156,1.2687239007792355,-0.6911243491656635,-0.6922348233857155,-0.5313458102848987,0.8099713668080862,0.6201878434098038,-0.5403983822556184,0.5180630779227899,-0.7042804640807814,0.0,0.0,1.0,0.0,0.0,0.0,0.0,2.0,0
-1.1998472900956336,-0.7328484059359441,-0.8435545299047327,0.7208066612778588,0.19167122097778802,0.8099713668080862,-0.5207795815482603,-0.6112771423233239,1.1680357980678835,-0.7042804640807814,0.0,1.0,1.0,0.0,0.0,0.0,0.0,3.0,0
1.6583646597309762,1.1777433413830911,0.11697215078530186,-0.6922348233857155,-0.9411259505145192,-0.9170464728680038,-0.6273258306383227,-0.39229436384041555,-0.5787658873220551,-0.7042804640807814,1.0,0.0,1.0,0.0,0.0,0.0,0.0,1.0,0
0.45490699664608797,-0.005003930766787923,-0.5604317176972728,0.5679251292292912,-0.8352353607406061,-0.5716429049327858,1.8079633164899906,-0.08789114905111943,-1.1068687224399436,2.1298461519384597,1.0,0.0,0.0,0.0,0.0,0.0,1.0,1.0,1
-1.275063394038439,-0.8238289653320887,-1.3610019273487757,0.8648955192645542,0.5899394483712866,-0.22623933699756776,-1.0772921669385251,-0.25168035690857066,-1.6988081640006536,-0.7042804640807814,1.0,0.0,0.0,0.0,1.0,0.0,0.0,0.0,1
1.5079324518453652,-1.0057900841243779,-1.1461142305579417,-0.4331665172087457,0.08052958324353858,0.11916423093765023,-1.0772921669385251,-0.5809740424288222,-0.17253293723137178,2.1298461519384597,1.0,0.0,0.0,0.0,0.0,0.0,0.0,1.0,1
1.2070680360741433,0.9048016631946574,0.47800920853750933,-0.6922348233857155,-0.5974900062667278,-0.5716429049327858,0.8629138060704797,-0.15585395044973138,-1.4144450989371753,2.1298461519384597,1.0,0.0,0.0,0.0,1.0,0.0,0.0,0.0,1
-1.6511439137524666,-0.9148095247282333,-0.8689514351149954,0.22655608799051496,0.8526997498706947,-0.5716429049327858,-1.0772921669385251,0.1762032253124716,-0.2769928386832618,-0.7042804640807814,1.0,0.0,0.0,0.0,1.0,0.0,0.0,1.0,1
0.75577141241731,-0.09598449016293245,-1.7642261538982411,-0.6922348233857155,-0.18596822886293238,-1.2624500408032218,-0.9043651677714959,1.3329430649331537,0.1814700621333666,-0.7042804640807814,1.0,0.0,0.0,0.0,1.0,0.0,0.0,1.0,1
0.22925868481767137,1.0867627819869465,-1.2481689028446548,2.2418304537582125,1.4890661736485287,1.8461820706137402,-1.0772921669385251,-0.657837188261857,0.535473061498105,-0.7042804640807814,0.0,1.0,0.0,0.0,1.0,0.0,0.0,3.0,0
0.8309875163601156,1.7236266977599581,-1.5754760398628112,0.022278764364939353,-0.2897880999502242,1.8461820706137402,-1.0772921669385251,-0.9194348921309954,1.022952601606925,-0.7042804640807814,0.0,1.0,0.0,0.0,1.0,0.0,0.0,3.0,0
-1.124631186152828,-0.45990672774751057,-0.19592401166029444,0.4977687311143281,1.4960731150218463,0.8099713668080862,1.1911786207063189,-0.0030043522397291984,-1.582741606831887,-0.7042804640807814,1.0,0.0,0.0,1.0,0.0,0.0,0.0,0.0,1
-0.3724701467247728,-0.45990672774751057,1.3567342659936465,-0.6922348233857155,1.5501684131725144,-1.2624500408032218,0.6243845504580309,4.184483823559154,1.1680357980678835,-0.7042804640807814,1.0,0.0,0.0,0.0,1.0,0.0,0.0,3.0,0
-0.5981184585531893,-1.0057900841243779,0.47898734321495723,1.702833004552034,1.467045036772331,0.8099713668080862,-1.0772921669385251,-0.451985753066566,0.8430494379953367,-0.7042804640807814,0.0,0.0,0.0,0.0,0.0,0.0,0.0,1.0,0
-0.44768625066757833,-1.0057900841243779,-1.0502067101267651,0.5988953648482123,-1.2128344179047086,0.11916423093765023,-0.06735625628651183,-0.7642029747468971,0.5064564222059134,-0.7042804640807814,1.0,0.0,1.0,0.0,0.0,0.0,0.0,3.0,0
1.1318519321313376,0.995782222590802,1.0097700815991257,1.6079744156939397,1.5935240114224043,1.8461820706137402,0.8341662136534135,-0.26930951879688136,-0.43368269086109684,-0.7042804640807814,1.0,0.0,0.0,0.0,0.0,1.0,0.0,2.0,0
-0.14682183489635625,-0.36892616835136605,-0.34101503719092435,-0.6922348233857155,0.4797541666569627,-0.9170464728680038,1.2890570441516422,1.0265958776977955,-1.547921639681257,0.7127828439288392,1.0,0.0,0.0,0.0,0.0,0.0,0.0,0.0,1
-0.3724701467247728,0.44989886621393477,1.3697975533980833,-0.6922348233857155,-0.7165414804986965,-0.22623933699756776,-1.0772921669385251,-0.7319940195131186,0.48324311077216,-0.7042804640807814,0.0,0.0,1.0,0.0,0.0,0.0,0.0,1.0,0
-0.6733345624959949,-0.5508872871436551,-1.43814718920016,-0.6922348233857155,-0.8993385385333271,1.8461820706137402,-1.0772921669385251,-1.0090672687371849,0.024780209955531582,2.1298461519384597,0.0,1.0,0.0,0.0,0.0,0.0,1.0,1.0,1
-1.5759278098096612,-1.0057900841243779,1.0014527917132385,-0.6922348233857155,-0.05579570034211564,1.8461820706137402,0.6034338252933211,-0.5569030894937558,-0.0738763636379201,-0.7042804640807814,1.0,0.0,0.0,0.0,0.0,0.0,1.0,0.0,1
0.22925868481767137,-0.2779456089552215,-1.4278783476507473,-0.6922348233857155,-0.2762066564473815,-0.22623933699756776,-0.6172262925677493,-0.48030676340821976,0.8720660772875284,-0.7042804640807814,1.0,0.0,0.0,0.0,1.0,0.0,0.0,3.0,0
-0.974198978267217,-0.09598449016293245,-0.4943620226196273,-0.6922348233857155,-1.7458751868738704,-0.5716429049327858,-1.0772921669385251,-1.0975561321398084,-1.147492017449012,0.7127828439288392,1.0,0.0,0.0,0.0,1.0,0.0,0.0,0.0,1
0.15404258087486586,-0.005003930766787923,-0.675298067182005,-0.6922348233857155,-1.3127837201560784,-0.5716429049327858,-0.8833518051881558,-0.8474126188597237,-1.0546387717139987,2.1298461519384597,0.0,0.0,0.0,0.0,0.0,0.0,1.0,0.0,1
0.37969089270328243,0.6318599850062238,0.8798024020379754,0.20320326801925534,-0.591219637231738,-0.22623933699756776,0.8170840947726771,-0.3160792088227349,-0.7296524116414519,0.7127828439288392,0.0,0.0,0.0,0.0,0.0,0.0,1.0,0.0,1
0.5301231005888934,0.995782222590802,0.03040723183116389,-0.6922348233857155,0.4266057203670158,-0.5716429049327858,-0.7890079217941112,0.02362044684996819,-1.0314254602802453,0.7127828439288392,0.0,1.0,0.0,1.0,0.0,0.0,0.0,0.0,1
-0.5981184585531893,0.17695718802550114,0.020572417887821316,-0.6922348233857155,-1.3202302288925913,1.8461820706137402,0.4669021490846899,-0.7695012525900867,0.8256394544200217,-0.7042804640807814,1.0,0.0,0.0,0.0,0.0,0.0,0.0,2.0,0
-1.1998472900956336,-0.45990672774751057,-0.5653664228706353,-0.6922348233857155,1.7003567009774365,-1.2624500408032218,0.6302426404670699,4.406496912031513,1.3943655845469785,-0.7042804640807814,1.0,0.0,0.0,0.0,0.0,0.0,1.0,3.0,0
1.1318519321313376,-0.5508872871436551,-0.41647293809552144,-0.6922348233857155,-1.2067553200737038,-0.9170464728680038,-1.0308152023148767,-0.6663754201818172,1.545252108866375,-0.7042804640807814,1.0,0.0,0.0,0.0,0.0,0.0,0.0,3.0,0
-1.124631186152828,-0.36892616835136605,-0.4246125282731264,-0.6922348233857155,-1.3537775348437173,0.11916423093765023,-1.0772921669385251,-1.0028160632243568,-1.547921639681257,-0.7042804640807814,1.0,0.0,1.0,0.0,0.0,0.0,0.0,1.0,0
0.07882647693206032,-0.7328484059359441,1.0055005709089795,-0.6922348233857155,1.4881715946634306,-1.2624500408032218,0.5771559368108192,4.084102422839443,-0.010039757195098423,-0.7042804640807814,0.0,0.0,0.0,0.0,0.0,1.0,0.0,1.0,1
0.6805553084745045,1.8146072571561027,0.5376329646394975,-0.6922348233857155,0.7528478652511683,-0.9170464728680038,1.5164457874505672,1.2717841670957601,-1.4898883610968736,0.7127828439288392,0.0,1.0,0.0,0.0,1.0,0.0,0.0,1.0,1
-0.6733345624959949,-0.6418678465397997,0.5834606186108581,1.9331292436255507,-1.420853138427561,0.11916423093765023,0.984767447180088,-0.6199487841170335,-0.7818823623673968,0.7127828439288392,0.0,0.0,1.0,0.0,0.0,0.0,0.0,1.0,1
1.5831485557881708,2.8153934105136926,-0.8400555754717399,-0.6922348233857155,-1.4397973037613896,0.8099713668080862,0.9326948731588034,-0.6702252479671564,-0.6077825266142468,2.1298461519384597,1.0,0.0,0.0,0.0,1.0,0.0,0.0,0.0,1
0.75577141241731,1.1777433413830911,-0.7724652112090589,1.9993789957154986,0.09685416469670176,-1.2624500408032218,-0.202617287717215,1.8858698159641492,-1.0140154767049303,0.7127828439288392,0.0,1.0,0.0,0.0,0.0,0.0,0.0,0.0,1
-1.3502794979812447,-1.0967706435205222,0.6082237806137067,-0.6922348233857155,-0.4297843650285117,-0.9170464728680038,-0.7411260893526126,-0.038548554317242176,0.4890464386305983,2.1298461519384597,1.0,0.0,0.0,0.0,0.0,1.0,0.0,2.0,1
-1.124631186152828,-0.8238289653320887,1.4445666713626124,1.5159886807372496,1.6989298890769018,0.11916423093765023,0.8524623053618887,0.27176281202381214,-1.164902001024327,2.1298461519384597,1.0,0.0,1.0,0.0,0.0,0.0,0.0,1.0,1
-0.823766770381606,-0.186965049559077,0.8709457227720808,-0.6922348233857155,-1.1557001648484881,-0.5716429049327858,1.183226651274497,-0.36692742927464084,-0.8283089852349036,0.7127828439288392,1.0,0.0,0.0,1.0,0.0,0.0,0.0,1.0,1
-0.3724701467247728,0.6318599850062238,0.6565785445957728,-0.6922348233857155,-0.5500796960963339,0.8099713668080862,0.3843191867220305,-0.5903889678048497,-0.6658158051986302,0.7127828439288392,1.0,0.0,0.0,0.0,0.0,0.0,0.0,0.0,1
0.75577141241731,1.2687239007792355,1.6488788766649627,-0.6922348233857155,-0.6514688784671442,-0.5716429049327858,-1.0772921669385251,-0.5610959712401649,0.059600177106161584,-0.7042804640807814,1.0,0.0,0.0,0.0,1.0,0.0,0.0,1.0,0
1.3575002439597543,0.17695718802550114,-1.1672762214814403,-0.14704550346022346,-1.369901340933691,0.8099713668080862,0.49398537580672364,-0.7411993008018257,-1.6930048361422154,2.1298461519384597,1.0,0.0,1.0,0.0,0.0,0.0,0.0,0.0,1
-1.0494150822100226,-0.45990672774751057,-0.9624230542352927,-0.6922348233857155,1.2795232235932983,-0.9170464728680038,0.2817071640687922,1.4179442130649007,1.42338222383917,-0.7042804640807814,1.0,0.0,0.0,0.0,1.0,0.0,0.0,3.0,0
1.5079324518453652,1.8146072571561027,-1.505493806075374,-0.6922348233857155,-0.9515995339575792,0.8099713668080862,-1.0772921669385251,-0.9600867865177702,-0.7122424280661368,-0.7042804640807814,0.0,0.0,0.0,0.0,0.0,0.0,0.0,0.0,1
0.003610372989254802,-0.005003930766787923,1.4834105695420985,1.6551044545082574,-1.2271488696861774,-0.5716429049327858,0.6386957092479337,-0.5082847197888037,-1.0546387717139987,0.7127828439288392,0.0,0.0,0.0,0.0,1.0,0.0,0.0,0.0,1
-0.6733345624959949,-0.09598449016293245,-0.35051961273834403,-0.6922348233857155,1.4125018551191635,0.11916423093765023,-1.0772921669385251,-0.18922547744046875,1.14482248663413,-0.7042804640807814,1.0,0.0,0.0,1.0,0.0,0.0,0.0,3.0,0
1.2822841400169487,0.5408794256100793,0.5493438471844403,1.5206679503493845,-0.8637727867712031,-0.22623933699756776,0.2999257046875347,-0.5172422398834048,1.1680357980678835,-0.7042804640807814,1.0,0.0,1.0,0.0,0.0,0.0,0.0,3.0,0
0.75577141241731,1.1777433413830911,-0.9680229538918713,-0.6922348233857155,-1.756947532346797,-0.9170464728680038,0.4247024253332215,-0.7867492434105421,0.5935063400824884,-0.7042804640807814,0.0,1.0,0.0,0.0,1.0,0.0,0.0,2.0,0
0.37969089270328243,0.3589183068177902,-0.007414499884751095,2.027596079678908,1.4788052457676633,1.8461820706137402,0.0588909523298757,-0.43753936959484757,0.8256394544200217,-0.7042804640807814,0.0,1.0,0.0,0.0,0.0,0.0,1.0,3.0,0
-1.124631186152828,-1.1877512029166668,-0.9031358267843879,1.4150796874504414,-1.6338888669903453,-0.9170464728680038,0.451588791596703,-0.6910181297186667,-0.17253293723137178,-0.7042804640807814,1.0,0.0,0.0,0.0,1.0,0.0,0.0,1.0,1
1.5831485557881708,0.6318599850062238,0.8526410802552103,-0.6922348233857155,0.14621757958356468,-0.9170464728680038,-1.0772921669385251,0.31935201984555467,-1.6291682296993937,-0.7042804640807814,0.0,1.0,0.0,1.0,0.0,0.0,0.0,0.0,1
1.5831485557881708,2.724412851117548,0.47183217796996063,-0.6922348233857155,1.1838519810037318,0.8099713668080862,-0.1421244549914919,-0.3289246738094608,-0.07967969149635844,-0.7042804640807814,1.0,0.0,0.0,1.0,0.0,0.0,0.0,0.0,1
1.2822841400169487,1.7236266977599581,-0.5523707557091734,0.1816242176916655,-0.4782306285521666,0.8099713668080862,0.29478048815719243,-0.5927712869789458,-0.5729625594636168,-0.7042804640807814,1.0,0.0,0.0,0.0,0.0,1.0,0.0,0.0,1
1.6583646597309762,2.3604906135329697,-0.5897820482758699,0.3739313167280586,-0.6483788387058694,-1.2624500408032218,-0.19093093504134184,0.7922519051803157,-0.6135858544726852,2.1298461519384597,0.0,1.0,0.0,0.0,0.0,1.0,0.0,0.0,1
-0.7485506664388004,-1.0967706435205222,0.723868549174543,-0.6922348233857155,-0.2643870464570227,0.8099713668080862,-1.0772921669385251,-0.8157182445675499,-0.43368269086109684,-0.7042804640807814,1.0,0.0,0.0,0.0,1.0,0.0,0.0,1.0,1
0.37969089270328243,-0.36892616835136605,-1.058964317873883,1.126064055755808,-0.04225583753579145,0.8099713668080862,1.7520877563375836,-0.21666979432605518,-1.4724783775215586,-0.7042804640807814,0.0,1.0,0.0,0.0,0.0,0.0,1.0,1.0,1
-0.6733345624959949,-0.45990672774751057,-1.1202597092847573,-0.6922348233857155,-0.5343764490511471,-0.22623933699756776,-0.6986459885844183,-0.591113192833775,-1.1765086567412035,0.7127828439288392,1.0,0.0,1.0,0.0,0.0,0.0,0.0,0.0,1
-0.07160573095355072,-0.186965049559077,0.6660878378345628,1.099762207726668,-0.7448032859123708,0.11916423093765023,-0.7147945116541419,-0.752939369691771,-0.9791955095543002,0.7127828439288392,1.0,0.0,0.0,0.0,0.0,0.0,1.0,0.0,1
1.1318519321313376,-0.09598449016293245,-0.5123521523784759,-0.6922348233857155,-1.2998794479965368,-1.2624500408032218,-0.10456288295288281,-0.14895475412154924,1.0635758966159934,-0.7042804640807814,0.0,0.0,0.0,0.0,0.0,0.0,0.0,2.0,0
0.9062036203029211,-1.0057900841243779,-0.9417092439919751,0.9661418552443303,1.0007757382924771,-0.5716429049327858,1.1960583738910378,0.6926328465963156,-1.0546387717139987,2.1298461519384597,0.0,1.0,1.0,0.0,0.0,0.0,0.0,1.0,1
0.8309875163601156,1.7236266977599581,-1.64058332590091,1.0895004606470324,1.6802470881211893,-0.9170464728680038,0.7233158790831866,1.7988103440659833,-1.391231787503422,2.1298461519384597,0.0,0.0,1.0,0.0,0.0,0.0,0.0,0.0,1
0.6805553084745045,1.7236266977599581,-1.290274298324827,2.4309926483343567,0.12280764744364905,0.11916423093765023,-0.19833408137659378,-0.39692559231485824,-0.5265359365961102,-0.7042804640807814,0.0,1.0,0.0,0.0,0.0,0.0,1.0,2.0,1
1.1318519321313376,1.7236266977599581,1.2191365069228868,-0.6922348233857155,0.8250141341087768,-0.5716429049327858,-1.0772921669385251,0.16263353529682054,0.007370226380216578,0.7127828439288392,0.0,1.0,1.0,0.0,0.0,0.0,0.0,1.0,1
-0.5981184585531893,-0.5508872871436551,0.1400778305533755,0.37057965384308755,-0.40734385712742743,-0.9170464728680038,-1.0772921669385251,-0.08766244641040621,-1.4492650660878053,0.7127828439288392,1.0,0.0,1.0,0.0,0.0,0.0,0.0,0.0,1
0.9062036203029211,0.8138211037985129,0.6497158762157365,1.0318257421718806,-1.1256064327481987,-0.22623933699756776,-0.8683665484644226,-0.8415997600749294,-1.6930048361422154,2.1298461519384597,1.0,0.0,0.0,0.0,0.0,0.0,0.0,0.0,1
-0.823766770381606,-1.1877512029166668,-1.0827886592940366,-0.6922348233857155,1.6374403550653436,-0.22623933699756776,0.9111446184157754,0.5216204470030052,1.5220387974326217,-0.7042804640807814,1.0,0.0,0.0,0.0,1.0,0.0,0.0,3.0,0
-0.5981184585531893,-0.6418678465397997,0.8235360696278704,0.8474516374314092,0.37072364028595256,-0.5716429049327858,-1.0772921669385251,-0.06004660254428487,-1.199721968174957,0.7127828439288392,1.0,0.0,0.0,0.0,0.0,1.0,0.0,0.0,1
-0.7485506664388004,-0.7328484059359441,0.07544545877988973,0.4549044450627011,-0.9057467178767782,1.8461820706137402,-0.45994969985562206,-0.8894939047509562,-1.339001836777477,-0.7042804640807814,1.0,0.0,0.0,0.0,0.0,0.0,1.0,0.0,1
1.4327163479025598,-0.6418678465397997,-0.8793177756193948,-0.6922348233857155,-1.7326406451819822,0.11916423093765023,-0.9826738719961956,-1.0957646281208882,-1.1010653945815052,2.1298461519384597,0.0,0.0,0.0,1.0,0.0,0.0,0.0,0.0,1
-1.5007117058668558,-1.1877512029166668,-0.01945404826182669,-0.39759318613416617,-1.7445612368638859,1.8461820706137402,1.5117271019137548,-0.6278962008818179,0.25691332429306496,0.7127828439288392,1.0,0.0,0.0,1.0,0.0,0.0,0.0,2.0,0
0.605339204531699,1.35970446017538,-0.7087952484751199,2.2577182063947636,-1.0214551041086595,-0.9170464728680038,-0.21096297806614123,-0.3700720905844476,1.4756121745651152,-0.7042804640807814,0.0,1.0,0.0,1.0,0.0,0.0,0.0,3.0,0
-1.1998472900956336,-1.0967706435205222,1.5891717746820986,-0.6922348233857155,0.27794760219397435,-0.9170464728680038,-1.0772921669385251,0.41620758818760345,-1.6117582461240787,0.7127828439288392,1.0,0.0,0.0,1.0,0.0,0.0,0.0,0.0,1
1.4327163479025598,2.724412851117548,0.7528320290607732,-0.6922348233857155,-1.2312582305221058,-0.22623933699756776,-1.0772921669385251,-0.9212263961499155,-0.42207603514422015,-0.7042804640807814,1.0,0.0,0.0,0.0,0.0,1.0,0.0,0.0,1
-1.3502794979812447,-1.0967706435205222,0.592881848277402,-0.6922348233857155,-1.368808362625205,-1.2624500408032218,0.2931220879306009,-0.1726826530955458,1.4001689124054169,-0.7042804640807814,0.0,1.0,0.0,0.0,0.0,0.0,0.0,3.0,0
1.5831485557881708,2.6334322917214035,0.20419282883991535,-0.6922348233857155,-0.36125700112622233,-0.5716429049327858,0.5140025051604206,-0.10816944986102496,0.43681648790465333,2.1298461519384597,1.0,0.0,0.0,1.0,0.0,0.0,0.0,1.0,1
-1.6511439137524666,-1.0967706435205222,-0.8179909329327185,1.753891453436074,0.4344644720090123,0.8099713668080862,-1.0772921669385251,-0.6689102077830553,-1.0836554110061902,0.7127828439288392,0.0,1.0,0.0,0.0,0.0,0.0,1.0,0.0,1
-0.974198978267217,-1.0057900841243779,-0.5852703627620467,-0.6922348233857155,-0.03436144529677905,-0.5716429049327858,1.121293157920278,0.17061906916839048,0.7037695693928167,-0.7042804640807814,1.0,0.0,0.0,0.0,0.0,0.0,1.0,2.0,0
-0.07160573095355072,0.6318599850062238,-0.16290174463179255,2.3615218176276835,0.8931506394637923,0.11916423093765023,1.5215760903098072,0.1654160840921647,-0.38725606799359014,-0.7042804640807814,1.0,0.0,0.0,0.0,0.0,0.0,1.0,1.0,1
0.8309875163601156,0.08597662862935661,-1.2093800443978227,-0.45824957873425987,-0.7784563256346438,1.8461820706137402,0.4347959979353539,-0.696087704921143,-0.9617855259789853,2.1298461519384597,1.0,0.0,0.0,1.0,0.0,0.0,0.0,1.0,1
0.07882647693206032,0.995782222590802,-0.8657434049831727,0.3477600529671643,0.9566990119629664,-0.22623933699756776,-0.34504284674553104,0.026098058791028073,-1.4202484267956137,2.1298461519384597,0.0,1.0,0.0,0.0,0.0,1.0,0.0,1.0,1
0.15404258087486586,0.8138211037985129,1.0164330343778183,0.13021754409230374,1.511032661609302,0.11916423093765023,0.8101104621651755,0.20822159501232243,-0.8167023295180269,-0.7042804640807814,0.0,1.0,0.0,1.0,0.0,0.0,0.0,0.0,1
-0.5229023546103838,0.44989886621393477,0.9622566392447681,0.5661840056526828,0.5494172775841574,0.8099713668080862,-1.0772921669385251,-0.6447630206344179,0.024780209955531582,-0.7042804640807814,1.0,0.0,0.0,0.0,0.0,1.0,0.0,0.0,0
1.4327163479025598,0.44989886621393477,-1.0509709761287582,-0.2913520018939949,1.2191646845270432,1.8461820706137402,-1.0134765682911782,-0.6850909196135158,0.5993096679409267,-0.7042804640807814,0.0,1.0,0.0,0.0,0.0,1.0,0.0,1.0,0
0.9814197242457267,0.26793774742164567,1.525390159919062,0.8223032837717722,0.31973145011546494,-0.9170464728680038,-1.0772921669385251,0.446929976256746,1.3479389616794717,-0.7042804640807814,0.0,1.0,1.0,0.0,0.0,0.0,0.0,3.0,0
-0.6733345624959949,-1.0967706435205222,-0.34099931155302327,-0.03410099345011004,1.6589221309067015,-0.22623933699756776,0.9601270797846342,0.539078081910781,0.6515396186668717,-0.7042804640807814,1.0,0.0,0.0,0.0,0.0,0.0,1.0,1.0,0
-1.4254956019240501,-0.7328484059359441,1.0132218591184154,0.14386360012397176,-1.2711650070007612,-1.2624500408032218,1.600409755757313,0.2261366352015247,0.23950334071774995,-0.7042804640807814,0.0,1.0,1.0,0.0,0.0,0.0,0.0,1.0,1
-1.1998472900956336,-0.36892616835136605,-1.7124636441830086,-0.6922348233857155,-0.2510622152526942,-0.9170464728680038,1.858726470188481,0.6004466238354951,-1.5595282953981335,0.7127828439288392,1.0,0.0,0.0,0.0,0.0,0.0,0.0,1.0,1
1.0566358281885322,1.5416655789676692,-1.4835644040223022,0.057199174098290735,-0.25362952625773644,-1.2624500408032218,-1.0772921669385251,1.1997047181643103,0.6109163236578034,-0.7042804640807814,1.0,0.0,1.0,0.0,0.0,0.0,0.0,2.0,0
0.22925868481767137,-0.8238289653320887,-1.1425665266474554,2.3984771655411956,-1.2880931025633928,0.11916423093765023,1.4423397557425357,-0.4915703684633459,0.5180630779227899,-0.7042804640807814,0.0,1.0,0.0,0.0,0.0,1.0,0.0,1.0,0
-0.29725404278196726,0.7228405444023683,1.2696960053386857,0.05765621903715042,-0.6374870722578234,-0.9170464728680038,1.3571319872658465,0.21839886252406074,-0.7992923459427118,2.1298461519384597,1.0,0.0,0.0,0.0,1.0,0.0,0.0,0.0,1
1.4327163479025598,0.7228405444023683,1.1666301745349326,-0.6922348233857155,-0.10207026348760424,-0.5716429049327858,1.8929414144317023,0.2880959922814146,0.8082294708447066,-0.7042804640807814,1.0,0.0,1.0,0.0,0.0,0.0,0.0,3.0,0
-0.5229023546103838,-1.0057900841243779,-0.7796549728574378,-0.6922348233857155,0.687732494503197,-1.2624500408032218,1.6749960076748431,3.1213405396503573,0.08281348853991492,-0.7042804640807814,1.0,0.0,0.0,1.0,0.0,0.0,0.0,0.0,1
0.6805553084745045,0.6318599850062238,-0.6654396647818108,-0.6922348233857155,-0.9867779912321308,-1.2624500408032218,0.057736634186546724,0.34315615303312236,-1.2229352796087103,-0.7042804640807814,1.0,0.0,1.0,0.0,0.0,0.0,0.0,0.0,1
-0.44768625066757833,-0.45990672774751057,1.1307820103756046,-0.6922348233857155,-1.091544714180144,-1.2624500408032218,0.0893387032526202,0.1952808372586327,-0.05066305220416676,-0.7042804640807814,0.0,0.0,0.0,0.0,0.0,0.0,0.0,0.0,1
0.45490699664608797,0.6318599850062238,0.6798776497100298,1.8827998902392153,0.7296874172903637,-0.22623933699756776,-1.0772921669385251,-0.20031755551505995,-1.5014950168137502,0.7127828439288392,1.0,0.0,1.0,0.0,0.0,0.0,0.0,0.0,1
1.6583646597309762,-1.1877512029166668,-0.7654028272276786,-0.6922348233857155,-0.3430446560511192,-0.22623933699756776,1.6229890538064091,-0.0674984969208573,-1.321591853202162,0.7127828439288392,0.0,1.0,0.0,0.0,0.0,1.0,0.0,0.0,1
0.003610372989254802,0.6318599850062238,1.2812166076650253,0.5539199664599477,-1.251491397448008,-0.22623933699756776,-0.019352131741973227,-0.7221216888556646,-1.3680184760696685,0.7127828439288392,1.0,0.0,0.0,0.0,0.0,0.0,1.0,0.0,1
-0.6733345624959949,0.17695718802550114,-1.0307902650102876,-0.2561921876688599,0.9247127641611349,-0.9170464728680038,-0.3798125795537631,1.0279299764352892,0.1466500949827366,-0.7042804640807814,0.0,1.0,0.0,0.0,0.0,0.0,1.0,0.0,1
-1.4254956019240501,-1.0057900841243779,1.0520563219151606,-0.6922348233857155,-0.7279238991656608,-1.2624500408032218,-1.0772921669385251,0.502218839649167,0.7618028479772,-0.7042804640807814,0.0,0.0,0.0,0.0,0.0,1.0,0.0,2.0,0
-0.823766770381606,-1.0967706435205222,0.021762848676933934,-0.6922348233857155,-0.30479397931380064,1.8461820706137402,0.26526633304546077,-0.6595333995138134,1.3653489452547867,-0.7042804640807814,1.0,0.0,0.0,0.0,1.0,0.0,0.0,3.0,0
-0.823766770381606,-1.0967706435205222,1.0416663929539096,1.219333869350247,-0.971526191749145,-0.9170464728680038,-1.0772921669385251,-0.5024909195574021,1.1100025194835001,-0.7042804640807814,0.0,1.0,1.0,0.0,0.0,0.0,0.0,3.0,0
1.6583646597309762,2.8153934105136926,0.7818143797124847,-0.6922348233857155,1.003578277237824,1.8461820706137402,1.2129406495790014,-0.28209780812342894,1.6845319774688952,-0.7042804640807814,1.0,0.0,0.0,0.0,0.0,0.0,0.0,3.0,0
1.5079324518453652,0.6318599850062238,-1.6912922178767693,2.142194657086799,-1.0564684266170377,-0.22623933699756776,1.0603797596694662,-0.4396167519146593,0.6631462743837483,-0.7042804640807814,0.0,0.0,1.0,0.0,0.0,0.0,0.0,2.0,0
0.45490699664608797,-0.45990672774751057,1.1788206890358586,-0.6922348233857155,1.0906233073296523,-1.2624500408032218,-0.4605462466997197,3.2968888749511467,0.744392864401885,-0.7042804640807814,0.0,0.0,0.0,1.0,0.0,0.0,0.0,2.0,0
1.2070680360741433,0.8138211037985129,-0.4013071329037089,-0.6922348233857155,1.5951492226463273,0.11916423093765023,0.09034686741914524,0.09245994170464747,-1.6581848689915852,0.7127828439288392,1.0,0.0,0.0,1.0,0.0,0.0,0.0,0.0,1
1.6583646597309762,1.4506850195715246,0.9461551585978406,-0.6922348233857155,-0.03634306249086072,1.8461820706137402,1.3454187899819892,-0.4091611835930155,0.23950334071774995,-0.7042804640807814,1.0,0.0,0.0,0.0,0.0,0.0,0.0,2.0,0
0.07882647693206032,0.5408794256100793,-0.712009568862103,-0.6922348233857155,0.10991644350301347,-0.5716429049327858,0.3208495852442601,0.08506522298825335,-0.06807303577948176,0.7127828439288392,1.0,0.0,0.0,0.0,1.0,0.0,0.0,0.0,1
-1.275063394038439,-1.0967706435205222,-1.1936308180398796,-0.6922348233857155,1.27939254140424,-0.22623933699756776,1.3036515626924914,0.46661746191147574,1.4814155024235534,-0.7042804640807814,0.0,1.0,0.0,1.0,0.0,0.0,0.0,3.0,0
0.75577141241731,-1.0057900841243779,0.12728974181220795,-0.6922348233857155,-0.7356460285190966,-0.9170464728680038,-0.6893488060191563,-0.25331939250034874,-0.5903725430389318,0.7127828439288392,1.0,0.0,0.0,0.0,0.0,0.0,1.0,0.0,1
0.5301231005888934,1.0867627819869465,-1.7347028413027321,-0.6922348233857155,-0.6755239054130469,0.11916423093765023,1.0126410984705512,-0.39530561527647295,-0.18413959294824844,-0.7042804640807814,1.0,0.0,1.0,0.0,0.0,0.0,0.0,0.0,1
1.5831485557881708,1.1777433413830911,-1.5693493313365459,0.40045080520427473,0.07425089806924505,1.8461820706137402,-1.0772921669385251,-0.865899415650709,0.13504343926585993,-0.7042804640807814,1.0,0.0,0.0,0.0,0.0,0.0,0.0,0.0,0
-0.5229023546103838,-0.09598449016293245,-0.5141134238233981,-0.6922348233857155,0.16848820063887338,1.8461820706137402,-1.0772921669385251,-0.8520438473341665,1.6787286496104568,-0.7042804640807814,1.0,0.0,0.0,1.0,0.0,0.0,0.0,3.0,0
0.15404258087486586,-0.7328484059359441,0.874031092928275,-0.6922348233857155,0.7861670713813927,-0.9170464728680038,1.1732255434332,1.229264534476494,-1.0024088209880535,0.7127828439288392,0.0,0.0,0.0,0.0,0.0,0.0,1.0,0.0,1
1.3575002439597543,1.9965683759483919,-0.7357804431133927,-0.6922348233857155,-0.776049397316173,-1.2624500408032218,-1.011379706134175,0.44431895444193675,-0.8457189688102186,-0.7042804640807814,0.0,0.0,0.0,1.0,0.0,0.0,0.0,0.0,1
1.0566358281885322,-0.45990672774751057,1.2076945327860527,-0.6922348233857155,-0.00689323717665782,-0.9170464728680038,-0.35389858464616075,0.34799702559488555,0.013173554238654912,-0.7042804640807814,1.0,0.0,0.0,0.0,0.0,1.0,0.0,0.0,1
-0.44768625066757833,-0.45990672774751057,-1.237654741343985,-0.6922348233857155,1.3350892903808207,-1.2624500408032218,-1.0772921669385251,3.5359784272634256,-1.1416886895905736,-0.7042804640807814,0.0,1.0,0.0,0.0,1.0,0.0,0.0,0.0,1
-1.1998472900956336,-0.8238289653320887,-0.5934791457464165,2.3452205481416875,0.009431344276505358,1.8461820706137402,0.48831221531935487,-0.5697676130338745,-1.6233649018409553,0.7127828439288392,1.0,0.0,0.0,0.0,0.0,1.0,0.0,0.0,1
-1.3502794979812447,-0.6418678465397997,0.6902408450868491,-0.6922348233857155,1.365553684690075,-0.22623933699756776,-1.0157523945014106,0.045461549038080716,-0.6948324444908218,0.7127828439288392,1.0,0.0,0.0,0.0,0.0,1.0,0.0,0.0,1
-1.124631186152828,-0.7328484059359441,1.4069194942273997,-0.6922348233857155,1.1983327555712746,0.11916423093765023,1.272282146895616,0.2065063252069733,-0.24217287153263178,2.1298461519384597,0.0,0.0,0.0,1.0,0.0,0.0,0.0,2.0,1
0.9062036203029211,1.7236266977599581,-0.7800198076567432,1.6072126741291737,-1.2194006038949299,-0.9170464728680038,-0.36013548190120176,-0.5447437324291696,-1.2577552467593403,2.1298461519384597,1.0,0.0,0.0,1.0,0.0,0.0,0.0,0.0,1
-0.3724701467247728,-1.0057900841243779,0.5141262811049461,-0.6922348233857155,1.4571036862447078,-0.5716429049327858,-1.0772921669385251,0.47246843780305564,1.1912491095016366,-0.7042804640807814,1.0,0.0,0.0,0.0,0.0,0.0,1.0,3.0,0
-0.7485506664388004,-0.6418678465397997,0.06910330901437955,-0.6922348233857155,-1.2786661646526987,0.11916423093765023,1.436177426843007,-0.4900075670851389,-0.5323392644545485,2.1298461519384597,1.0,0.0,0.0,0.0,0.0,0.0,0.0,1.0,1
0.37969089270328243,-0.45990672774751057,0.3175400817034021,-0.6922348233857155,1.234721805124465,-0.22623933699756776,0.056319835431814784,0.20665879363411543,0.465833127196845,0.7127828439288392,1.0,0.0,0.0,0.0,0.0,0.0,1.0,1.0,1
-0.8989828743244115,-0.45990672774751057,-0.11570596016303697,-0.6922348233857155,-0.32902720924478257,0.11916423093765023,-1.0772921669385251,-0.7014240998711182,1.4001689124054169,-0.7042804640807814,0.0,1.0,0.0,0.0,1.0,0.0,0.0,3.0,0
-1.124631186152828,-0.7328484059359441,1.0472883085035496,-0.6922348233857155,-0.008770308619492972,-0.9170464728680038,0.1149484592697327,0.43816304169607256,0.4542264714799683,-0.7042804640807814,1.0,0.0,0.0,1.0,0.0,0.0,0.0,2.0,0
-0.14682183489635625,0.8138211037985129,0.3842954145935352,1.3600057723178485,-0.6321124702278321,0.11916423093765023,0.8347448640921883,-0.41726106878494207,-0.4917159694454802,-0.7042804640807814,0.0,1.0,0.0,1.0,0.0,0.0,0.0,2.0,0
1.2070680360741433,-0.8238289653320887,0.9969190903063538,-0.6922348233857155,0.3772114169627391,-0.5716429049327858,-0.8921478884043759,-0.020728806895003764,1.17964245378476,-0.7042804640807814,0.0,0.0,1.0,0.0,0.0,0.0,0.0,3.0,0
0.3044747887604769,0.08597662862935661,-0.6560593217738098,-0.6922348233857155,1.1543748312318167,-0.22623933699756776,-0.15597925544566002,0.1356847407994461,-1.6465782132747087,0.7127828439288392,1.0,0.0,0.0,0.0,0.0,1.0,0.0,0.0,1
0.5301231005888934,1.0867627819869465,-1.5407664118875222,-0.6922348233857155,0.8371747058105873,-1.2624500408032218,-0.8302412396581413,2.8519860045503624,1.04036258518224,-0.7042804640807814,1.0,0.0,1.0,0.0,0.0,0.0,0.0,3.0,0
-0.22203793883916176,-0.186965049559077,0.8557295955389848,1.3121575200281799,0.669275417328585,0.11916423093765023,1.130790183678313,0.02327739288889836,0.9475093394472267,-0.7042804640807814,1.0,0.0,0.0,1.0,0.0,0.0,0.0,3.0,0
-1.124631186152828,-0.36892616835136605,-1.10718855906137,-0.2016950197210183,-1.739578681401069,-0.9170464728680038,-1.0772921669385251,-1.067214915138521,0.8372461101368983,-0.7042804640807814,0.0,1.0,0.0,1.0,0.0,0.0,0.0,2.0,0
-0.7485506664388004,-0.186965049559077,-1.7522730965296216,-0.6922348233857155,-1.529823075783644,-0.5716429049327858,-0.09576083426822185,-0.8000521136786944,-1.3099851974852852,0.7127828439288392,0.0,1.0,0.0,1.0,0.0,0.0,0.0,0.0,1
-0.3724701467247728,-0.8238289653320887,1.2537832323465714,1.3472955702086074,-1.053902303631896,1.8461820706137402,-1.0772921669385251,-1.0318041229347577,0.7037695693928167,-0.7042804640807814,0.0,1.0,0.0,0.0,0.0,0.0,0.0,2.0,0
0.8309875163601156,2.0875489353445364,1.3674497156594503,-0.6922348233857155,-0.39346659666935313,-0.5716429049327858,-0.76035279413788,-0.37277840516622074,-0.18413959294824844,0.7127828439288392,1.0,0.0,0.0,0.0,1.0,0.0,0.0,0.0,1
0.9814197242457267,0.17695718802550114,-0.42684556885508135,-0.6922348233857155,-1.4169433649349212,-0.22623933699756776,1.049603140930842,-0.574246373081175,-0.4685026580117268,-0.7042804640807814,0.0,1.0,0.0,1.0,0.0,0.0,0.0,1.0,1
-1.1998472900956336,-0.36892616835136605,1.6049021302745605,-0.6922348233857155,-0.2375817534413964,0.8099713668080862,1.6041560699382462,-0.2865765681707295,1.2434790602275818,-0.7042804640807814,1.0,0.0,0.0,0.0,0.0,0.0,1.0,3.0,0
-0.5981184585531893,-0.09598449016293245,1.1992891793279192,-0.6922348233857155,0.7671670691122392,-0.9170464728680038,-0.17849293334190566,0.9513908260099315,0.7618028479772,-0.7042804640807814,0.0,0.0,0.0,0.0,0.0,0.0,1.0,3.0,0
1.0566358281885322,-0.36892616835136605,1.2555004720053704,-0.6922348233857155,-1.2422687989602046,-0.9170464728680038,-1.0772921669385251,-0.7015575097448675,-0.6426024937648769,0.7127828439288392,0.0,1.0,0.0,1.0,0.0,0.0,0.0,0.0,1
0.45490699664608797,-0.5508872871436551,-1.2303769161233598,0.7353015150531234,-1.0408542810643906,-0.22623933699756776,-0.0036540015395433384,-0.6416183593246111,-1.4376584103709287,0.7127828439288392,1.0,0.0,0.0,0.0,0.0,0.0,0.0,0.0,1
1.4327163479025598,1.2687239007792355,-0.5057285136945362,1.8228834751591803,-0.9111735927823927,0.11916423093765023,0.4963805113857757,-0.5654222628603233,1.3305289781041567,-0.7042804640807814,1.0,0.0,1.0,0.0,0.0,0.0,0.0,3.0,0
1.4327163479025598,-0.5508872871436551,-0.3365583914097551,-0.27099173807003096,1.0749438206824762,-0.5716429049327858,-0.731476944149333,0.352647312622721,-0.11449965864698844,-0.7042804640807814,1.0,0.0,0.0,0.0,0.0,1.0,0.0,1.0,1
0.22925868481767137,-0.5508872871436551,-0.015426712395357176,-0.6922348233857155,-0.9391574015393434,1.8461820706137402,-0.14673277936214632,-0.8332521136888968,-0.04485972434572843,0.7127828439288392,1.0,0.0,0.0,0.0,0.0,1.0,0.0,2.0,1
1.6583646597309762,3.0883350887021264,0.22899530493751674,-0.6922348233857155,1.6365457760802458,-0.9170464728680038,-0.8302382569239208,1.4633607457998676,-0.7644723787920819,-0.7042804640807814,0.0,1.0,0.0,0.0,0.0,1.0,0.0,0.0,1
-1.6511439137524666,-0.9148095247282333,0.4184923867732486,1.03065048375767,-1.407811055959558,-0.9170464728680038,-1.0772921669385251,-0.823284490264479,-1.6988081640006536,0.7127828439288392,0.0,1.0,0.0,0.0,1.0,0.0,0.0,0.0,1
-1.6511439137524666,-1.0967706435205222,1.332104771912957,-0.3753829785100558,1.0352615799650207,0.8099713668080862,-1.0772921669385251,-0.5426854086627506,1.3653489452547867,-0.7042804640807814,1.0,0.0,1.0,0.0,0.0,0.0,0.0,3.0,0
-1.1998472900956336,-0.7328484059359441,1.2005063437014636,-0.6922348233857155,-0.04346880585423112,0.11916423093765023,-0.25449896674838834,-0.4568075670749364,0.41360317647089995,-0.7042804640807814,1.0,0.0,1.0,0.0,0.0,0.0,0.0,1.0,0
-0.07160573095355072,0.995782222590802,1.4098476080045828,2.4882212038930027,1.3966904982630286,-1.2624500408032218,-1.0772921669385251,3.6265637315392536,-0.4452893465779735,-0.7042804640807814,0.0,1.0,0.0,0.0,0.0,1.0,0.0,2.0,1
-1.5759278098096612,-0.9148095247282333,0.5858005935305405,0.034738679960042915,-0.8254829053771671,-0.22623933699756776,-0.19073407458278963,-0.5989653168315955,1.4814155024235534,-0.7042804640807814,1.0,0.0,0.0,0.0,1.0,0.0,0.0,2.0,0
0.8309875163601156,0.8138211037985129,0.3996389194936301,1.90619623829989,-0.4148652111176738,-0.5716429049327858,0.5791424378016644,-0.12173913987667602,0.28592996358525663,0.7127828439288392,1.0,0.0,0.0,0.0,0.0,1.0,0.0,3.0,0
1.0566358281885322,0.8138211037985129,0.11742347659306318,-0.4270508206459088,0.6947299317173103,0.8099713668080862,-0.5776096166512238,-0.5166895418350146,1.35374228953791,-0.7042804640807814,0.0,0.0,0.0,0.0,0.0,1.0,0.0,2.0,0
0.9814197242457267,0.5408794256100793,1.4261393688701136,1.2069065998222048,-1.7136857876690488,-0.22623933699756776,1.5342944690259692,-0.5887118151062861,-1.0198188045633685,-0.7042804640807814,0.0,1.0,0.0,1.0,0.0,0.0,0.0,0.0,1
0.003610372989254802,-1.1877512029166668,-1.4557205895546297,1.5235081581837269,-0.37989346930581414,1.8461820706137402,1.3573169167875168,-0.45736026512332667,1.580072076017005,-0.7042804640807814,0.0,1.0,0.0,0.0,0.0,0.0,0.0,3.0,0
-0.3724701467247728,-0.6418678465397997,1.0648601362942292,-0.6922348233857155,-1.3891710237202648,-0.5716429049327858,1.8704038746616927,-0.3472208850665184,0.3555698978865166,-0.7042804640807814,1.0,0.0,0.0,0.0,0.0,1.0,0.0,2.0,0
0.37969089270328243,1.35970446017538,-1.137561056103538,-0.6922348233857155,-0.2864283796715294,0.11916423093765023,0.3156029557504212,-0.4169561319306578,0.1640600785580516,0.7127828439288392,1.0,0.0,1.0,0.0,0.0,0.0,0.0,2.0,1
-0.44768625066757833,0.3589183068177902,-0.46884874768889656,0.0137581408619122,-0.30979079101542384,0.11916423093765023,-0.4739476715523736,-0.5779818495461576,0.47743978291372163,0.7127828439288392,1.0,0.0,0.0,0.0,1.0,0.0,0.0,1.0,0
-1.0494150822100226,-0.186965049559077,0.28134123581887976,-0.6922348233857155,1.6227302926569989,0.8099713668080862,0.2901214573047897,-0.15232811807206922,1.0171492737484866,-0.7042804640807814,1.0,0.0,1.0,0.0,0.0,0.0,0.0,3.0,0
0.5301231005888934,-1.0967706435205222,0.9914339878064532,0.3274868453220307,1.274150997603108,-0.5716429049327858,0.11948519801909539,0.6164367501320277,-0.9966054931296152,0.7127828439288392,1.0,0.0,0.0,0.0,0.0,1.0,0.0,0.0,1
-1.4254956019240501,-0.9148095247282333,-0.954215843814713,-0.6922348233857155,-1.7617186202673196,-0.22623933699756776,-0.8774907324448964,-1.0772397142231174,-1.2519519189009019,-0.7042804640807814,0.0,1.0,0.0,0.0,0.0,0.0,0.0,0.0,1
-1.1998472900956336,-1.0967706435205222,0.13172437170031573,-0.6922348233857155,1.649785069851736,-0.5716429049327858,0.7809959934389892,0.9297212508023539,1.2841023552366502,-0.7042804640807814,1.0,0.0,0.0,1.0,0.0,0.0,0.0,3.0,0
1.6583646597309762,-0.36892616835136605,1.4820707451929254,0.40843820961196553,-0.29206078201993535,0.8099713668080862,-1.0772921669385251,-0.8215311033523444,-1.7162181475759686,2.1298461519384597,1.0,0.0,1.0,0.0,0.0,0.0,0.0,0.0,1
-1.124631186152828,-1.0057900841243779,-0.9865446102117769,-0.6922348233857155,-0.5595743511413582,-0.9170464728680038,1.5569871109754443,0.31470173281771924,1.24928238808602,-0.7042804640807814,1.0,0.0,0.0,1.0,0.0,0.0,0.0,3.0,0
-1.124631186152828,-0.5508872871436551,-0.5709458791979425,-0.6922348233857155,0.9328744608777663,-0.5716429049327858,1.6401427583084374,0.7460349132028525,-1.0198188045633685,0.7127828439288392,1.0,0.0,0.0,0.0,0.0,0.0,0.0,0.0,1
-0.974198978267217,-0.2779456089552215,-0.19737234291098496,0.6684641337560701,0.5812764072566322,-0.22623933699756776,-0.7346416251572709,-0.1879866714699388,1.1738391259263217,-0.7042804640807814,0.0,1.0,1.0,0.0,0.0,0.0,0.0,3.0,0
0.22925868481767137,1.0867627819869465,-1.0768978353362877,-0.6922348233857155,0.32552542317034283,-0.9170464728680038,-0.6717566395867163,0.5303683230102859,1.59748205959232,-0.7042804640807814,1.0,0.0,0.0,1.0,0.0,0.0,0.0,3.0,0
-0.22203793883916176,0.6318599850062238,1.1468363141088287,1.5492332590281153,-1.0972436456429795,-0.22623933699756776,-1.0189409373831126,-0.8605820792541267,-0.8108990016595885,0.7127828439288392,1.0,0.0,0.0,0.0,1.0,0.0,0.0,0.0,1
-0.6733345624959949,0.26793774742164567,0.7916193149438152,-0.6922348233857155,-0.9218788401060558,0.8099713668080862,1.201949273976502,-0.5088564763905867,1.5916787317338819,-0.7042804640807814,1.0,0.0,0.0,0.0,0.0,1.0,0.0,3.0,0
-0.3724701467247728,-0.36892616835136605,0.8134134765109378,2.2853150150840063,0.0847993267660383,-0.22623933699756776,0.754166299125697,-0.07984843951937119,1.2608890438028968,-0.7042804640807814,0.0,1.0,0.0,0.0,0.0,0.0,0.0,3.0,0
-0.44768625066757833,-0.2779456089552215,0.5111053860641463,-0.6922348233857155,0.22059000139645465,-1.2624500408032218,1.2446978208245403,2.3503839378060922,-0.8108990016595885,0.7127828439288392,1.0,0.0,0.0,1.0,0.0,0.0,0.0,0.0,1
1.5831485557881708,0.08597662862935661,-0.22418298296855574,0.5181181129159383,0.12247381385160053,1.8461820706137402,-1.0772921669385251,-0.8588096337885992,-1.3854284596449835,0.7127828439288392,1.0,0.0,0.0,0.0,0.0,0.0,1.0,1.0,1
0.45490699664608797,-1.0967706435205222,-0.6367513835588497,2.08999359585561,0.09031173910449089,-0.9170464728680038,-0.42277290053145594,0.4060112621224724,-0.5903725430389318,-0.7042804640807814,0.0,1.0,0.0,0.0,1.0,0.0,0.0,1.0,1
-0.5981184585531893,-0.7328484059359441,1.0781325746827504,-0.6922348233857155,-0.8331872144320949,-1.2624500408032218,1.043843481151079,0.761548575664566,-1.182311984599642,0.7127828439288392,1.0,0.0,0.0,0.0,0.0,0.0,0.0,0.0,1
0.07882647693206032,0.44989886621393477,-1.3101971089817197,2.5386920235699377,0.68101899404531,-0.9170464728680038,0.4341905028885948,1.0076516756253837,1.2202657487938284,-0.7042804640807814,0.0,1.0,0.0,0.0,0.0,1.0,0.0,3.0,0
0.9814197242457267,-0.8238289653320887,1.1098920729877946,-0.6922348233857155,0.08278444501474183,1.8461820706137402,-0.6496575617471185,-0.781165087266461,1.3189223223872801,-0.7042804640807814,0.0,1.0,0.0,1.0,0.0,0.0,0.0,3.0,0
0.6805553084745045,1.9055878165522473,0.39781946318847383,1.1793533192223775,-0.5387673706035008,-0.22623933699756776,1.6812060603218997,-0.1280856381564679,-0.8167023295180269,2.1298461519384597,1.0,0.0,0.0,0.0,1.0,0.0,0.0,1.0,1
-0.5229023546103838,0.26793774742164567,0.2746059451058423,-0.15140919442409817,0.9290003279821426,0.8099713668080862,1.8828896001086568,0.012909539843232374,-0.1899429208066868,-0.7042804640807814,0.0,1.0,0.0,1.0,0.0,0.0,0.0,2.0,1
-0.44768625066757833,-1.0967706435205222,-0.8661444087496506,1.4059279066508938,1.5139670707636077,-1.2624500408032218,1.4723400965322069,4.2967958787027385,1.59748205959232,-0.7042804640807814,1.0,0.0,0.0,0.0,0.0,1.0,0.0,2.0,0
0.003610372989254802,-0.005003930766787923,-1.2532860254176699,-0.6922348233857155,0.5942971053664254,-0.9170464728680038,-1.0772921669385251,0.6488172323463411,-1.1358853617321352,-0.7042804640807814,0.0,0.0,1.0,0.0,0.0,0.0,0.0,0.0,1
0.003610372989254802,-0.36892616835136605,-0.28263517904691254,-0.15877632355762228,-1.6600633214387908,1.8461820706137402,1.64321199182132,-0.589798152649674,0.500653094347475,-0.7042804640807814,1.0,0.0,0.0,0.0,0.0,1.0,0.0,2.0,0
0.605339204531699,0.995782222590802,-0.9588234557197328,-0.6922348233857155,0.3354940981556781,0.11916423093765023,-0.6784290160379486,-0.4281053856654273,0.431013160046215,-0.7042804640807814,1.0,0.0,0.0,0.0,0.0,1.0,0.0,2.0,0
-0.5229023546103838,0.44989886621393477,-1.718579344762743,-0.21341495779606331,-1.717142925579587,1.8461820706137402,-0.8695566594183975,-1.088770139025742,-1.2983785417684086,-0.7042804640807814,1.0,0.0,0.0,0.0,1.0,0.0,0.0,0.0,1
-1.5007117058668558,-0.8238289653320887,-0.17387509475917415,-0.6922348233857155,-1.1450163018830346,0.11916423093765023,-0.6647203695605844,-0.8608679575550182,-1.2983785417684086,-0.7042804640807814,1.0,0.0,0.0,0.0,0.0,0.0,1.0,0.0,1
0.6805553084745045,0.8138211037985129,-0.3318925946445012,-0.6922348233857155,-0.2829581735420854,-0.5716429049327858,0.9968862963179319,0.02449714030603553,-0.3002061501170151,-0.7042804640807814,0.0,1.0,0.0,0.0,0.0,0.0,0.0,1.0,1
0.75577141241731,0.8138211037985129,0.9249176846124166,-0.6922348233857155,1.3073537777830806,-0.22623933699756776,1.8050790124987786,0.5747938109688289,-0.9385722145452319,2.1298461519384597,1.0,0.0,1.0,0.0,0.0,0.0,0.0,0.0,1
0.9814197242457267,0.9048016631946574,-0.8485159686625271,0.8667454630647006,1.6883980926587159,-0.22623933699756776,-1.0772921669385251,0.15215133093079794,-1.0778520831477518,-0.7042804640807814,1.0,0.0,0.0,0.0,1.0,0.0,0.0,0.0,1
-0.3724701467247728,-0.36892616835136605,-1.2275635995028547,1.7158805493542428,0.6769428977665964,-1.2624500408032218,-0.9085499438828409,2.601080149134567,-0.42207603514422015,-0.7042804640807814,1.0,0.0,0.0,0.0,0.0,0.0,1.0,2.0,1
0.9062036203029211,0.5408794256100793,-1.5783758474917724,-0.6922348233857155,-0.05830123431233041,-1.2624500408032218,-1.0772921669385251,1.486936176346722,0.24530666857618827,2.1298461519384597,1.0,0.0,0.0,0.0,0.0,0.0,0.0,0.0,1
-0.6733345624959949,-0.2779456089552215,1.0782174931274162,-0.6922348233857155,-1.5067647975342848,1.8461820706137402,1.208478479185151,-0.6521386807974192,-0.04485972434572843,0.7127828439288392,0.0,1.0,0.0,1.0,0.0,0.0,0.0,0.0,1
0.37969089270328243,0.44989886621393477,1.6377860116895326,1.700787184349519,0.5372970985589649,0.8099713668080862,-0.9999796959434686,-0.6322034339485836,-0.08548301935479677,0.7127828439288392,1.0,0.0,0.0,0.0,0.0,1.0,0.0,0.0,1
-0.5229023546103838,-0.36892616835136605,0.44143451990715094,-0.6922348233857155,-1.5990097907307268,0.11916423093765023,1.0143561706473319,-0.6665660057157449,-0.2653861829663851,0.7127828439288392,0.0,1.0,1.0,0.0,0.0,0.0,0.0,0.0,1
-1.6511439137524666,-1.0057900841243779,-0.04015842312240366,-0.6922348233857155,0.4200799270534123,-0.22623933699756776,0.4113815343045208,-0.023492297136955175,-1.5363149839643804,2.1298461519384597,1.0,0.0,0.0,1.0,0.0,0.0,0.0,0.0,1
-0.6733345624959949,-1.0057900841243779,0.03851851586054685,-0.6922348233857155,0.9564376475848501,-0.5716429049327858,-0.24051889145695973,0.39042136544718786,-0.11449965864698844,-0.7042804640807814,1.0,0.0,0.0,1.0,0.0,0.0,0.0,1.0,1
1.3575002439597543,2.3604906135329697,-1.4578466957988572,-0.2549298730758188,-0.8732519975575206,0.8099713668080862,-1.0772921669385251,-0.9436201963864184,1.6903353053273336,-0.7042804640807814,1.0,0.0,0.0,0.0,0.0,0.0,0.0,3.0,0
-0.5981184585531893,-0.45990672774751057,-0.08680695539220126,1.5412893827098397,0.9015927088769483,0.8099713668080862,0.046357503135383886,-0.3514137668129274,-1.1068687224399436,-0.7042804640807814,1.0,0.0,0.0,1.0,0.0,0.0,0.0,0.0,1
-1.3502794979812447,-0.7328484059359441,0.6645514430116262,-0.6922348233857155,1.6020658745072047,-0.22623933699756776,1.6918723178943658,0.6610337650711057,-0.0738763636379201,-0.7042804640807814,1.0,0.0,0.0,1.0,0.0,0.0,0.0,1.0,1
-0.07160573095355072,0.6318599850062238,0.6866884234849926,-0.6922348233857155,-0.3260904240506759,0.11916423093765023,-0.9079414661018613,-0.6675189333853833,-0.027449740770413428,2.1298461519384597,0.0,0.0,0.0,1.0,0.0,0.0,0.0,0.0,1
-1.1998472900956336,-0.7328484059359441,1.584249650019057,-0.6922348233857155,0.7408476762359292,1.8461820706137402,-1.0772921669385251,-0.7678812755517014,-0.47430598587016515,-0.7042804640807814,0.0,1.0,0.0,0.0,0.0,0.0,0.0,1.0,0
0.15404258087486586,0.6318599850062238,-1.2674563977303432,-0.6922348233857155,-0.6723126876219181,0.11916423093765023,-1.0772921669385251,-0.8023963157460049,1.5046288138573067,-0.7042804640807814,0.0,1.0,0.0,0.0,0.0,0.0,0.0,3.0,0
-1.124631186152828,-0.45990672774751057,-1.4456325928410794,-0.6922348233857155,1.4933454213302326,0.11916423093765023,-0.2055642291270574,0.00475247899112752,-0.5961758708973701,2.1298461519384597,0.0,1.0,0.0,0.0,0.0,0.0,0.0,0.0,1
-0.07160573095355072,0.995782222590802,0.6025877119899556,1.3215269412748036,-1.2162689834371367,0.8099713668080862,1.705551137029525,-0.47237840519682817,0.6805562579590634,-0.7042804640807814,1.0,0.0,0.0,0.0,0.0,1.0,0.0,2.0,0
0.9814197242457267,0.9048016631946574,1.4085266544208912,-0.6922348233857155,0.4457886777008507,1.8461820706137402,1.5416469088794729,-0.2999556726524529,-1.008212148846492,2.1298461519384597,1.0,0.0,0.0,0.0,0.0,0.0,1.0,0.0,1
1.5831485557881708,-0.45990672774751057,-0.06811388961917389,-0.6922348233857155,-0.08935845055194848,-0.5716429049327858,0.2693347825222068,-0.02265372078767337,1.24928238808602,-0.7042804640807814,1.0,0.0,0.0,1.0,0.0,0.0,0.0,2.0,0
0.6805553084745045,-0.09598449016293245,-0.5981748212236824,-0.6922348233857155,-1.7140849623556262,-0.9170464728680038,1.3467580376469883,-0.5752183593042062,1.5394487810079367,-0.7042804640807814,0.0,1.0,0.0,1.0,0.0,0.0,0.0,3.0,0
-1.1998472900956336,-1.1877512029166668,1.0606991325056006,0.47782198413980864,-1.427555946706343,-0.9170464728680038,-1.0772921669385251,-0.8378071079497685,0.55288304507342,2.1298461519384597,1.0,0.0,0.0,0.0,0.0,0.0,0.0,2.0,1
1.6583646597309762,2.906373969909837,0.15029163237013438,1.4460390410470088,1.155903812843797,0.11916423093765023,1.2112404910733232,0.1821113768642298,-1.4840850332384352,-0.7042804640807814,1.0,0.0,0.0,0.0,0.0,0.0,0.0,0.0,1
0.3044747887604769,0.9048016631946574,1.0888637499864553,2.2474346952704205,1.6972262685395438,-0.9170464728680038,1.3481539572621768,1.9332874968053568,1.2724956995197734,-0.7042804640807814,0.0,1.0,0.0,0.0,1.0,0.0,0.0,3.0,0
1.1318519321313376,1.4506850195715246,0.7174178925075153,0.5336576408371679,0.7432641087136043,0.8099713668080862,1.3702053113542467,-0.12619884137058382,-1.1765086567412035,0.7127828439288392,1.0,0.0,0.0,0.0,0.0,0.0,0.0,0.0,1
1.0566358281885322,1.8146072571561027,1.5673099928720013,-0.6922348233857155,0.33477653413575886,-0.5716429049327858,1.321082661477025,0.39057383387433003,-0.6948324444908218,2.1298461519384597,1.0,0.0,1.0,0.0,0.0,0.0,0.0,1.0,1
0.37969089270328243,0.44989886621393477,0.2886426494963565,1.150222145381249,-0.9662478193310965,-1.2624500408032218,0.32529982470122865,0.4255843964568455,-0.42207603514422015,0.7127828439288392,1.0,0.0,1.0,0.0,0.0,0.0,0.0,1.0,1
1.2070680360741433,0.08597662862935661,0.05291690992278616,0.7055065378484128,0.9600028953063363,1.8461820706137402,-1.0772921669385251,-0.7356532617645302,-1.5885449346903253,0.7127828439288392,0.0,1.0,0.0,0.0,0.0,0.0,0.0,1.0,1
0.9062036203029211,-1.1877512029166668,1.436304421209379,-0.6922348233857155,-1.662935953558269,-0.5716429049327858,0.7389245272590018,-0.7023198518805783,0.779212831552515,-0.7042804640807814,0.0,1.0,0.0,0.0,0.0,1.0,0.0,2.0,0
-1.0494150822100226,-0.8238289653320887,-1.0618656980666343,-0.6922348233857155,-1.1937274938445075,-0.22623933699756776,-0.775788443728907,-0.8485751906166826,-0.9385722145452319,2.1298461519384597,0.0,1.0,0.0,0.0,0.0,0.0,1.0,0.0,1
0.003610372989254802,0.9048016631946574,-0.31768133567328494,-0.6922348233857155,-0.1613916611806977,-0.9170464728680038,0.3707984525005571,0.3758987477618984,1.2957090109535268,-0.7042804640807814,0.0,1.0,0.0,0.0,0.0,0.0,0.0,3.0,0
1.6583646597309762,-1.0057900841243779,1.0736114537861867,2.499560271185665,-0.20917025752025548,-0.9170464728680038,1.6972531704281268,0.5997223988065699,-1.5421183118228186,2.1298461519384597,1.0,0.0,0.0,0.0,0.0,0.0,0.0,0.0,1
-1.0494150822100226,-0.9148095247282333,-0.4942079113681966,0.389372906448104,0.6228773001134414,1.8461820706137402,-1.0772921669385251,-0.7852245591391206,-0.0738763636379201,-0.7042804640807814,1.0,0.0,0.0,0.0,0.0,1.0,0.0,1.0,0
0.8309875163601156,-0.005003930766787923,-1.7637732555266898,-0.6922348233857155,0.6536909722734512,0.11916423093765023,-0.4903885025757051,-0.2978211146724628,-1.5247083282475036,0.7127828439288392,0.0,1.0,0.0,0.0,0.0,0.0,0.0,0.0,1
1.3575002439597543,2.4514711729291143,0.5151185688565049,-0.6922348233857155,1.4821008129717295,-0.9170464728680038,-1.0772921669385251,1.3015917446020497,-0.015843085053536758,-0.7042804640807814,1.0,0.0,1.0,0.0,0.0,0.0,0.0,1.0,1
0.22925868481767137,0.3589183068177902,1.3874495819420583,0.7744659135044576,-1.2314637579648973,1.8461820706137402,0.3511213548479958,-0.7790495878398637,0.1814700621333666,-0.7042804640807814,1.0,0.0,1.0,0.0,0.0,0.0,0.0,1.0,0
0.5301231005888934,-0.5508872871436551,0.5076976403309799,-0.6922348233857155,-1.1532801683111116,1.8461820706137402,-1.0772921669385251,-1.046422033387011,1.1506258144925685,-0.7042804640807814,0.0,0.0,0.0,0.0,0.0,0.0,1.0,3.0,0
-1.5759278098096612,-0.8238289653320887,-0.366065978367363,-0.6922348233857155,0.24665991009365376,-1.2624500408032218,-1.0772921669385251,1.9353839376785613,-0.20154957652356345,-0.7042804640807814,1.0,0.0,0.0,0.0,0.0,0.0,0.0,1.0,1
0.37969089270328243,1.4506850195715246,-1.4245146337037038,0.7745638517056418,-0.09797991097008436,0.8099713668080862,0.2342697590261464,-0.52471319281337,-0.43948601871953513,-0.7042804640807814,1.0,0.0,0.0,1.0,0.0,0.0,0.0,2.0,1
1.3575002439597543,2.3604906135329697,0.3896688650643382,-0.360953416868914,-1.686153426474299,1.8461820706137402,1.1566654030410488,-0.6886358105445706,0.2278966850008733,2.1298461519384597,1.0,0.0,0.0,0.0,0.0,0.0,1.0,0.0,1
-1.3502794979812447,-0.9148095247282333,0.6034636300210464,-0.6922348233857155,-1.0090996971431623,1.8461820706137402,1.1976064129514712,-0.5810693351957861,-0.3930593958520285,-0.7042804640807814,0.0,1.0,0.0,0.0,0.0,0.0,0.0,2.0,0
-0.07160573095355072,0.3589183068177902,-0.14446186162897276,-0.6922348233857155,-1.6116229980146386,1.8461820706137402,-1.0772921669385251,-1.1138130781838398,1.3769556009716635,-0.7042804640807814,1.0,0.0,0.0,1.0,0.0,0.0,0.0,3.0,0
0.6805553084745045,0.44989886621393477,0.2035496502497607,0.9363795241066811,-1.623068381736331,-0.5716429049327858,1.404757304564383,-0.5527864419609179,0.4890464386305983,-0.7042804640807814,1.0,0.0,0.0,0.0,1.0,0.0,0.0,3.0,0
-1.275063394038439,-0.45990672774751057,0.9549033309622178,0.3917343052988791,-1.3152310411511672,0.8099713668080862,-1.0772921669385251,-1.0364734685159858,-0.6019791987558085,2.1298461519384597,1.0,0.0,0.0,0.0,0.0,0.0,0.0,0.0,1
0.37969089270328243,-1.1877512029166668,0.20808492422043548,0.681674908893586,-1.2946889890511275,-0.5716429049327858,0.1303363851132318,-0.6406273145481871,-0.021646412911975093,-0.7042804640807814,1.0,0.0,0.0,0.0,1.0,0.0,0.0,1.0,1
0.9814197242457267,0.44989886621393477,1.5565300680908032,-0.3763950065889594,0.6853018057867155,0.8099713668080862,-1.0772921669385251,-0.6162133076520508,1.4930221581404302,-0.7042804640807814,1.0,0.0,0.0,0.0,0.0,0.0,1.0,3.0,0
-0.5981184585531893,-1.1877512029166668,0.8359703315162633,-0.6922348233857155,0.4364068845463765,-0.5716429049327858,0.9630292801811693,0.3704861185983522,0.09442014425679159,-0.7042804640807814,1.0,0.0,0.0,0.0,0.0,0.0,1.0,0.0,1
-1.1998472900956336,-0.9148095247282333,1.4458388754688107,-0.6922348233857155,-1.3733703590432347,-0.9170464728680038,0.43351043948632345,-0.5030055004990068,1.35374228953791,-0.7042804640807814,1.0,0.0,0.0,0.0,0.0,0.0,1.0,3.0,0
-0.5981184585531893,0.17695718802550114,-0.12256391085170294,-0.6922348233857155,-0.10781077564695833,1.8461820706137402,1.1074592366056535,-0.4661462582373929,1.6032853874507584,-0.7042804640807814,1.0,0.0,0.0,0.0,0.0,1.0,0.0,3.0,0
-0.3724701467247728,0.3589183068177902,1.4386852827876042,-0.6922348233857155,-0.23164878205815667,0.8099713668080862,1.1696074868237476,-0.37016738335141147,1.1158058473419383,-0.7042804640807814,0.0,1.0,0.0,0.0,0.0,1.0,0.0,3.0,0
-1.1998472900956336,-1.0967706435205222,0.6930887581107368,-0.39686409063646144,-0.983685575431055,0.11916423093765023,-0.4301760468667079,-0.7676335143575954,0.848852765853775,-0.7042804640807814,1.0,0.0,0.0,0.0,1.0,0.0,0.0,1.0,0
-1.5007117058668558,-0.9148095247282333,-0.658814453534081,-0.6922348233857155,0.8226024537107037,-0.22623933699756776,-1.0772921669385251,-0.16614556928182628,1.4988254859988686,-0.7042804640807814,0.0,1.0,0.0,0.0,0.0,1.0,0.0,3.0,0
-0.29725404278196726,-0.36892616835136605,0.003308812600003148,-0.6922348233857155,1.2736128245881686,-0.5716429049327858,-0.6048539110211638,0.4747554642101878,-0.027449740770413428,-0.7042804640807814,1.0,0.0,0.0,0.0,0.0,0.0,0.0,1.0,1
0.07882647693206032,-0.45990672774751057,1.3290838768721576,-0.6922348233857155,-0.14613629763801023,0.8099713668080862,-1.0772921669385251,-0.7908849494967728,-0.9501788702621086,-0.7042804640807814,1.0,0.0,0.0,0.0,1.0,0.0,0.0,0.0,1
-1.6511439137524666,-1.0967706435205222,-0.7931916019626973,-0.6922348233857155,-1.7634650095210966,-0.5716429049327858,1.123246848834698,-0.6765717462469483,-1.1939186403165185,0.7127828439288392,1.0,0.0,0.0,0.0,1.0,0.0,0.0,0.0,1
1.2822841400169487,-0.2779456089552215,-1.344449120894087,0.8149688007053095,-0.07248737994454214,0.8099713668080862,-1.0772921669385251,-0.7754094041418449,-0.12030298650542677,-0.7042804640807814,1.0,0.0,0.0,1.0,0.0,0.0,0.0,0.0,1
1.1318519321313376,0.9048016631946574,0.8750170904246733,-0.6922348233857155,1.004594034252776,0.11916423093765023,-0.8051504793953937,-0.2560828827423001,-0.8457189688102186,-0.7042804640807814,0.0,1.0,0.0,0.0,1.0,0.0,0.0,0.0,1
-0.44768625066757833,-0.8238289653320887,1.6602437951760813,-0.6922348233857155,0.11680933496588028,-0.5716429049327858,-1.0772921669385251,-0.18451801475245497,-0.10869633078855011,2.1298461519384597,1.0,0.0,0.0,0.0,0.0,0.0,0.0,0.0,1
1.5079324518453652,-0.005003930766787923,-0.6761142277890717,0.8480719127055759,-0.7128621828667595,-1.2624500408032218,-0.5319767658119734,0.6308259579435679,1.0693792244744318,-0.7042804640807814,0.0,0.0,0.0,0.0,0.0,0.0,0.0,2.0,0
-1.3502794979812447,-1.1877512029166668,-0.8814045677688697,-0.6922348233857155,0.39955213119217897,-0.22623933699756776,-0.1011774796126286,-0.13111594814591807,1.2202657487938284,-0.7042804640807814,0.0,1.0,0.0,0.0,1.0,0.0,0.0,3.0,0
0.9814197242457267,0.995782222590802,1.3447010078717314,2.503488681255387,-0.21193715586858652,0.11916423093765023,-1.0772921669385251,-0.6669852938903857,-0.4801093137286035,2.1298461519384597,1.0,0.0,0.0,1.0,0.0,0.0,0.0,0.0,1
-0.974198978267217,-0.45990672774751057,1.1281542562823321,-0.6922348233857155,-0.5429670209518692,0.8099713668080862,0.31434424190937515,-0.602548324869436,0.3149466028774483,-0.7042804640807814,0.0,1.0,0.0,1.0,0.0,0.0,0.0,1.0,0
1.5079324518453652,1.2687239007792355,-0.37481257816795005,-0.6922348233857155,-0.8397236999248031,-0.22623933699756776,1.2908347537470533,-0.3149356956191688,-1.6930048361422154,-0.7042804640807814,1.0,0.0,1.0,0.0,0.0,0.0,0.0,0.0,1
-1.6511439137524666,-1.0057900841243779,-1.164143674411543,-0.6922348233857155,-0.5269156840758277,0.11916423093765023,-0.9426038204781558,-0.7333471768040052,-0.12030298650542677,-0.7042804640807814,1.0,0.0,0.0,1.0,0.0,0.0,0.0,1.0,1
-0.3724701467247728,0.44989886621393477,-1.584178607877275,-0.6922348233857155,0.5546219927683731,0.11916423093765023,-0.5039748569500293,-0.3296107817316004,1.057772568757555,-0.7042804640807814,0.0,1.0,0.0,0.0,1.0,0.0,0.0,3.0,0
0.9062036203029211,-1.0057900841243779,0.6525103220707604,0.3994061310583097,-0.9098655828719108,1.8461820706137402,1.5611718870867892,-0.49549643046225617,-1.0430321159971219,-0.7042804640807814,0.0,1.0,0.0,0.0,0.0,1.0,0.0,0.0,1
-0.14682183489635625,0.3589183068177902,0.04532771707171943,-0.6922348233857155,-0.8237876009791127,0.8099713668080862,-1.0772921669385251,-0.9332332847873597,0.22209335714243494,0.7127828439288392,1.0,0.0,0.0,0.0,0.0,0.0,0.0,0.0,1
-0.8989828743244115,-0.36892616835136605,0.6308938602119202,-0.6922348233857155,1.5197432235199775,-0.22623933699756776,-1.0772921669385251,0.09013479819072973,-1.391231787503422,-0.7042804640807814,0.0,0.0,0.0,0.0,0.0,0.0,1.0,0.0,1
-0.974198978267217,-1.0967706435205222,-0.6465264400781682,-0.6922348233857155,-0.41846134735657387,0.11916423093765023,0.23251889403871978,-0.47201629268236556,-0.7238490837830135,0.7127828439288392,0.0,1.0,0.0,0.0,0.0,1.0,0.0,0.0,1
-0.22203793883916176,-0.186965049559077,-1.0084425609890466,0.016598348696254584,1.0298917300146315,-0.22623933699756776,-0.7642243831560739,-0.028828692086930313,-0.6716191330570686,2.1298461519384597,1.0,0.0,0.0,1.0,0.0,0.0,0.0,1.0,1
1.3575002439597543,-0.2779456089552215,-1.716012920657285,1.66221041510529,0.5024999956724828,-1.2624500408032218,-1.0772921669385251,2.311618840205201,0.07701016068147659,0.7127828439288392,0.0,0.0,0.0,0.0,1.0,0.0,0.0,1.0,1
-1.0494150822100226,-0.6418678465397997,0.1086375626977234,0.3265727554443113,1.0241654740940838,-0.5716429049327858,-0.45870589968567843,0.3810064400711603,-0.13190964222230345,0.7127828439288392,1.0,0.0,0.0,0.0,0.0,0.0,1.0,2.0,1
-0.44768625066757833,-0.45990672774751057,-1.1753324657781694,-0.6922348233857155,1.0922128779565596,-0.5716429049327858,-1.0772921669385251,0.2936229727653174,1.35374228953791,-0.7042804640807814,0.0,1.0,1.0,0.0,0.0,0.0,0.0,3.0,0
1.5831485557881708,-1.0057900841243779,0.7590122047559021,0.727292346600725,1.7075596656343413,-0.22623933699756776,1.0856286048458996,0.5814643046562978,-0.0390563964872901,-0.7042804640807814,0.0,1.0,1.0,0.0,0.0,0.0,0.0,1.0,1
0.9814197242457267,0.3589183068177902,-1.1862460584815269,-0.6922348233857155,-0.7413710964197437,-0.5716429049327858,-0.9491091638130408,-0.5801545246329332,-1.0662454274308752,0.7127828439288392,0.0,1.0,0.0,0.0,0.0,1.0,0.0,0.0,1
-1.0494150822100226,-0.7328484059359441,0.6706419825707188,-0.6922348233857155,1.488896286802753,0.11916423093765023,-0.7202767771513994,-0.09705831323304101,0.37878320932027,0.7127828439288392,1.0,0.0,0.0,1.0,0.0,0.0,0.0,3.0,0
0.605339204531699,-0.6418678465397997,-0.5507132734743984,-0.6922348233857155,-0.2652352926660001,-0.9170464728680038,1.3046477959221345,0.4818452460722977,-1.6233649018409553,0.7127828439288392,1.0,0.0,0.0,0.0,0.0,0.0,1.0,0.0,1
1.0566358281885322,1.0867627819869465,1.3387268380331068,-0.6922348233857155,-0.5328225190212558,0.8099713668080862,0.46179272536499344,-0.5716353512663657,0.6283263072331183,-0.7042804640807814,0.0,1.0,1.0,0.0,0.0,0.0,0.0,2.0,0
0.75577141241731,1.2687239007792355,-0.00821178972633643,-0.6922348233857155,0.20552234499805072,0.11916423093765023,-0.5270761334877111,-0.4367960860125296,0.030583537813969917,0.7127828439288392,1.0,0.0,0.0,1.0,0.0,0.0,0.0,0.0,1
-0.7485506664388004,-0.8238289653320887,-0.9281301556643826,-0.6922348233857155,-1.5233008465297422,-1.2624500408032218,-1.0772921669385251,-0.6674045820650267,-0.9153589031114786,2.1298461519384597,0.0,0.0,1.0,0.0,0.0,0.0,0.0,0.0,1
0.5301231005888934,-0.36892616835136605,-0.46302239884654217,-0.6922348233857155,-0.2901171814626706,-0.5716429049327858,1.635289849731703,0.1456142471170784,-0.5439459201714252,-0.7042804640807814,1.0,0.0,0.0,1.0,0.0,0.0,0.0,0.0,1
1.5831485557881708,0.9048016631946574,-1.75225108063656,-0.6922348233857155,-0.07371104044208658,-1.2624500408032218,0.1849651623614749,1.7107026517312152,-0.4917159694454802,2.1298461519384597,1.0,0.0,0.0,0.0,0.0,0.0,1.0,1.0,1
-0.5229023546103838,-0.9148095247282333,0.7714983612493688,0.2872124805906086,0.20120508067952986,1.8461820706137402,-1.0772921669385251,-0.8472410918791888,0.7676061758356384,-0.7042804640807814,0.0,1.0,1.0,0.0,0.0,0.0,0.0,2.0,0
-1.3502794979812447,-1.1877512029166668,-0.3226128957190672,-0.6922348233857155,-0.9036249143344341,1.8461820706137402,0.015459359345345649,-0.7963547543204973,1.2260690766522668,-0.7042804640807814,1.0,0.0,0.0,0.0,0.0,1.0,0.0,2.0,0
1.2070680360741433,-0.8238289653320887,-0.26734356875189125,0.5978289266575397,-1.570897675824519,-0.9170464728680038,0.014633141966270392,-0.7300309885136634,0.5296697336396666,-0.7042804640807814,0.0,1.0,1.0,0.0,0.0,0.0,0.0,2.0,0
-0.22203793883916176,0.17695718802550114,-1.5551553705670207,1.9315404683618955,-0.8968591410009239,-0.9170464728680038,1.5616998310438157,0.06762664663387032,-1.1242787060152586,0.7127828439288392,1.0,0.0,0.0,0.0,0.0,0.0,1.0,1.0,1
1.4327163479025598,-1.1877512029166668,-0.7237062983329348,2.4178254012862563,0.12200929807049385,0.8099713668080862,0.9974291539460608,-0.3294964304112438,0.6341296350915566,-0.7042804640807814,0.0,1.0,0.0,0.0,0.0,0.0,1.0,2.0,0
-0.22203793883916176,0.6318599850062238,-1.0200260658669906,-0.6922348233857155,0.45227645437763725,0.11916423093765023,-1.0772921669385251,-0.47163512161451016,0.23950334071774995,0.7127828439288392,1.0,0.0,1.0,0.0,0.0,0.0,0.0,0.0,1
-0.823766770381606,-0.45990672774751057,0.744442401240541,-0.6922348233857155,-1.392703006884536,-0.9170464728680038,1.8742873946167684,-0.2359189332527512,-0.21895956009887846,-0.7042804640807814,0.0,0.0,0.0,1.0,0.0,0.0,0.0,0.0,1
0.37969089270328243,-0.36892616835136605,-1.5220591930403837,2.3188425259560708,0.5020093434535645,-0.5716429049327858,-1.0772921669385251,0.004314132263093848,0.4426198157630916,-0.7042804640807814,1.0,0.0,0.0,1.0,0.0,0.0,0.0,2.0,0
-1.5759278098096612,-1.0967706435205222,0.14928833667204475,-0.3746538830123511,0.4348363222378777,-0.5716429049327858,0.8159059147555842,0.34100253649973955,-1.0894587388646286,0.7127828439288392,1.0,0.0,1.0,0.0,0.0,0.0,0.0,1.0,1
-0.5229023546103838,0.3589183068177902,-1.1610818927122004,0.35064378889092185,1.3624054319536745,-0.22623933699756776,-1.0772921669385251,0.03229208864367779,0.29753661930213327,2.1298461519384597,1.0,0.0,0.0,0.0,0.0,0.0,1.0,2.0,1
0.8309875163601156,-1.0057900841243779,-1.2800479159977471,-0.2561595416017985,-1.06013703206987,0.11916423093765023,1.7112123665800119,-0.3720351215839028,-1.1532953453074501,0.7127828439288392,1.0,0.0,0.0,0.0,1.0,0.0,0.0,0.0,1
-0.07160573095355072,0.9048016631946574,0.20697626674840852,-0.6922348233857155,-1.6798462288223928,-0.9170464728680038,0.9945448499548486,-0.6188052709134674,-1.2809685581930936,2.1298461519384597,0.0,0.0,0.0,0.0,1.0,0.0,0.0,0.0,1
-0.7485506664388004,-0.36892616835136605,1.6056428078197018,-0.6922348233857155,-0.5767840074204152,0.8099713668080862,0.4316432478642978,-0.5867678426602237,-0.47430598587016515,0.7127828439288392,1.0,0.0,0.0,1.0,0.0,0.0,0.0,1.0,1
-0.3724701467247728,-1.0967706435205222,0.8446901977324185,-0.6922348233857155,1.588073376118779,-0.5716429049327858,-0.39962091751202583,0.6689811818358901,-1.6407748854162703,2.1298461519384597,1.0,0.0,1.0,0.0,0.0,0.0,0.0,0.0,1
-0.3724701467247728,0.6318599850062238,0.3136542765780424,0.8080913625777065,-1.7013256286239493,0.8099713668080862,0.8647183602738752,-0.7384358105598743,-0.04485972434572843,0.7127828439288392,1.0,0.0,1.0,0.0,0.0,0.0,0.0,1.0,1
1.1318519321313376,2.2695100541368256,0.3835201406450114,-0.6922348233857155,0.5785083208884007,0.11916423093765023,-0.0477447787868013,-0.2335175555252624,0.3033399471605716,0.7127828439288392,1.0,0.0,0.0,1.0,0.0,0.0,0.0,3.0,0
-0.6733345624959949,-0.7328484059359441,0.7879049192715774,-0.29051408617275215,1.50082400660406,1.8461820706137402,-1.0772921669385251,-0.6561219184565078,1.1390191587756917,-0.7042804640807814,1.0,0.0,0.0,0.0,0.0,0.0,0.0,3.0,0
-1.275063394038439,-0.45990672774751057,0.6502521204681637,1.3244977333773917,0.4584006969648621,0.8099713668080862,0.9068703602778156,-0.27649459342595506,1.7193519446195251,-0.7042804640807814,1.0,0.0,0.0,0.0,0.0,0.0,1.0,3.0,0
1.0566358281885322,-1.0967706435205222,0.08760452200501362,-0.6922348233857155,0.654018865765997,-0.9170464728680038,-1.0772921669385251,0.6927281393632795,-0.973392181695862,0.7127828439288392,1.0,0.0,0.0,0.0,0.0,0.0,1.0,0.0,1
-1.1998472900956336,-0.9148095247282333,-1.0551524232466585,-0.6922348233857155,-0.9013213437473093,1.8461820706137402,-1.0772921669385251,-1.0093722055914691,0.6283263072331183,-0.7042804640807814,1.0,0.0,0.0,0.0,0.0,1.0,0.0,2.0,0
-0.6733345624959949,-0.45990672774751057,0.3218599144348319,-0.6922348233857155,1.349229103236912,-1.2624500408032218,-1.0772921669385251,3.556771309014936,0.13504343926585993,-0.7042804640807814,1.0,0.0,0.0,0.0,1.0,0.0,0.0,1.0,1
0.22925868481767137,0.08597662862935661,0.10340564296803029,-0.6922348233857155,0.4482193664173322,-0.9170464728680038,-1.0370282376961537,0.5492553494225193,1.4117755681222934,-0.7042804640807814,1.0,0.0,0.0,0.0,0.0,1.0,0.0,2.0,0
1.4327163479025598,-0.6418678465397997,0.7436608370368567,-0.6922348233857155,0.2919757411794158,-0.22623933699756776,-0.9566375849855533,-0.33767254981674144,-0.42207603514422015,-0.7042804640807814,1.0,0.0,0.0,0.0,0.0,0.0,1.0,1.0,0
1.2070680360741433,1.1777433413830911,-1.634258474337091,0.9513858329325744,-0.9619305550125757,0.11916423093765023,-0.7629567211123663,-0.8262004489335726,0.44842314362152996,-0.7042804640807814,1.0,0.0,0.0,0.0,1.0,0.0,0.0,2.0,0
0.15404258087486586,1.2687239007792355,-0.5116649420021981,-0.6922348233857155,-0.9872425070132376,-0.22623933699756776,-1.0772921669385251,-0.831517785330155,-0.3292227894092068,-0.7042804640807814,1.0,0.0,1.0,0.0,0.0,0.0,0.0,0.0,1
-0.14682183489635625,-1.0057900841243779,-1.581121543869303,2.156569808616172,0.49673809915491923,-0.9170464728680038,-0.2909449961885348,0.7305974849547101,-0.7006357723492602,2.1298461519384597,1.0,0.0,0.0,0.0,1.0,0.0,0.0,0.0,1
1.2070680360741433,-0.2779456089552215,-0.16979271916005081,-0.6922348233857155,-1.4433637395027763,-1.2624500408032218,1.0695367537263654,-0.13071571852466993,0.6631462743837483,-0.7042804640807814,0.0,1.0,0.0,0.0,1.0,0.0,0.0,1.0,0
0.15404258087486586,-0.005003930766787923,-0.06976193647120826,-0.6922348233857155,0.8861460741302757,-1.2624500408032218,-1.0772921669385251,2.8757901377379302,1.4175788959807318,-0.7042804640807814,1.0,0.0,0.0,0.0,1.0,0.0,0.0,3.0,0
0.605339204531699,-0.9148095247282333,0.14746416267551812,-0.6922348233857155,-1.5925315182131445,-0.5716429049327858,-1.0772921669385251,-1.02238919755873,1.2841023552366502,-0.7042804640807814,0.0,1.0,0.0,0.0,0.0,0.0,1.0,3.0,0
0.37969089270328243,-0.9148095247282333,-0.8219836723958056,-0.6922348233857155,1.0977728110910332,1.8461820706137402,-1.0772921669385251,-0.7153940195080174,0.42520983218777664,-0.7042804640807814,0.0,1.0,0.0,1.0,0.0,0.0,0.0,2.0,0
0.605339204531699,-0.6418678465397997,0.39192234897556455,-0.6922348233857155,-1.422298958646504,-0.22623933699756776,-0.28204750000881823,-0.836206189464776,-0.2073529043820018,-0.7042804640807814,1.0,0.0,0.0,0.0,1.0,0.0,0.0,1.0,0
0.45490699664608797,0.3589183068177902,-1.5491009999751006,-0.6922348233857155,-1.0537906297612463,0.11916423093765023,1.7053751557105163,-0.37129183800158483,0.44842314362152996,-0.7042804640807814,0.0,1.0,1.0,0.0,0.0,0.0,0.0,2.0,0
